timestamp,actual,selected,lower,upper,naive_1,naive_24,naive_168,fold
2012-04-01 00:00:00,67,80.351668288786229,0,197.49696732965054,112,92,80,2012_Q2
2012-04-01 01:00:00,62,56.586716656079972,0,173.73201569694427,67,82,89,2012_Q2
2012-04-01 02:00:00,81,46.097860750347472,0,163.24315979121178,62,69,35,2012_Q2
2012-04-01 03:00:00,25,33.05454025157001,0,150.19983929243432,81,31,18,2012_Q2
2012-04-01 04:00:00,12,7.0800066062120575,0,124.22530564707635,25,8,8,2012_Q2
2012-04-01 05:00:00,18,7.1514342985117443,0,124.29673333937605,12,5,6,2012_Q2
2012-04-01 06:00:00,97,27.321987247413393,0,144.46728628827771,18,23,18,2012_Q2
2012-04-01 07:00:00,84,137.74197868090246,20.596679640038161,254.88727772176676,97,44,39,2012_Q2
2012-04-01 08:00:00,125,133.81310386649076,16.667804825626462,250.95840290735507,84,145,89,2012_Q2
2012-04-01 09:00:00,275,148.63201167663871,31.48671263577441,265.77731071750304,125,223,118,2012_Q2
2012-04-01 10:00:00,360,301.60229318369272,184.45699414282842,418.74759222455702,275,313,250,2012_Q2
2012-04-01 11:00:00,451,340.17344919738412,223.02815015651981,457.31874823824842,360,463,323,2012_Q2
2012-04-01 12:00:00,445,365.53936300498236,248.39406396411806,482.68466204584666,451,621,360,2012_Q2
2012-04-01 13:00:00,464,344.14780299622242,227.00250395535812,461.29310203708673,445,638,367,2012_Q2
2012-04-01 14:00:00,561,339.46483469344423,222.31953565257993,456.61013373430853,464,551,414,2012_Q2
2012-04-01 15:00:00,573,385.03326890039773,267.88796985953343,502.17856794126203,561,605,421,2012_Q2
2012-04-01 16:00:00,511,422.94296795561843,305.79766891475413,540.08826699648273,573,535,492,2012_Q2
2012-04-01 17:00:00,555,378.41597760691423,261.27067856604992,495.56127664777853,511,543,419,2012_Q2
2012-04-01 18:00:00,432,415.56556715374978,298.42026811288548,532.71086619461403,555,341,491,2012_Q2
2012-04-01 19:00:00,346,334.11729680418483,216.97199776332053,451.26259584504913,432,284,375,2012_Q2
2012-04-01 20:00:00,232,274.8683687386478,157.7230696977835,392.0136677795121,346,208,259,2012_Q2
2012-04-01 21:00:00,134,166.11390518667838,48.968606145814078,283.25920422754268,232,143,149,2012_Q2
2012-04-01 22:00:00,68,97.864240823551,0,215.0095398644153,134,156,111,2012_Q2
2012-04-01 23:00:00,63,52.322119514354853,0,169.46741855521915,68,112,65,2012_Q2
2012-04-02 00:00:00,17,29.723687262300132,0,146.86898630316443,63,67,33,2012_Q2
2012-04-02 01:00:00,5,9.712158312616932,0,126.85745735348124,17,62,28,2012_Q2
2012-04-02 02:00:00,5,6.2866902768052375,0,123.43198931766953,5,81,20,2012_Q2
2012-04-02 04:00:00,4,3.632039995244166,0,120.77733903610847,5,12,4,2012_Q2
2012-04-02 05:00:00,24,25.240903031873703,0,142.386202072738,4,18,36,2012_Q2
2012-04-02 06:00:00,110,88.378882106434418,0,205.52418114729872,24,97,117,2012_Q2
2012-04-02 07:00:00,306,281.58679032582114,164.44149128495684,398.73208936668544,110,84,370,2012_Q2
2012-04-02 08:00:00,589,459.89646768180268,342.75116864093837,577.04176672266703,306,125,657,2012_Q2
2012-04-02 09:00:00,317,300.19126591280593,183.04596687194163,417.33656495367023,589,275,282,2012_Q2
2012-04-02 10:00:00,204,232.47966647844814,115.33436743758384,349.62496551931247,317,360,153,2012_Q2
2012-04-02 11:00:00,209,161.00757658623803,43.862277545373729,278.15287562710233,204,451,178,2012_Q2
2012-04-02 12:00:00,281,181.88105533826163,64.73575629739733,299.02635437912591,209,445,279,2012_Q2
2012-04-02 13:00:00,281,363.19964804977235,246.05434900890805,480.34494709063665,281,464,301,2012_Q2
2012-04-02 14:00:00,268,356.16025345474583,239.01495441388153,473.30555249561013,281,561,217,2012_Q2
2012-04-02 15:00:00,324,313.21627457926968,196.07097553840538,430.36157362013398,268,573,223,2012_Q2
2012-04-02 16:00:00,395,445.01009310737157,327.86479406650727,562.15539214823593,324,511,305,2012_Q2
2012-04-02 17:00:00,729,492.29720206058266,375.15190301971836,609.44250110144696,395,555,664,2012_Q2
2012-04-02 18:00:00,618,517.00092991434371,399.85563087347941,634.14622895520802,729,432,684,2012_Q2
2012-04-02 19:00:00,494,466.40098289380876,349.25568385294446,583.54628193467306,618,346,458,2012_Q2
2012-04-02 20:00:00,329,321.20881025053978,204.06351120967548,438.35410929140409,494,232,221,2012_Q2
2012-04-02 21:00:00,238,227.40930443512923,110.26400539426493,344.55460347599353,329,134,186,2012_Q2
2012-04-02 22:00:00,123,174.81584009957149,57.670541058707187,291.96113914043576,238,68,93,2012_Q2
2012-04-02 23:00:00,66,60.296112128890201,0,177.4414111697545,123,63,48,2012_Q2
2012-04-03 00:00:00,33,24.574631426464499,0,141.71993046732879,66,17,10,2012_Q2
2012-04-03 01:00:00,11,9.828760880031945,0,126.97405992089625,33,5,5,2012_Q2
2012-04-03 02:00:00,5,5.4217890892239469,0,122.56708813008825,11,5,7,2012_Q2
2012-04-03 03:00:00,3,3.183968331741641,0,120.32926737260594,5,5,4,2012_Q2
2012-04-03 04:00:00,1,3.551623564198604,0,120.69692260506291,3,4,3,2012_Q2
2012-04-03 05:00:00,27,21.290520356586146,0,138.43581939745044,1,24,17,2012_Q2
2012-04-03 06:00:00,100,99.578919320560004,0,216.72421836142431,27,110,101,2012_Q2
2012-04-03 07:00:00,341,297.95587083460259,180.81057179373829,415.10116987546689,100,306,286,2012_Q2
2012-04-03 08:00:00,604,514.78776825270722,397.64246921184292,631.93306729357153,341,589,581,2012_Q2
2012-04-03 09:00:00,408,301.72385225487471,184.57855321401041,418.86915129573902,604,317,267,2012_Q2
2012-04-03 10:00:00,219,198.4278471207837,81.282548079919394,315.57314616164797,408,204,138,2012_Q2
2012-04-03 11:00:00,258,192.52857074781721,75.383271706952911,309.67386978868149,219,209,175,2012_Q2
2012-04-03 12:00:00,331,284.52328130259417,167.37798226172987,401.66858034345847,258,281,220,2012_Q2
2012-04-03 13:00:00,345,357.81407110229372,240.66877206142942,474.95937014315803,331,281,211,2012_Q2
2012-04-03 14:00:00,311,349.64540504624648,232.50010600538218,466.79070408711078,345,268,184,2012_Q2
2012-04-03 15:00:00,316,342.21621301195154,225.07091397108724,459.36151205281584,311,324,200,2012_Q2
2012-04-03 16:00:00,485,413.54652674655279,296.40122770568848,530.69182578741709,316,395,305,2012_Q2
2012-04-03 17:00:00,757,522.44108348527675,405.29578444441245,639.58638252614105,485,729,614,2012_Q2
2012-04-03 18:00:00,800,517.56769873945632,400.42239969859202,634.71299778032062,757,618,644,2012_Q2
2012-04-03 19:00:00,558,422.94232082723056,305.79702178636626,540.08761986809486,800,494,417,2012_Q2
2012-04-03 20:00:00,379,358.1506830047685,241.00538396390419,475.2959820456328,558,329,294,2012_Q2
2012-04-03 21:00:00,243,280.10847775338624,162.96317871252194,397.25377679425054,379,238,221,2012_Q2
2012-04-03 22:00:00,158,173.26142555370177,56.116126512837468,290.40672459456607,243,123,134,2012_Q2
2012-04-03 23:00:00,79,82.289983026660124,0,199.43528206752444,158,66,64,2012_Q2
2012-04-04 00:00:00,41,34.406515756963252,0,151.55181479782755,79,33,30,2012_Q2
2012-04-04 01:00:00,11,12.267859103134532,0,129.41315814399883,41,11,8,2012_Q2
2012-04-04 02:00:00,5,5.5436875601307509,0,122.68898660099505,11,5,3,2012_Q2
2012-04-04 03:00:00,3,4.0891124080712675,0,121.23441144893557,5,3,5,2012_Q2
2012-04-04 04:00:00,1,2.9169975433635651,0,120.06229658422787,3,1,1,2012_Q2
2012-04-04 05:00:00,27,21.966484561164719,0,139.11178360202902,1,27,40,2012_Q2
2012-04-04 06:00:00,126,99.909092645308803,0,217.05439168617312,27,100,115,2012_Q2
2012-04-04 07:00:00,366,268.67011022928813,151.52481118842383,385.81540927015243,126,341,358,2012_Q2
2012-04-04 08:00:00,684,431.27336798733847,314.12806894647417,548.41866702820278,366,604,658,2012_Q2
2012-04-04 09:00:00,363,341.54835997227957,224.40306093141527,458.69365901314387,684,408,314,2012_Q2
2012-04-04 10:00:00,167,176.19607436955809,59.050775328693788,293.34137341042242,363,219,173,2012_Q2
2012-04-04 11:00:00,213,166.57670779486497,49.431408754000671,283.7220068357293,167,258,222,2012_Q2
2012-04-04 12:00:00,283,218.12444677264668,100.97914773178238,335.26974581351101,213,331,268,2012_Q2
2012-04-04 13:00:00,251,296.36138004779082,179.21608100692652,413.50667908865512,283,345,273,2012_Q2
2012-04-04 14:00:00,258,226.0284756714918,108.8831766306275,343.17377471235613,251,311,221,2012_Q2
2012-04-04 15:00:00,268,264.64320040690905,147.49790136604474,381.78849944777335,258,316,199,2012_Q2
2012-04-04 16:00:00,390,300.62443509761647,183.47913605675217,417.76973413848077,268,485,221,2012_Q2
2012-04-04 17:00:00,744,457.47846475073669,340.33316570987239,574.62376379160105,390,757,604,2012_Q2
2012-04-04 18:00:00,759,488.13227391208926,370.98697487122496,605.27757295295351,744,800,641,2012_Q2
2012-04-04 19:00:00,494,447.35630223957247,330.21100319870817,564.50160128043672,759,558,456,2012_Q2
2012-04-04 20:00:00,372,318.86049713800207,201.71519809713777,436.00579617886638,494,379,362,2012_Q2
2012-04-04 21:00:00,298,289.60914770782739,172.46384866696309,406.75444674869169,372,243,261,2012_Q2
2012-04-04 22:00:00,181,214.251722854766,97.106423813901699,331.3970218956303,298,158,172,2012_Q2
2012-04-04 23:00:00,131,97.617982265597348,0,214.76328130646164,181,79,93,2012_Q2
2012-04-05 00:00:00,45,56.659277066770741,0,173.80457610763506,131,41,48,2012_Q2
2012-04-05 01:00:00,13,23.780585110094481,0,140.92588415095878,45,11,33,2012_Q2
2012-04-05 02:00:00,18,7.1242827734398659,0,124.26958181430416,13,5,6,2012_Q2
2012-04-05 03:00:00,5,5.5309647847777983,0,122.6762638256421,18,3,5,2012_Q2
2012-04-05 04:00:00,1,4.0318475813690098,0,121.17714662223331,5,1,9,2012_Q2
2012-04-05 05:00:00,29,18.518603743169141,0,135.66390278403344,1,27,32,2012_Q2
2012-04-05 06:00:00,126,103.69174844361601,0,220.83704748448031,29,126,117,2012_Q2
2012-04-05 07:00:00,354,296.57806954016536,179.43277049930106,413.72336858102966,126,366,367,2012_Q2
2012-04-05 08:00:00,638,492.98638078085276,375.84108173998845,610.13167982171706,354,684,654,2012_Q2
2012-04-05 09:00:00,351,349.72458607048497,232.57928702962067,466.86988511134928,638,363,321,2012_Q2
2012-04-05 10:00:00,246,181.4752268052822,64.329927764417903,298.62052584614651,351,167,166,2012_Q2
2012-04-05 11:00:00,268,227.97274535977064,110.82744631890634,345.11804440063497,246,213,220,2012_Q2
2012-04-05 12:00:00,276,268.26003945042498,151.11474040956068,385.40533849128929,268,283,292,2012_Q2
2012-04-05 13:00:00,291,317.07491911972005,199.92962007885575,434.22021816058435,276,251,273,2012_Q2
2012-04-05 14:00:00,287,287.4483478410819,170.3030488002176,404.5936468819462,291,258,238,2012_Q2
2012-04-05 15:00:00,269,301.68551362933368,184.54021458846938,418.83081267019799,287,268,307,2012_Q2
2012-04-05 16:00:00,402,351.82459492100492,234.67929588014061,468.96989396186922,269,390,388,2012_Q2
2012-04-05 17:00:00,822,494.59605321518296,377.45075417431866,611.74135225604732,402,744,703,2012_Q2
2012-04-05 18:00:00,698,484.00156953286694,366.85627049200264,601.14686857373124,822,759,681,2012_Q2
2012-04-05 19:00:00,487,438.33088810772,321.1855890668557,555.47618714858436,698,494,468,2012_Q2
2012-04-05 20:00:00,312,293.31356118424799,176.16826214338369,410.45886022511229,487,372,335,2012_Q2
2012-04-05 21:00:00,234,233.81720252589471,116.67190348503041,350.96250156675899,312,298,224,2012_Q2
2012-04-05 22:00:00,149,180.50367072816636,63.358371687302053,297.64896976903066,234,181,152,2012_Q2
2012-04-05 23:00:00,136,91.532115517727789,0,208.67741455859209,149,131,94,2012_Q2
2012-04-06 00:00:00,61,69.123186442813463,0,186.26848548367775,136,45,59,2012_Q2
2012-04-06 01:00:00,38,24.713247101698887,0,141.8585461425632,61,13,27,2012_Q2
2012-04-06 02:00:00,11,12.849744465838841,0,129.99504350670315,38,18,7,2012_Q2
2012-04-06 03:00:00,8,5.0686782588029322,0,122.21397729966723,11,5,7,2012_Q2
2012-04-06 04:00:00,5,2.8999340978376518,0,120.04523313870196,8,1,2,2012_Q2
2012-04-06 05:00:00,23,22.85663880993825,0,140.00193785080256,5,29,26,2012_Q2
2012-04-06 06:00:00,80,85.761919147551666,0,202.90721818841598,23,126,86,2012_Q2
2012-04-06 07:00:00,246,234.84218383940581,117.6968847985415,351.98748288027014,80,354,289,2012_Q2
2012-04-06 08:00:00,508,418.72644387575576,301.58114483489146,535.87174291662006,246,638,593,2012_Q2
2012-04-06 09:00:00,376,301.39681877283675,184.25151973197245,418.54211781370105,508,351,321,2012_Q2
2012-04-06 10:00:00,238,194.66231265628684,77.517013615422542,311.80761169715117,376,246,187,2012_Q2
2012-04-06 11:00:00,291,249.88439265102039,132.73909361015609,367.02969169188469,238,268,201,2012_Q2
2012-04-06 12:00:00,337,302.296583884668,185.15128484380369,419.4418829255323,291,276,270,2012_Q2
2012-04-06 13:00:00,411,307.35023868937691,190.20493964851261,424.49553773024121,337,291,242,2012_Q2
2012-04-06 14:00:00,490,339.59811020595083,222.45281116508653,456.74340924681513,411,287,229,2012_Q2
2012-04-06 15:00:00,537,373.39080521124367,256.24550617037937,490.53610425210798,490,269,280,2012_Q2
2012-04-06 16:00:00,536,414.22816105378558,297.08286201292128,531.37346009464989,537,402,367,2012_Q2
2012-04-06 17:00:00,655,467.32970131978584,350.18440227892154,584.47500036065014,536,822,606,2012_Q2
2012-04-06 18:00:00,484,470.17392992805929,353.02863088719499,587.31922896892365,655,698,560,2012_Q2
2012-04-06 19:00:00,412,346.85081867813687,229.70551963727257,463.99611771900118,484,487,395,2012_Q2
2012-04-06 20:00:00,252,294.74824086324185,177.60294182237755,411.89353990410615,412,312,209,2012_Q2
2012-04-06 21:00:00,190,201.69041324624826,84.545114205383953,318.83571228711253,252,234,220,2012_Q2
2012-04-06 22:00:00,158,154.22452930357542,37.079230262711121,271.36982834443972,190,149,153,2012_Q2
2012-04-06 23:00:00,113,109.4710808710157,0,226.61637991188002,158,136,123,2012_Q2
2012-04-07 00:00:00,94,87.067491906427676,0,204.21279094729198,113,61,92,2012_Q2
2012-04-07 01:00:00,69,65.499808630831339,0,182.64510767169565,94,38,82,2012_Q2
2012-04-07 02:00:00,36,53.980512529035614,0,171.12581156989992,69,11,69,2012_Q2
2012-04-07 03:00:00,28,18.237727510982982,0,135.38302655184728,36,8,31,2012_Q2
2012-04-07 04:00:00,7,6.8144867162836817,0,123.95978575714798,28,5,8,2012_Q2
2012-04-07 05:00:00,2,7.7180504880397249,0,124.86334952890402,7,23,5,2012_Q2
2012-04-07 06:00:00,19,14.053278740031036,0,131.19857778089533,2,80,23,2012_Q2
2012-04-07 07:00:00,54,43.449357890360567,0,160.59465693122488,19,246,44,2012_Q2
2012-04-07 08:00:00,123,108.29479751242243,0,225.44009655328674,54,508,145,2012_Q2
2012-04-07 09:00:00,276,176.48503691944123,59.339737878576926,293.6303359603055,123,376,223,2012_Q2
2012-04-07 10:00:00,363,340.89836880635039,223.75306976548609,458.04366784721469,276,238,313,2012_Q2
2012-04-07 11:00:00,495,371.54366944131039,254.39837040044608,488.68896848217469,363,291,463,2012_Q2
2012-04-07 12:00:00,590,435.85591113863342,318.71061209776911,553.00121017949778,495,337,621,2012_Q2
2012-04-07 13:00:00,643,419.51327069563678,302.36797165477248,536.65856973650102,590,411,638,2012_Q2
2012-04-07 14:00:00,578,424.77494523816364,307.62964619729934,541.92024427902788,643,490,551,2012_Q2
2012-04-07 15:00:00,626,430.2140100969998,313.0687110561355,547.3593091378641,578,537,605,2012_Q2
2012-04-07 16:00:00,615,439.6231242976682,322.4778252568039,556.76842333853256,626,536,535,2012_Q2
2012-04-07 17:00:00,567,416.18790773396466,299.04260869310036,533.33320677482902,615,655,543,2012_Q2
2012-04-07 18:00:00,517,394.35953979044268,277.21424074957838,511.50483883130698,567,484,341,2012_Q2
2012-04-07 19:00:00,413,357.58835533461365,240.44305629374935,474.73365437547795,517,412,284,2012_Q2
2012-04-07 20:00:00,208,293.54912873432176,176.40382969345745,410.69442777518606,413,252,208,2012_Q2
2012-04-07 21:00:00,234,171.92781752195503,54.782518481090733,289.07311656281934,208,190,143,2012_Q2
2012-04-07 22:00:00,182,193.56929395673353,76.42399491586923,310.71459299759783,234,158,156,2012_Q2
2012-04-07 23:00:00,118,129.86630243619931,12.721003395335003,247.01160147706361,182,113,112,2012_Q2
2012-04-08 00:00:00,85,96.413823952949357,0,213.55912299381367,118,94,67,2012_Q2
2012-04-08 01:00:00,64,69.972062208504198,0,187.11736124936851,85,69,62,2012_Q2
2012-04-08 02:00:00,32,58.97834007590582,0,176.12363911677011,64,36,81,2012_Q2
2012-04-08 03:00:00,26,18.896261287649001,0,136.0415603285133,32,28,25,2012_Q2
2012-04-08 04:00:00,7,8.1770571696178287,0,125.32235621048213,26,7,12,2012_Q2
2012-04-08 05:00:00,12,10.412801874010123,0,127.55810091487443,7,2,18,2012_Q2
2012-04-08 06:00:00,28,28.996471115570731,0,146.14177015643503,12,19,97,2012_Q2
2012-04-08 07:00:00,37,69.302404082083783,0,186.4477031229481,28,54,84,2012_Q2
2012-04-08 08:00:00,84,90.457421400663094,0,207.6027204415274,37,123,125,2012_Q2
2012-04-08 09:00:00,179,154.87895439499403,37.733655354129723,272.02425343585833,84,276,275,2012_Q2
2012-04-08 10:00:00,299,289.52347495910908,172.37817591824478,406.66877399997338,179,363,360,2012_Q2
2012-04-08 11:00:00,404,399.93614415992545,282.79084511906115,517.08144320078975,299,495,451,2012_Q2
2012-04-08 12:00:00,457,433.89159423721048,316.74629519634618,551.03689327807479,404,590,445,2012_Q2
2012-04-08 13:00:00,483,424.54835590837621,307.40305686751191,541.69365494924045,457,643,464,2012_Q2
2012-04-08 14:00:00,503,435.47292303428156,318.32762399341726,552.61822207514592,483,578,561,2012_Q2
2012-04-08 15:00:00,486,425.82293714367387,308.67763810280957,542.96823618453823,503,626,573,2012_Q2
2012-04-08 16:00:00,476,417.33664434049132,300.19134529962702,534.48194338135568,486,615,511,2012_Q2
2012-04-08 17:00:00,411,410.67769050575333,293.53239146488903,527.82298954661769,476,567,555,2012_Q2
2012-04-08 18:00:00,310,386.31122786707067,269.16592882620637,503.45652690793497,411,517,432,2012_Q2
2012-04-08 19:00:00,276,324.63523433158667,207.48993529072237,441.78053337245098,310,413,346,2012_Q2
2012-04-08 20:00:00,211,232.62310416495603,115.47780512409173,349.76840320582033,276,208,232,2012_Q2
2012-04-08 21:00:00,130,169.49479010408581,52.349491063221507,286.64008914495014,211,234,134,2012_Q2
2012-04-08 22:00:00,118,104.98840771214918,0,222.13370675301348,130,182,68,2012_Q2
2012-04-08 23:00:00,51,76.140863422439651,0,193.28616246330395,118,118,63,2012_Q2
2012-04-09 00:00:00,37,24.953768665116264,0,142.09906770598056,51,85,17,2012_Q2
2012-04-09 01:00:00,16,14.275839399269339,0,131.42113844013363,37,64,5,2012_Q2
2012-04-09 02:00:00,6,9.2592904979774211,0,126.40458953884172,16,32,5,2012_Q2
2012-04-09 03:00:00,3,4.3934330380364557,0,121.53873207890075,6,26,6,2012_Q2
2012-04-09 04:00:00,5,4.3009535717586882,0,121.44625261262298,3,7,4,2012_Q2
2012-04-09 05:00:00,32,24.971368720610652,0,142.11666776147496,5,12,24,2012_Q2
2012-04-09 06:00:00,111,114.98408508353312,0,232.1293841243974,32,28,110,2012_Q2
2012-04-09 07:00:00,331,314.41336368749251,197.2680646466282,431.55866272835681,111,37,306,2012_Q2
2012-04-09 08:00:00,617,505.56047770328991,388.4151786624256,622.70577674415426,331,84,589,2012_Q2
2012-04-09 09:00:00,286,344.23115459635824,227.08585555549394,461.37645363722254,617,179,317,2012_Q2
2012-04-09 10:00:00,178,219.4400221174844,102.2947230766201,336.58532115834873,286,299,204,2012_Q2
2012-04-09 11:00:00,223,156.05555158472251,38.910252543858206,273.20085062558678,178,404,209,2012_Q2
2012-04-09 12:00:00,280,266.531284158255,149.3859851173907,383.67658319911931,223,457,281,2012_Q2
2012-04-09 13:00:00,281,397.52179291224934,280.37649387138504,514.66709195311364,280,483,281,2012_Q2
2012-04-09 14:00:00,218,390.39532951219638,273.25003047133208,507.54062855306069,281,503,268,2012_Q2
2012-04-09 15:00:00,255,277.03559868754331,159.89029964667901,394.18089772840761,218,486,324,2012_Q2
2012-04-09 16:00:00,391,386.82071465619384,269.67541561532954,503.96601369705814,255,476,395,2012_Q2
2012-04-09 17:00:00,632,542.36304775264807,425.21774871178377,659.50834679351237,391,411,729,2012_Q2
2012-04-09 18:00:00,646,542.44634442079416,425.30104537992986,659.59164346165846,632,310,618,2012_Q2
2012-04-09 19:00:00,421,486.78005064760714,369.63475160674284,603.92534968847144,646,276,494,2012_Q2
2012-04-09 20:00:00,276,327.20722992164042,210.06193088077612,444.35252896250472,421,211,329,2012_Q2
2012-04-09 21:00:00,165,228.64787218241693,111.50257314155263,345.79317122328121,276,130,238,2012_Q2
2012-04-09 22:00:00,108,99.924770299062843,0,217.07006933992716,165,118,123,2012_Q2
2012-04-09 23:00:00,67,53.59225987365533,0,170.73755891451964,108,51,66,2012_Q2
2012-04-10 00:00:00,26,32.011331101544286,0,149.15663014240857,67,37,33,2012_Q2
2012-04-10 01:00:00,9,10.003955503774817,0,127.14925454463912,26,16,11,2012_Q2
2012-04-10 02:00:00,2,5.784989795989282,0,122.93028883685358,9,6,5,2012_Q2
2012-04-10 03:00:00,2,3.3052867748220631,0,120.45058581568637,2,3,3,2012_Q2
2012-04-10 04:00:00,2,3.386141850569818,0,120.53144089143412,2,5,1,2012_Q2
2012-04-10 05:00:00,24,24.786592193456908,0,141.9318912343212,2,32,27,2012_Q2
2012-04-10 06:00:00,103,101.34026128349645,0,218.48556032436073,24,111,100,2012_Q2
2012-04-10 07:00:00,384,310.87049238954,193.7251933486757,428.01579143040431,103,331,341,2012_Q2
2012-04-10 08:00:00,692,546.95941357283129,429.81411453196699,664.1047126136956,384,617,604,2012_Q2
2012-04-10 09:00:00,319,350.56258951542264,233.41729047455834,467.70788855628695,692,286,408,2012_Q2
2012-04-10 10:00:00,181,170.91694680803525,53.771647767170947,288.06224584889958,319,178,219,2012_Q2
2012-04-10 11:00:00,239,179.79451437332943,62.649215332465133,296.93981341419374,181,223,258,2012_Q2
2012-04-10 12:00:00,259,258.33256986152924,141.18727082066493,375.47786890239354,239,280,331,2012_Q2
2012-04-10 13:00:00,283,292.51150313169512,175.36620409083082,409.65680217255942,259,281,345,2012_Q2
2012-04-10 14:00:00,224,320.1895910238444,203.0442919829801,437.3348900647087,283,218,311,2012_Q2
2012-04-10 15:00:00,203,250.64106134304797,133.49576230218366,367.78636038391227,224,255,316,2012_Q2
2012-04-10 16:00:00,362,328.21803234233818,211.07273330147387,445.36333138320248,203,391,485,2012_Q2
2012-04-10 17:00:00,744,599.01884956069784,481.87355051983354,716.16414860156215,362,632,757,2012_Q2
2012-04-10 18:00:00,704,561.49217295112624,444.34687391026193,678.63747199199054,744,646,800,2012_Q2
2012-04-10 19:00:00,479,471.11316274650846,353.96786370564416,588.25846178737277,704,421,558,2012_Q2
2012-04-10 20:00:00,282,328.50816534876736,211.36286630790306,445.65346438963167,479,276,379,2012_Q2
2012-04-10 21:00:00,206,249.06989480638725,131.92459576552295,366.21519384725156,282,165,243,2012_Q2
2012-04-10 22:00:00,127,142.49637432845466,25.351075287590362,259.64167336931894,206,108,158,2012_Q2
2012-04-10 23:00:00,62,60.423585067085334,0,177.56888410794963,127,67,79,2012_Q2
2012-04-11 00:00:00,30,27.031595609896751,0,144.17689465076106,62,26,41,2012_Q2
2012-04-11 01:00:00,12,8.3651055058352508,0,125.51040454669955,30,9,11,2012_Q2
2012-04-11 02:00:00,2,4.882938023346342,0,122.02823706421064,12,2,5,2012_Q2
2012-04-11 03:00:00,2,3.2110238071359767,0,120.35632284800027,2,2,3,2012_Q2
2012-04-11 05:00:00,27,15.01216467394781,0,132.15746371481211,2,24,27,2012_Q2
2012-04-11 06:00:00,106,99.411339071186433,0,216.55663811205073,27,103,126,2012_Q2
2012-04-11 07:00:00,321,241.93859229846433,124.79329325760003,359.0838913393286,106,384,366,2012_Q2
2012-04-11 08:00:00,595,431.27952303955243,314.13422399868813,548.42482208041679,321,692,684,2012_Q2
2012-04-11 09:00:00,302,285.61745523227398,168.47215619140968,402.76275427313828,595,319,363,2012_Q2
2012-04-11 10:00:00,153,130.33441311936801,13.189114078503707,247.47971216023231,302,181,167,2012_Q2
2012-04-11 11:00:00,180,124.63035680792017,7.4850577670558636,241.77565584878448,153,239,213,2012_Q2
2012-04-11 12:00:00,182,189.39815382440705,72.252854783542745,306.54345286527132,180,259,283,2012_Q2
2012-04-11 13:00:00,163,145.58169888665049,28.436399845786184,262.72699792751479,182,283,251,2012_Q2
2012-04-11 14:00:00,135,142.28299508312938,25.137696042265077,259.42829412399368,163,224,258,2012_Q2
2012-04-11 15:00:00,202,151.77656653552941,34.63126749466511,268.92186557639371,135,203,268,2012_Q2
2012-04-11 16:00:00,307,214.91885994390256,97.773560903038259,332.06415898476689,202,362,390,2012_Q2
2012-04-11 17:00:00,579,524.34585288001188,407.20055383914757,641.49115192087618,307,744,744,2012_Q2
2012-04-11 18:00:00,585,489.81679749027495,372.67149844941065,606.9620965311392,579,704,759,2012_Q2
2012-04-11 19:00:00,384,349.1231130324569,231.9778139915926,466.2684120733212,585,479,494,2012_Q2
2012-04-11 20:00:00,235,277.9329046437914,160.7876056029271,395.0782036846557,384,282,372,2012_Q2
2012-04-11 21:00:00,165,169.85693676751583,52.711637726651531,287.00223580838014,235,206,298,2012_Q2
2012-04-11 22:00:00,134,109.28242646667101,0,226.42772550753531,165,127,181,2012_Q2
2012-04-11 23:00:00,61,67.839662215518473,0,184.98496125638277,134,62,131,2012_Q2
2012-04-12 00:00:00,23,30.908264805556058,0,148.05356384642036,61,30,45,2012_Q2
2012-04-12 01:00:00,9,10.860304363047488,0,128.00560340391178,23,12,13,2012_Q2
2012-04-12 02:00:00,4,7.8928781418433989,0,125.0381771827077,9,2,18,2012_Q2
2012-04-12 03:00:00,5,3.5145253898375666,0,120.65982443070187,4,2,5,2012_Q2
2012-04-12 04:00:00,1,2.9165414515487247,0,120.06184049241303,5,5,1,2012_Q2
2012-04-12 05:00:00,21,20.436466867162906,0,137.58176590802719,1,27,29,2012_Q2
2012-04-12 06:00:00,96,95.181866003551505,0,212.32716504441581,21,106,126,2012_Q2
2012-04-12 07:00:00,306,254.05019403131769,136.90489499045339,371.19549307218199,96,321,354,2012_Q2
2012-04-12 08:00:00,624,488.0161647904626,370.87086574959829,605.16146383132696,306,595,638,2012_Q2
2012-04-12 09:00:00,287,308.99490383112703,191.84960479026273,426.14020287199133,624,302,351,2012_Q2
2012-04-12 10:00:00,141,225.77337730396104,108.62807826309674,342.91867634482537,287,153,246,2012_Q2
2012-04-12 11:00:00,224,165.53565834878438,48.390359307920079,282.68095738964871,141,180,268,2012_Q2
2012-04-12 12:00:00,259,227.36354716691699,110.21824812605269,344.50884620778129,224,182,276,2012_Q2
2012-04-12 13:00:00,203,262.28329731927704,145.13799827841274,379.42859636014134,259,163,291,2012_Q2
2012-04-12 14:00:00,224,206.44616278865581,89.30086374779151,323.59146182952009,203,135,287,2012_Q2
2012-04-12 15:00:00,211,236.10482795057834,118.95952890971404,353.25012699144264,224,202,269,2012_Q2
2012-04-12 16:00:00,353,341.10724004371997,223.96194100285567,458.25253908458427,211,307,402,2012_Q2
2012-04-12 17:00:00,656,553.14608877777232,436.00078973690802,670.29138781863662,353,579,822,2012_Q2
2012-04-12 18:00:00,610,555.70934452241772,438.56404548155342,672.85464356328202,656,585,698,2012_Q2
2012-04-12 19:00:00,433,458.58660076941618,341.44130172855188,575.73189981028054,610,384,487,2012_Q2
2012-04-12 20:00:00,280,336.45034912356931,219.30505008270501,453.59564816443361,433,235,312,2012_Q2
2012-04-12 21:00:00,187,231.87726244881691,114.73196340795261,349.02256148968121,280,165,234,2012_Q2
2012-04-12 22:00:00,158,146.69450876080225,29.549209719937949,263.83980780166655,187,134,149,2012_Q2
2012-04-12 23:00:00,94,103.44334619485775,0,220.58864523572205,158,61,136,2012_Q2
2012-04-13 00:00:00,55,48.808989005431151,0,165.95428804629546,94,23,61,2012_Q2
2012-04-13 01:00:00,30,26.168850599904914,0,143.31414964076922,55,9,38,2012_Q2
2012-04-13 02:00:00,11,10.030212707712378,0,127.17551174857668,30,4,11,2012_Q2
2012-04-13 03:00:00,11,5.0119737161056088,0,122.15727275696992,11,5,8,2012_Q2
2012-04-13 04:00:00,5,4.5089076736295972,0,121.6542067144939,11,1,5,2012_Q2
2012-04-13 05:00:00,21,21.471965643406499,0,138.61726468427079,5,21,23,2012_Q2
2012-04-13 06:00:00,84,78.979108264349662,0,196.12440730521396,21,96,80,2012_Q2
2012-04-13 07:00:00,296,240.81678290087461,123.67148386001031,357.96208194173892,84,306,246,2012_Q2
2012-04-13 08:00:00,563,504.27978781088376,387.13448877001946,621.42508685174812,296,624,508,2012_Q2
2012-04-13 09:00:00,330,350.60967656564628,233.46437752478198,467.75497560651058,563,287,376,2012_Q2
2012-04-13 10:00:00,192,235.27657690820539,118.13127786734108,352.42187594906966,330,141,238,2012_Q2
2012-04-13 11:00:00,233,218.49707391315957,101.35177487229527,335.64237295402387,192,224,291,2012_Q2
2012-04-13 12:00:00,322,265.13529183340137,147.98999279253707,382.28059087426567,233,259,337,2012_Q2
2012-04-13 13:00:00,358,388.36397615648912,271.21867711562481,505.50927519735342,322,203,411,2012_Q2
2012-04-13 14:00:00,348,451.57573878595059,334.43043974508629,568.72103782681484,358,224,490,2012_Q2
2012-04-13 15:00:00,352,468.41482599703994,351.26952695617564,585.5601250379043,348,211,537,2012_Q2
2012-04-13 16:00:00,463,479.79955612107307,362.65425708020877,596.94485516193731,352,353,536,2012_Q2
2012-04-13 17:00:00,738,480.18126224528686,363.03596320442256,597.32656128615122,463,656,655,2012_Q2
2012-04-13 18:00:00,671,459.6273826121116,342.4820835712473,576.77268165297596,738,610,484,2012_Q2
2012-04-13 19:00:00,427,395.29731229411777,278.15201325325347,512.44261133498208,671,433,412,2012_Q2
2012-04-13 20:00:00,286,304.89423657955911,187.7489375386948,422.03953562042341,427,280,252,2012_Q2
2012-04-13 21:00:00,189,209.5139480988033,92.368649057938995,326.65924713966763,286,187,190,2012_Q2
2012-04-13 22:00:00,215,158.07074838589517,40.92544934503087,275.21604742675947,189,158,158,2012_Q2
2012-04-13 23:00:00,198,150.34355838179724,33.198259340932935,267.48885742266157,215,94,113,2012_Q2
2012-04-14 00:00:00,96,138.16289413141479,21.017595090550486,255.30819317227909,198,55,94,2012_Q2
2012-04-14 01:00:00,70,65.461376613025763,0,182.60667565389008,96,30,69,2012_Q2
2012-04-14 02:00:00,56,52.522592224141306,0,169.66789126500561,70,11,36,2012_Q2
2012-04-14 03:00:00,32,25.534978680006976,0,142.68027772087129,56,11,28,2012_Q2
2012-04-14 04:00:00,14,6.8764462599853999,0,124.0217453008497,32,5,7,2012_Q2
2012-04-14 05:00:00,7,8.5490381053212445,0,125.69433714618555,14,21,2,2012_Q2
2012-04-14 06:00:00,21,17.162199756095401,0,134.30749879695969,7,84,19,2012_Q2
2012-04-14 07:00:00,64,49.221630278280088,0,166.36692931914439,21,296,54,2012_Q2
2012-04-14 08:00:00,160,133.47295632256092,16.327657281696617,250.61825536342522,64,563,123,2012_Q2
2012-04-14 09:00:00,265,241.81753358883904,124.67223454797474,358.96283262970337,160,330,276,2012_Q2
2012-04-14 10:00:00,406,354.17920975300331,237.033910712139,471.32450879386761,265,192,363,2012_Q2
2012-04-14 11:00:00,564,395.77873195651199,278.63343291564769,512.92403099737635,406,233,495,2012_Q2
2012-04-14 12:00:00,678,449.32485308068368,332.17955403981938,566.47015212154793,564,322,590,2012_Q2
2012-04-14 13:00:00,678,442.33826210624619,325.19296306538189,559.48356114711055,678,358,643,2012_Q2
2012-04-14 14:00:00,660,445.67805890311388,328.53275986224958,562.82335794397818,678,348,578,2012_Q2
2012-04-14 15:00:00,658,428.50018744840497,311.35488840754067,545.64548648926927,660,352,626,2012_Q2
2012-04-14 16:00:00,582,414.0042716003698,296.8589725595055,531.14957064123405,658,463,615,2012_Q2
2012-04-14 17:00:00,560,403.40776955928129,286.26247051841699,520.55306860014559,582,738,567,2012_Q2
2012-04-14 18:00:00,481,397.48882850720798,280.34352946634368,514.63412754807223,560,671,517,2012_Q2
2012-04-14 19:00:00,459,341.49679526253675,224.35149622167245,458.64209430340105,481,427,413,2012_Q2
2012-04-14 20:00:00,321,342.18633832607395,225.04103928520965,459.33163736693825,459,286,208,2012_Q2
2012-04-14 21:00:00,220,240.25445310111184,123.10915406024753,357.39975214197614,321,189,234,2012_Q2
2012-04-14 22:00:00,212,185.49131179286323,68.346012751998927,302.63661083372756,220,215,182,2012_Q2
2012-04-14 23:00:00,196,157.27791192842912,40.132612887564818,274.42321096929345,212,198,118,2012_Q2
2012-04-15 00:00:00,124,146.99680445304054,29.851505412176238,264.14210349390487,196,96,85,2012_Q2
2012-04-15 01:00:00,106,87.473726406811068,0,204.61902544767537,124,70,64,2012_Q2
2012-04-15 02:00:00,74,76.110347230119373,0,193.25564627098368,106,56,32,2012_Q2
2012-04-15 03:00:00,45,36.966109465875157,0,154.11140850673945,74,32,26,2012_Q2
2012-04-15 04:00:00,12,10.609706414497831,0,127.75500545536214,45,14,7,2012_Q2
2012-04-15 05:00:00,10,9.8509791515282199,0,126.99627819239252,12,7,12,2012_Q2
2012-04-15 06:00:00,16,17.658198824156596,0,134.80349786502089,10,21,28,2012_Q2
2012-04-15 07:00:00,46,39.985167138836275,0,157.13046617970059,16,64,37,2012_Q2
2012-04-15 08:00:00,97,112.76113052197057,0,229.90642956283489,46,160,84,2012_Q2
2012-04-15 09:00:00,251,175.81771196163575,58.67241292077145,292.96301100250002,97,265,179,2012_Q2
2012-04-15 10:00:00,421,361.74965019816398,244.60435115729967,478.89494923902828,251,406,299,2012_Q2
2012-04-15 11:00:00,528,433.30917703262804,316.16387799176374,550.45447607349229,421,564,404,2012_Q2
2012-04-15 12:00:00,635,456.6853067038449,339.5400076629806,573.83060574470915,528,678,457,2012_Q2
2012-04-15 13:00:00,681,434.77303700133695,317.62773796047264,551.91833604220119,635,678,483,2012_Q2
2012-04-15 14:00:00,628,431.36270809877936,314.21740905791506,548.50800713964372,681,660,503,2012_Q2
2012-04-15 15:00:00,617,430.16501114549203,313.01971210462773,547.31031018635633,628,658,486,2012_Q2
2012-04-15 16:00:00,616,437.39705194658546,320.25175290572116,554.54235098744971,617,582,476,2012_Q2
2012-04-15 17:00:00,623,408.05574273365073,290.91044369278643,525.20104177451503,616,560,411,2012_Q2
2012-04-15 18:00:00,479,417.07274405052675,299.92744500966245,534.21804309139111,623,481,310,2012_Q2
2012-04-15 19:00:00,379,379.11986952962553,261.97457048876123,496.26516857048983,479,459,276,2012_Q2
2012-04-15 20:00:00,291,284.68649772338432,167.54119868252002,401.83179676424862,379,321,211,2012_Q2
2012-04-15 21:00:00,229,219.27110131922299,102.12580227835869,336.41640036008732,291,220,130,2012_Q2
2012-04-15 22:00:00,134,169.16025575265587,52.014956711791569,286.30555479352017,229,212,118,2012_Q2
2012-04-15 23:00:00,90,90.566703038221661,0,207.71200207908595,134,196,51,2012_Q2
2012-04-16 00:00:00,41,62.987101932962837,0,180.13240097382715,90,124,37,2012_Q2
2012-04-16 01:00:00,28,24.93413662367611,0,142.07943566454043,41,106,16,2012_Q2
2012-04-16 02:00:00,14,15.314244345777706,0,132.459543386642,28,74,6,2012_Q2
2012-04-16 03:00:00,8,8.7623572838976891,0,125.90765632476199,14,45,3,2012_Q2
2012-04-16 04:00:00,6,5.1300172561599027,0,122.2753162970242,8,12,5,2012_Q2
2012-04-16 05:00:00,38,15.843671245279006,0,132.98897028614331,6,10,32,2012_Q2
2012-04-16 06:00:00,133,80.501174164967551,0,197.64647320583185,38,16,111,2012_Q2
2012-04-16 07:00:00,387,211.04059575488907,93.895296714024767,328.18589479575337,133,46,331,2012_Q2
2012-04-16 08:00:00,597,420.93666504734375,303.79136600647945,538.081964088208,387,97,617,2012_Q2
2012-04-16 09:00:00,297,334.50943605289302,217.36413701202872,451.65473509375732,597,251,286,2012_Q2
2012-04-16 10:00:00,224,281.28286276081894,164.13756371995464,398.42816180168325,297,421,178,2012_Q2
2012-04-16 11:00:00,251,200.77737824124677,83.632079200382464,317.92267728211107,224,528,223,2012_Q2
2012-04-16 12:00:00,271,265.04073564129385,147.89543660042955,382.18603468215815,251,635,280,2012_Q2
2012-04-16 13:00:00,263,415.14164784045113,297.99634879958683,532.28694688131543,271,681,281,2012_Q2
2012-04-16 14:00:00,288,325.01926325125527,207.87396421039097,442.16456229211957,263,628,218,2012_Q2
2012-04-16 15:00:00,275,398.50770009320206,281.36240105233776,515.65299913406636,288,617,255,2012_Q2
2012-04-16 16:00:00,358,390.40212369476484,273.25682465390054,507.54742273562914,275,616,391,2012_Q2
2012-04-16 17:00:00,712,409.09975992764402,291.95446088677971,526.24505896850837,358,623,632,2012_Q2
2012-04-16 18:00:00,676,465.8436613508826,348.6983623100183,582.9889603917469,712,479,646,2012_Q2
2012-04-16 19:00:00,522,380.82985969613759,263.68456065527329,497.97515873700189,676,379,421,2012_Q2
2012-04-16 20:00:00,375,375.45824867947283,258.31294963860853,492.60354772033713,522,291,276,2012_Q2
2012-04-16 21:00:00,271,276.29899649293714,159.15369745207283,393.44429553380144,375,229,165,2012_Q2
2012-04-16 22:00:00,214,185.79940127216358,68.654102231299277,302.94470031302785,271,134,108,2012_Q2
2012-04-16 23:00:00,121,108.75516229494708,0,225.90046133581137,214,90,67,2012_Q2
2012-04-17 00:00:00,43,49.373053542173402,0,166.51835258303771,121,41,26,2012_Q2
2012-04-17 01:00:00,11,20.441843922721169,0,137.58714296358548,43,28,9,2012_Q2
2012-04-17 02:00:00,4,7.2372641415216954,0,124.38256318238599,11,14,2,2012_Q2
2012-04-17 03:00:00,6,3.3601885953921689,0,120.50548763625648,4,8,2,2012_Q2
2012-04-17 04:00:00,9,4.1542119914094435,0,121.29951103227374,6,6,2,2012_Q2
2012-04-17 05:00:00,30,27.843430066041073,0,144.98872910690537,9,38,24,2012_Q2
2012-04-17 06:00:00,144,111.4257272555238,0,228.57102629638808,30,133,103,2012_Q2
2012-04-17 07:00:00,461,335.94515380186004,218.79985476099574,453.09045284272435,144,387,384,2012_Q2
2012-04-17 08:00:00,673,542.3357488700326,425.1904498291683,659.4810479108969,461,597,692,2012_Q2
2012-04-17 09:00:00,400,362.09549639868129,244.95019735781699,479.24079543954559,673,297,319,2012_Q2
2012-04-17 10:00:00,217,218.71120862970005,101.56590958883575,335.85650767056438,400,224,181,2012_Q2
2012-04-17 11:00:00,239,205.06728809621535,87.921989055351048,322.21258713707965,217,251,239,2012_Q2
2012-04-17 12:00:00,244,243.85954121746155,126.71424217659725,361.00484025832588,239,271,259,2012_Q2
2012-04-17 13:00:00,239,239.6952230504302,122.5499240095659,356.84052209129447,244,263,283,2012_Q2
2012-04-17 14:00:00,257,263.50324835176372,146.35794931089941,380.64854739262802,239,288,224,2012_Q2
2012-04-17 15:00:00,308,308.90728252001111,191.76198347914681,426.05258156087541,257,275,203,2012_Q2
2012-04-17 16:00:00,370,399.78051108380419,282.63521204293988,516.92581012466849,308,358,362,2012_Q2
2012-04-17 17:00:00,781,517.79277234570907,400.64747330484477,634.93807138657337,370,712,744,2012_Q2
2012-04-17 18:00:00,775,537.47896704449477,420.33366800363046,654.62426608535907,781,676,704,2012_Q2
2012-04-17 19:00:00,537,478.65076596984017,361.50546692897586,595.79606501070452,775,522,479,2012_Q2
2012-04-17 20:00:00,402,342.09148403530844,224.94618499444414,459.23678307617274,537,375,282,2012_Q2
2012-04-17 21:00:00,297,317.46961688325382,200.32431784238952,434.61491592411812,402,271,206,2012_Q2
2012-04-17 22:00:00,162,216.41484646628408,99.269547425419773,333.56014550714838,297,214,127,2012_Q2
2012-04-17 23:00:00,82,94.206098385121308,0,211.35139742598562,162,121,62,2012_Q2
2012-04-18 00:00:00,38,36.537063870163671,0,153.68236291102798,82,43,30,2012_Q2
2012-04-18 01:00:00,14,11.806755161387175,0,128.95205420225147,38,11,12,2012_Q2
2012-04-18 02:00:00,9,5.7717437767510642,0,122.91704281761537,14,4,2,2012_Q2
2012-04-18 03:00:00,6,3.713533720318984,0,120.85883276118328,9,6,2,2012_Q2
2012-04-18 04:00:00,7,4.3092134735363192,0,121.45451251440062,6,9,6,2012_Q2
2012-04-18 05:00:00,34,25.462267552963517,0,142.60756659382781,7,30,27,2012_Q2
2012-04-18 06:00:00,134,101.75125520117595,0,218.89655424204025,34,144,106,2012_Q2
2012-04-18 07:00:00,418,290.93482721321703,173.78952817235273,408.08012625408134,134,461,321,2012_Q2
2012-04-18 08:00:00,576,444.46868506952069,327.32338602865639,561.61398411038499,418,673,595,2012_Q2
2012-04-18 09:00:00,265,323.97164108210046,206.82634204123616,441.11694012296476,576,400,302,2012_Q2
2012-04-18 10:00:00,147,120.67124007506533,3.5259410342010256,237.81653911592963,265,217,153,2012_Q2
2012-04-18 11:00:00,119,115.89275861891714,0,233.03805765978143,147,239,180,2012_Q2
2012-04-18 12:00:00,110,114.81832833421964,0,231.96362737508395,119,244,182,2012_Q2
2012-04-18 13:00:00,64,98.148786594411149,0,215.29408563527545,110,239,163,2012_Q2
2012-04-18 14:00:00,51,59.84647320771947,0,176.99177224858377,64,257,135,2012_Q2
2012-04-18 15:00:00,98,73.916649740963521,0,191.06194878182782,51,308,202,2012_Q2
2012-04-18 16:00:00,235,146.04946676674052,28.904167725876221,263.19476580760482,98,370,307,2012_Q2
2012-04-18 17:00:00,488,357.11623726021475,239.97093821935044,474.26153630107905,235,781,579,2012_Q2
2012-04-18 18:00:00,505,388.01444326866687,270.86914422780256,505.15974230953117,488,775,585,2012_Q2
2012-04-18 19:00:00,368,337.81507041400562,220.66977137314132,454.96036945486992,505,537,384,2012_Q2
2012-04-18 20:00:00,260,261.24191542821353,144.09661638734923,378.38721446907783,368,402,235,2012_Q2
2012-04-18 21:00:00,189,188.07980396279004,70.934504921925736,305.22510300365434,260,297,165,2012_Q2
2012-04-18 22:00:00,162,122.46447460948524,5.3191755686209348,239.60977365034955,189,162,134,2012_Q2
2012-04-18 23:00:00,70,76.938366451949804,0,194.08366549281411,162,82,61,2012_Q2
2012-04-19 00:00:00,25,33.068291016016417,0,150.21359005688072,70,38,23,2012_Q2
2012-04-19 01:00:00,13,8.1950260200275764,0,125.34032506089187,25,14,9,2012_Q2
2012-04-19 02:00:00,6,5.5548028551964217,0,122.70010189606073,13,9,4,2012_Q2
2012-04-19 03:00:00,4,4.0364543951520044,0,121.18175343601631,6,6,5,2012_Q2
2012-04-19 04:00:00,4,3.8047905398037134,0,120.95008958066802,4,7,1,2012_Q2
2012-04-19 05:00:00,30,23.726108154211946,0,140.87140719507624,4,34,21,2012_Q2
2012-04-19 06:00:00,120,105.43602764993625,0,222.58132669080055,30,134,96,2012_Q2
2012-04-19 07:00:00,406,278.46112294100635,161.31582390014205,395.60642198187065,120,418,306,2012_Q2
2012-04-19 08:00:00,677,425.43322961845388,308.28793057758958,542.57852865931818,406,576,624,2012_Q2
2012-04-19 09:00:00,301,286.78939743249481,169.64409839163051,403.93469647335911,677,265,287,2012_Q2
2012-04-19 10:00:00,189,163.70994182080969,46.564642779945387,280.85524086167402,301,147,141,2012_Q2
2012-04-19 11:00:00,229,184.78724397792772,67.641944937063414,301.93254301879199,189,119,224,2012_Q2
2012-04-19 12:00:00,264,238.56703845568148,121.42173941481718,355.71233749654579,229,110,259,2012_Q2
2012-04-19 13:00:00,238,286.56830459996917,169.42300555910487,403.71360364083347,264,64,203,2012_Q2
2012-04-19 14:00:00,237,241.28615311933049,124.14085407846619,358.43145216019479,238,51,224,2012_Q2
2012-04-19 15:00:00,262,265.42847676215308,148.28317772128878,382.57377580301738,237,98,211,2012_Q2
2012-04-19 16:00:00,387,338.75373822094087,221.60843918007657,455.89903726180518,262,235,353,2012_Q2
2012-04-19 17:00:00,748,566.37421773242784,449.22891869156354,683.51951677329214,387,488,656,2012_Q2
2012-04-19 18:00:00,776,510.42150156597813,393.27620252511383,627.56680060684243,748,505,610,2012_Q2
2012-04-19 19:00:00,586,389.1783234083025,272.0330243674382,506.32362244916681,776,368,433,2012_Q2
2012-04-19 20:00:00,404,349.52258765625072,232.37728861538642,466.66788669711502,586,260,280,2012_Q2
2012-04-19 21:00:00,267,260.44359498419783,143.29829594333353,377.58889402506213,404,189,187,2012_Q2
2012-04-19 22:00:00,248,202.13839175281106,84.993092711946758,319.28369079367536,267,162,158,2012_Q2
2012-04-19 23:00:00,144,146.85783130060582,29.712532259741522,264.00313034147013,248,70,94,2012_Q2
2012-04-20 00:00:00,64,68.022130790575702,0,185.16742983144002,144,25,55,2012_Q2
2012-04-20 01:00:00,25,30.497374321000571,0,147.64267336186487,64,13,30,2012_Q2
2012-04-20 02:00:00,21,10.802874582823268,0,127.94817362368757,25,6,11,2012_Q2
2012-04-20 03:00:00,10,8.8101700621568906,0,125.95546910302119,21,4,11,2012_Q2
2012-04-20 04:00:00,3,5.190934271370117,0,122.33623331223441,10,4,5,2012_Q2
2012-04-20 05:00:00,25,19.776312292886807,0,136.92161133375112,3,30,21,2012_Q2
2012-04-20 06:00:00,113,89.204272514937387,0,206.34957155580167,25,120,84,2012_Q2
2012-04-20 07:00:00,359,277.1275133872748,159.9822143464105,394.2728124281391,113,406,296,2012_Q2
2012-04-20 08:00:00,700,430.87529720824193,313.72999816737763,548.02059624910623,359,677,563,2012_Q2
2012-04-20 09:00:00,359,318.81228425924598,201.66698521838168,435.95758330011029,700,301,330,2012_Q2
2012-04-20 10:00:00,237,197.13725613286519,79.991957092000888,314.28255517372952,359,189,192,2012_Q2
2012-04-20 11:00:00,254,234.19707175309659,117.05177271223229,351.34237079396087,237,229,233,2012_Q2
2012-04-20 12:00:00,362,284.90118520623719,167.75588616537289,402.04648424710149,254,264,322,2012_Q2
2012-04-20 13:00:00,381,391.54289455900022,274.39759551813592,508.68819359986452,362,238,358,2012_Q2
2012-04-20 14:00:00,394,406.13362277051044,288.98832372964614,523.27892181137474,381,237,348,2012_Q2
2012-04-20 15:00:00,407,411.00287816859384,293.85757912772954,528.14817720945814,394,262,352,2012_Q2
2012-04-20 16:00:00,580,471.39467568775757,354.24937664689327,588.53997472862193,407,387,463,2012_Q2
2012-04-20 17:00:00,819,509.5468084929721,392.4015094521078,626.69210753383641,580,748,738,2012_Q2
2012-04-20 18:00:00,668,482.97733018353972,365.83203114267542,600.12262922440402,819,776,671,2012_Q2
2012-04-20 19:00:00,492,415.33041350428965,298.18511446342535,532.47571254515401,668,586,427,2012_Q2
2012-04-20 20:00:00,341,351.78349478564093,234.63819574477662,468.92879382650523,492,404,286,2012_Q2
2012-04-20 21:00:00,287,277.57889222905715,160.43359318819284,394.72419126992145,341,267,189,2012_Q2
2012-04-20 22:00:00,202,219.39411157154265,102.24881253067835,336.53941061240698,287,248,215,2012_Q2
2012-04-20 23:00:00,187,156.23349504211731,39.08819600125301,273.37879408298159,202,144,198,2012_Q2
2012-04-21 00:00:00,142,128.7690093308282,11.623710289963896,245.9143083716925,187,64,96,2012_Q2
2012-04-21 01:00:00,88,98.793626859998753,0,215.93892590086307,142,25,70,2012_Q2
2012-04-21 02:00:00,81,63.588461697413017,0,180.73376073827731,88,21,56,2012_Q2
2012-04-21 03:00:00,29,38.156100265278326,0,155.30139930614263,81,10,32,2012_Q2
2012-04-21 04:00:00,9,10.378500020531513,0,127.52379906139582,29,3,14,2012_Q2
2012-04-21 05:00:00,1,9.2810546958606395,0,126.42635373672493,9,25,7,2012_Q2
2012-04-21 06:00:00,31,14.54833315933821,0,131.6936322002025,1,113,21,2012_Q2
2012-04-21 07:00:00,76,67.208723539507744,0,184.35402258037203,31,359,64,2012_Q2
2012-04-21 08:00:00,201,150.39888812842318,33.253589087558879,267.54418716928751,76,700,160,2012_Q2
2012-04-21 09:00:00,331,276.58923765874914,159.44393861788484,393.73453669961344,201,359,265,2012_Q2
2012-04-21 10:00:00,482,382.34828202463149,265.20298298376719,499.49358106549579,331,237,406,2012_Q2
2012-04-21 11:00:00,608,421.11089576772008,303.96559672685578,538.25619480858438,482,254,564,2012_Q2
2012-04-21 12:00:00,640,447.56737001310222,330.42207097223792,564.71266905396647,608,362,678,2012_Q2
2012-04-21 13:00:00,649,424.52252239238874,307.37722335152444,541.66782143325304,640,381,678,2012_Q2
2012-04-21 14:00:00,609,415.59305479016467,298.44775574930037,532.73835383102892,649,394,660,2012_Q2
2012-04-21 15:00:00,628,426.85920035292924,309.71390131206493,544.00449939379359,609,407,658,2012_Q2
2012-04-21 16:00:00,639,452.72084780485523,335.57554876399092,569.86614684571953,628,580,582,2012_Q2
2012-04-21 17:00:00,568,430.10318349485016,312.95788445398586,547.2484825357144,639,819,560,2012_Q2
2012-04-21 18:00:00,416,396.50094235572095,279.35564331485665,513.64624139658531,568,668,481,2012_Q2
2012-04-21 19:00:00,54,330.80561965951182,213.66032061864752,447.95091870037612,416,492,459,2012_Q2
2012-04-21 20:00:00,39,48.552504154260312,0,165.69780319512461,54,341,321,2012_Q2
2012-04-21 21:00:00,102,44.402397512403681,0,161.547696553268,39,287,220,2012_Q2
2012-04-21 22:00:00,110,97.072856421961561,0,214.21815546282585,102,202,212,2012_Q2
2012-04-21 23:00:00,91,99.77663016851136,0,216.92192920937566,110,187,196,2012_Q2
2012-04-22 00:00:00,117,82.054069242444783,0,199.19936828330907,91,142,124,2012_Q2
2012-04-22 01:00:00,73,91.04700685752691,0,208.19230589839123,117,88,106,2012_Q2
2012-04-22 02:00:00,56,64.717517194873281,0,181.86281623573757,73,81,74,2012_Q2
2012-04-22 03:00:00,40,32.897927530872835,0,150.04322657173714,56,29,45,2012_Q2
2012-04-22 04:00:00,7,9.0886552197517769,0,126.23395426061607,40,9,12,2012_Q2
2012-04-22 05:00:00,6,6.6650449028551924,0,123.81034394371949,7,1,10,2012_Q2
2012-04-22 06:00:00,12,16.126125490336698,0,133.27142453120101,6,31,16,2012_Q2
2012-04-22 07:00:00,24,36.729171665843872,0,153.87447070670817,12,76,46,2012_Q2
2012-04-22 08:00:00,51,57.973570141877389,0,175.11886918274169,24,201,97,2012_Q2
2012-04-22 09:00:00,79,82.544946844388221,0,199.69024588525252,51,331,251,2012_Q2
2012-04-22 10:00:00,68,92.087284987431772,0,209.23258402829606,79,482,421,2012_Q2
2012-04-22 11:00:00,77,72.653705851836094,0,189.7990048927004,68,608,528,2012_Q2
2012-04-22 12:00:00,61,80.955062424896283,0,198.10036146576059,77,640,635,2012_Q2
2012-04-22 13:00:00,52,71.486415962316343,0,188.63171500318066,61,649,681,2012_Q2
2012-04-22 14:00:00,53,52.548541915522357,0,169.69384095638665,52,609,628,2012_Q2
2012-04-22 15:00:00,38,69.192198968728462,0,186.33749800959276,53,628,617,2012_Q2
2012-04-22 16:00:00,36,49.480692379680811,0,166.62599142054512,38,639,616,2012_Q2
2012-04-22 17:00:00,27,43.174297597533922,0,160.31959663839822,36,568,623,2012_Q2
2012-04-22 18:00:00,39,34.644845501183546,0,151.79014454204784,27,416,479,2012_Q2
2012-04-22 19:00:00,35,35.927520852088648,0,153.07281989295296,39,54,379,2012_Q2
2012-04-22 20:00:00,35,23.993121358150884,0,141.13842039901519,35,39,291,2012_Q2
2012-04-22 21:00:00,11,26.8613300282559,0,144.00662906912021,35,102,229,2012_Q2
2012-04-22 22:00:00,13,12.100043098317368,0,129.24534213918167,11,110,134,2012_Q2
2012-04-22 23:00:00,17,11.299070252688599,0,128.44436929355291,13,91,90,2012_Q2
2012-04-23 00:00:00,6,9.1987556887830877,0,126.34405472964738,17,117,41,2012_Q2
2012-04-23 01:00:00,2,6.0219202559076868,0,123.16721929677199,6,73,28,2012_Q2
2012-04-23 02:00:00,4,5.1835717274021151,0,122.32887076826641,2,56,14,2012_Q2
2012-04-23 03:00:00,1,4.3374525824431371,0,121.48275162330744,4,40,8,2012_Q2
2012-04-23 04:00:00,3,4.4927195570060858,0,121.63801859787038,1,7,6,2012_Q2
2012-04-23 05:00:00,14,16.28991109045403,0,133.43521013131834,3,6,38,2012_Q2
2012-04-23 06:00:00,45,68.824210809265395,0,185.9695098501297,14,12,133,2012_Q2
2012-04-23 07:00:00,207,138.31371290435311,21.168413863488809,255.45901194521741,45,24,387,2012_Q2
2012-04-23 08:00:00,482,311.44124375527059,194.29594471440629,428.58654279613489,207,51,597,2012_Q2
2012-04-23 09:00:00,272,241.78372085379743,124.63842181293313,358.92901989466174,482,79,297,2012_Q2
2012-04-23 10:00:00,100,125.85800260719665,8.7127035663323511,243.00330164806095,272,68,224,2012_Q2
2012-04-23 11:00:00,101,121.21169036183846,4.0663913209741622,238.35698940270277,100,77,251,2012_Q2
2012-04-23 12:00:00,129,136.15181961674671,19.006520575882405,253.29711865761101,101,61,271,2012_Q2
2012-04-23 13:00:00,107,118.33529419313025,1.1899951522659507,235.48059323399457,129,52,263,2012_Q2
2012-04-23 14:00:00,114,98.684790198655406,0,215.83008923951971,107,53,288,2012_Q2
2012-04-23 15:00:00,112,127.4954272308516,10.350128189987302,244.64072627171589,114,38,275,2012_Q2
2012-04-23 16:00:00,103,186.49607200940497,69.350772968540667,303.6413710502693,112,36,358,2012_Q2
2012-04-23 17:00:00,232,189.96868791723833,72.823388876374025,307.1139869581026,103,27,712,2012_Q2
2012-04-23 18:00:00,379,213.22638435523587,96.081085314371563,330.37168339610014,232,39,676,2012_Q2
2012-04-23 19:00:00,298,306.02890217437658,188.88360313351228,423.17420121524088,379,35,522,2012_Q2
2012-04-23 20:00:00,203,201.14639136490641,84.001092324042105,318.29169040577074,298,35,375,2012_Q2
2012-04-23 21:00:00,152,125.03258833282145,7.8872892919571456,242.17788737368573,203,11,271,2012_Q2
2012-04-23 22:00:00,89,96.609520997883791,0,213.75482003874811,152,13,214,2012_Q2
2012-04-23 23:00:00,59,50.480927224946669,0,167.62622626581097,89,17,121,2012_Q2
2012-04-24 00:00:00,13,26.351917680649077,0,143.49721672151338,59,6,43,2012_Q2
2012-04-24 01:00:00,7,6.4802777888034369,0,123.62557682966774,13,2,11,2012_Q2
2012-04-24 02:00:00,3,3.388596100394214,0,120.53389514125851,7,4,4,2012_Q2
2012-04-24 03:00:00,2,3.2297253660259688,0,120.37502440689028,3,1,6,2012_Q2
2012-04-24 04:00:00,3,4.1103305371207144,0,121.25562957798502,2,3,9,2012_Q2
2012-04-24 05:00:00,22,24.225978293181882,0,141.37127733404617,3,14,30,2012_Q2
2012-04-24 06:00:00,120,91.771515973937738,0,208.91681501480204,22,45,144,2012_Q2
2012-04-24 07:00:00,390,272.83864308828987,155.69334404742557,389.98394212915417,120,207,461,2012_Q2
2012-04-24 08:00:00,611,460.68300163555006,343.53770259468575,577.8283006764143,390,482,673,2012_Q2
2012-04-24 09:00:00,308,357.65959649458784,240.51429745372354,474.80489553545215,611,272,400,2012_Q2
2012-04-24 10:00:00,162,167.52338299574404,50.378083954879742,284.66868203660835,308,100,217,2012_Q2
2012-04-24 11:00:00,184,166.88075555126801,49.735456510403708,284.02605459213231,162,101,239,2012_Q2
2012-04-24 12:00:00,224,220.05091519455732,102.90561615369302,337.19621423542162,184,129,244,2012_Q2
2012-04-24 13:00:00,224,209.73290489211087,92.587605851246565,326.87820393297517,224,107,239,2012_Q2
2012-04-24 14:00:00,216,206.02942726949505,88.884128228630743,323.17472631035935,224,114,257,2012_Q2
2012-04-24 15:00:00,236,224.67978148208914,107.53448244122484,341.82508052295344,216,112,308,2012_Q2
2012-04-24 16:00:00,362,313.9680636611721,196.82276462030779,431.1133627020364,236,103,370,2012_Q2
2012-04-24 17:00:00,691,517.1690685731661,400.0237695323018,634.3143676140304,362,232,781,2012_Q2
2012-04-24 18:00:00,632,540.47146427838436,423.32616523752006,657.61676331924866,691,379,775,2012_Q2
2012-04-24 19:00:00,482,485.64703970575215,368.50174066488785,602.79233874661645,632,298,537,2012_Q2
2012-04-24 20:00:00,285,376.96516430146249,259.81986526059819,494.1104633423268,482,203,402,2012_Q2
2012-04-24 21:00:00,226,250.9269890826443,133.78169004178,368.0722881235086,285,152,297,2012_Q2
2012-04-24 22:00:00,157,169.15324285938593,52.007943818521625,286.29854190025026,226,89,162,2012_Q2
2012-04-24 23:00:00,73,85.32705960804941,0,202.47235864891371,157,59,82,2012_Q2
2012-04-25 00:00:00,36,32.891602962748927,0,150.03690200361322,73,13,38,2012_Q2
2012-04-25 01:00:00,25,12.500674304812495,0,129.64597334567679,36,7,14,2012_Q2
2012-04-25 02:00:00,7,8.4373771192083353,0,125.58267616007264,25,3,9,2012_Q2
2012-04-25 03:00:00,3,4.6512375859851947,0,121.7965366268495,7,2,6,2012_Q2
2012-04-25 04:00:00,6,3.8318455719166837,0,120.97714461278099,3,3,7,2012_Q2
2012-04-25 05:00:00,24,27.732465139403178,0,144.87776418026749,6,22,34,2012_Q2
2012-04-25 06:00:00,106,102.09201320339184,0,219.23731224425615,24,120,134,2012_Q2
2012-04-25 07:00:00,389,293.05176163396084,175.90646259309653,410.19706067482514,106,390,418,2012_Q2
2012-04-25 08:00:00,654,505.56006971277992,388.41477067191562,622.70536875364428,389,611,576,2012_Q2
2012-04-25 09:00:00,321,280.33725109465377,163.19195205378946,397.48255013551807,654,308,265,2012_Q2
2012-04-25 10:00:00,182,168.99087979147191,51.84558075060761,286.13617883233621,321,162,147,2012_Q2
2012-04-25 11:00:00,219,168.16179526194543,51.016496221081127,285.30709430280973,182,184,119,2012_Q2
2012-04-25 12:00:00,269,226.92661863345387,109.78131959258957,344.07191767431817,219,224,110,2012_Q2
2012-04-25 13:00:00,228,325.57907746536637,208.43377842450207,442.72437650623067,269,224,64,2012_Q2
2012-04-25 14:00:00,223,211.09587489369247,93.950575852828166,328.24117393455674,228,216,51,2012_Q2
2012-04-25 15:00:00,229,218.51518378730458,101.36988474644028,335.66048282816888,223,236,98,2012_Q2
2012-04-25 16:00:00,376,267.51992482327444,150.37462578241013,384.66522386413874,229,362,235,2012_Q2
2012-04-25 17:00:00,732,519.20625055395294,402.06095151308864,636.35154959481724,376,691,488,2012_Q2
2012-04-25 18:00:00,709,525.02981138269547,407.88451234183117,642.17511042355977,732,632,505,2012_Q2
2012-04-25 19:00:00,543,388.17871741801696,271.03341837715266,505.32401645888126,709,482,368,2012_Q2
2012-04-25 20:00:00,380,351.46381969315291,234.31852065228861,468.60911873401722,543,285,260,2012_Q2
2012-04-25 21:00:00,239,264.03492015330426,146.88962111243995,381.18021919416856,380,226,189,2012_Q2
2012-04-25 22:00:00,192,176.26852053783534,59.123221496971041,293.41381957869964,239,157,162,2012_Q2
2012-04-25 23:00:00,104,95.737617569135708,0,212.88291661,192,73,70,2012_Q2
2012-04-26 00:00:00,43,44.538917204035755,0,161.68421624490006,104,36,25,2012_Q2
2012-04-26 01:00:00,23,18.166205014734725,0,135.31150405559902,43,25,13,2012_Q2
2012-04-26 02:00:00,13,8.9023731962613422,0,126.04767223712564,23,7,6,2012_Q2
2012-04-26 03:00:00,6,5.8083880156247449,0,122.95368705648904,13,3,4,2012_Q2
2012-04-26 04:00:00,3,4.2062078737070046,0,121.3515069145713,6,6,4,2012_Q2
2012-04-26 05:00:00,17,22.648185195430329,0,139.79348423629463,3,24,30,2012_Q2
2012-04-26 06:00:00,127,90.706378456628869,0,207.85167749749317,17,106,120,2012_Q2
2012-04-26 07:00:00,225,292.37950492850229,175.23420588763798,409.52480396936659,127,389,406,2012_Q2
2012-04-26 08:00:00,362,312.54968921234575,195.40439017148145,429.69498825321006,225,654,677,2012_Q2
2012-04-26 09:00:00,201,207.60305154352685,90.457752502662544,324.74835058439112,362,321,301,2012_Q2
2012-04-26 10:00:00,139,110.0856032017807,0,227.23090224264502,201,182,189,2012_Q2
2012-04-26 11:00:00,151,152.08607401313051,34.940774972266212,269.23137305399484,139,219,229,2012_Q2
2012-04-26 12:00:00,204,179.41274828302113,62.267449242156829,296.55804732388543,151,269,264,2012_Q2
2012-04-26 13:00:00,197,176.65947175937728,59.514172718512981,293.80477080024161,204,228,238,2012_Q2
2012-04-26 14:00:00,169,175.86986429667152,58.724565255807221,293.0151633375358,197,223,237,2012_Q2
2012-04-26 15:00:00,204,197.68578222008901,80.540483179224708,314.83108126095328,169,229,262,2012_Q2
2012-04-26 16:00:00,318,291.23242934797258,174.08713030710828,408.37772838883689,204,376,387,2012_Q2
2012-04-26 17:00:00,614,462.15539172772623,345.01009268686192,579.30069076859058,318,732,748,2012_Q2
2012-04-26 18:00:00,664,537.05783310050231,419.91253405963801,654.20313214136661,614,709,776,2012_Q2
2012-04-26 19:00:00,464,432.33283447758299,315.18753543671869,549.47813351844729,664,543,586,2012_Q2
2012-04-26 20:00:00,337,301.0078598486233,183.862560807759,418.1531588894876,464,380,404,2012_Q2
2012-04-26 21:00:00,250,275.84106288519274,158.69576384432844,392.98636192605704,337,239,267,2012_Q2
2012-04-26 22:00:00,183,192.45832431635006,75.313025275485757,309.60362335721436,250,192,248,2012_Q2
2012-04-26 23:00:00,112,122.23945538028434,5.0941563394200386,239.38475442114864,183,104,144,2012_Q2
2012-04-27 00:00:00,73,60.583982247755699,0,177.72928128862,112,43,64,2012_Q2
2012-04-27 01:00:00,35,35.30409083996166,0,152.44938988082595,73,23,25,2012_Q2
2012-04-27 02:00:00,22,19.277349323943248,0,136.42264836480754,35,13,21,2012_Q2
2012-04-27 03:00:00,3,8.5914856905408978,0,125.73678473140519,22,6,10,2012_Q2
2012-04-27 04:00:00,6,4.4627608986860743,0,121.60805993955037,3,3,3,2012_Q2
2012-04-27 05:00:00,19,21.064399792931393,0,138.2096988337957,6,17,25,2012_Q2
2012-04-27 06:00:00,120,97.452520855087556,0,214.59781989595186,19,127,113,2012_Q2
2012-04-27 07:00:00,315,286.81171111714701,169.66641207628271,403.95701015801131,120,225,359,2012_Q2
2012-04-27 08:00:00,592,492.5698632045262,375.4245641636619,609.7151622453905,315,362,700,2012_Q2
2012-04-27 09:00:00,334,360.10994234069068,242.96464329982638,477.25524138155498,592,201,359,2012_Q2
2012-04-27 10:00:00,236,231.03723720438003,113.89193816351573,348.18253624524436,334,139,237,2012_Q2
2012-04-27 11:00:00,233,225.97880113943398,108.83350209856968,343.12410018029829,236,151,254,2012_Q2
2012-04-27 12:00:00,307,250.84070127092735,133.69540223006305,367.98600031179166,233,204,362,2012_Q2
2012-04-27 13:00:00,306,352.80502845692251,235.65972941605821,469.95032749778682,307,197,381,2012_Q2
2012-04-27 14:00:00,300,368.82673145221003,251.68143241134572,485.97203049307433,306,169,394,2012_Q2
2012-04-27 15:00:00,324,359.22376344064787,242.07846439978357,476.36906248151217,300,204,407,2012_Q2
2012-04-27 16:00:00,440,440.23555495944066,323.09025591857636,557.38085400030491,324,318,580,2012_Q2
2012-04-27 17:00:00,702,485.64218139298737,368.49688235212307,602.78748043385167,440,614,819,2012_Q2
2012-04-27 18:00:00,654,489.91424289950544,372.76894385864114,607.05954194036974,702,664,668,2012_Q2
2012-04-27 19:00:00,441,437.64867585855649,320.50337681769219,554.79397489942085,654,464,492,2012_Q2
2012-04-27 20:00:00,289,307.58680683952645,190.44150779866214,424.73210588039075,441,337,341,2012_Q2
2012-04-27 21:00:00,208,235.83430132437979,118.68900228351549,352.9796003652441,289,250,287,2012_Q2
2012-04-27 22:00:00,158,173.32756105212067,56.18226201125637,290.472860092985,208,183,202,2012_Q2
2012-04-27 23:00:00,116,122.54830717935077,5.4030081384864701,239.69360622021509,158,112,187,2012_Q2
2012-04-28 00:00:00,103,94.017527740241775,0,211.16282678110608,116,73,142,2012_Q2
2012-04-28 01:00:00,67,73.120063317278877,0,190.26536235814319,103,35,88,2012_Q2
2012-04-28 02:00:00,57,53.818309677910875,0,170.96360871877516,67,22,81,2012_Q2
2012-04-28 03:00:00,26,25.785068951969571,0,142.93036799283388,57,3,29,2012_Q2
2012-04-28 04:00:00,2,7.7158668691737464,0,124.86116591003805,26,6,9,2012_Q2
2012-04-28 05:00:00,5,6.9282461217383142,0,124.07354516260261,2,19,1,2012_Q2
2012-04-28 06:00:00,28,21.424195900988707,0,138.56949494185301,5,120,31,2012_Q2
2012-04-28 07:00:00,55,64.876479829633638,0,182.02177887049794,28,315,76,2012_Q2
2012-04-28 08:00:00,158,121.27241604831617,4.1271170074518722,238.41771508918049,55,592,201,2012_Q2
2012-04-28 09:00:00,214,237.711993093686,120.5666940528217,354.85729213455033,158,334,331,2012_Q2
2012-04-28 10:00:00,291,269.28609858881595,152.14079954795164,386.43139762968025,214,236,482,2012_Q2
2012-04-28 11:00:00,358,333.22688750343463,216.08158846257032,450.37218654429893,291,233,608,2012_Q2
2012-04-28 12:00:00,381,381.41819918535651,264.27290014449221,498.56349822622082,358,307,640,2012_Q2
2012-04-28 13:00:00,389,354.74270594446654,237.59740690360223,471.88800498533084,381,306,649,2012_Q2
2012-04-28 14:00:00,440,342.1821086659163,225.036809625052,459.3274077067806,389,300,609,2012_Q2
2012-04-28 15:00:00,408,402.02094839832074,284.87564935745644,519.1662474391851,440,324,628,2012_Q2
2012-04-28 16:00:00,376,384.62742399058874,267.48212494972444,501.77272303145304,408,440,639,2012_Q2
2012-04-28 17:00:00,322,338.44549278442764,221.30019374356334,455.59079182529194,376,702,568,2012_Q2
2012-04-28 18:00:00,90,298.59271905678389,181.44742001591959,415.73801809764819,322,654,416,2012_Q2
2012-04-28 19:00:00,139,67.302095482301567,0,184.44739452316588,90,441,54,2012_Q2
2012-04-28 20:00:00,102,116.91310612703485,0,234.05840516789914,139,289,39,2012_Q2
2012-04-28 21:00:00,84,90.835237103988433,0,207.98053614485275,102,208,102,2012_Q2
2012-04-28 22:00:00,83,62.02620376878923,0,179.17150280965353,84,158,110,2012_Q2
2012-04-28 23:00:00,42,61.46857441198496,0,178.61387345284925,83,116,91,2012_Q2
2012-04-29 00:00:00,36,42.454523201813664,0,159.59982224267796,42,103,117,2012_Q2
2012-04-29 01:00:00,42,26.730805118580403,0,143.87610415944471,36,67,73,2012_Q2
2012-04-29 02:00:00,40,39.272590478618788,0,156.41788951948308,42,57,56,2012_Q2
2012-04-29 03:00:00,16,22.991487866485926,0,140.13678690735023,40,26,40,2012_Q2
2012-04-29 04:00:00,4,5.8794805766084401,0,123.02477961747275,16,2,7,2012_Q2
2012-04-29 05:00:00,6,5.1468419714487599,0,122.29214101231307,4,5,6,2012_Q2
2012-04-29 06:00:00,7,16.264006250342938,0,133.40930529120723,6,28,12,2012_Q2
2012-04-29 07:00:00,27,22.070199490587807,0,139.21549853145211,7,55,24,2012_Q2
2012-04-29 08:00:00,107,68.573993985773512,0,185.71929302663781,27,158,51,2012_Q2
2012-04-29 09:00:00,185,173.09473863874217,55.94943959787787,290.24003767960647,107,214,79,2012_Q2
2012-04-29 10:00:00,380,260.98343461106407,143.83813557019977,378.12873365192837,185,291,68,2012_Q2
2012-04-29 11:00:00,411,394.45319621542484,277.30789717456054,511.59849525628914,380,358,77,2012_Q2
2012-04-29 12:00:00,584,426.65985231062677,309.51455326976247,543.80515135149108,411,381,61,2012_Q2
2012-04-29 13:00:00,595,481.50539898514899,364.36009994428468,598.65069802601329,584,389,52,2012_Q2
2012-04-29 14:00:00,653,461.19476756590143,344.04946852503713,578.34006660676573,595,440,53,2012_Q2
2012-04-29 15:00:00,603,491.69182200455396,374.54652296368965,608.83712104541826,653,408,38,2012_Q2
2012-04-29 16:00:00,587,491.98757081409332,374.84227177322902,609.13286985495756,603,376,36,2012_Q2
2012-04-29 17:00:00,522,464.01215862375517,346.86685958289087,581.15745766461941,587,322,27,2012_Q2
2012-04-29 18:00:00,487,395.03750056942096,277.89220152855665,512.1827996102852,522,90,39,2012_Q2
2012-04-29 19:00:00,375,333.17889690049327,216.03359785962897,450.32419594135757,487,139,35,2012_Q2
2012-04-29 20:00:00,243,271.76792154982536,154.62262250896106,388.91322059068966,375,102,35,2012_Q2
2012-04-29 21:00:00,204,198.16110751771416,81.015808476849855,315.30640655857849,243,84,11,2012_Q2
2012-04-29 22:00:00,108,133.22856515077098,16.083266109906674,250.37386419163528,204,83,13,2012_Q2
2012-04-29 23:00:00,82,63.151178980225424,0,180.29647802108974,108,42,17,2012_Q2
2012-04-30 00:00:00,48,49.149609135986999,0,166.29490817685129,82,36,6,2012_Q2
2012-04-30 01:00:00,24,22.942986703587763,0,140.08828574445207,48,42,2,2012_Q2
2012-04-30 02:00:00,8,11.931398540375302,0,129.07669758123961,24,40,4,2012_Q2
2012-04-30 03:00:00,4,5.0068907587632392,0,122.15218979962754,8,16,1,2012_Q2
2012-04-30 04:00:00,2,3.5099898576332751,0,120.65528889849757,4,4,3,2012_Q2
2012-04-30 05:00:00,20,19.599053542571568,0,136.74435258343587,2,6,14,2012_Q2
2012-04-30 06:00:00,123,85.116176973428267,0,202.26147601429255,20,7,45,2012_Q2
2012-04-30 07:00:00,349,280.63154848501426,163.48624944414996,397.77684752587857,123,27,207,2012_Q2
2012-04-30 08:00:00,596,477.94363783324712,360.79833879238282,595.08893687411137,349,107,482,2012_Q2
2012-04-30 09:00:00,268,289.6828720878616,172.5375730469973,406.8281711287259,596,185,272,2012_Q2
2012-04-30 10:00:00,157,179.96099192636399,62.815692885499686,297.10629096722829,268,380,100,2012_Q2
2012-04-30 11:00:00,163,129.22846005288989,12.083161012025585,246.37375909375419,157,411,101,2012_Q2
2012-04-30 12:00:00,225,180.01378432862944,62.868485287765139,297.15908336949371,163,584,129,2012_Q2
2012-04-30 13:00:00,247,198.01477067364115,80.86947163277685,315.16006971450543,225,595,107,2012_Q2
2012-04-30 14:00:00,218,210.00046084414242,92.855161803278122,327.14575988500673,247,653,114,2012_Q2
2012-04-30 15:00:00,231,212.00160976487206,94.856310724007756,329.14690880573636,218,603,112,2012_Q2
2012-04-30 16:00:00,347,286.47292631802719,169.32762727716289,403.61822535889149,231,587,103,2012_Q2
2012-04-30 17:00:00,683,482.29713095606786,365.15183191520356,599.44242999693211,347,522,232,2012_Q2
2012-04-30 18:00:00,664,492.28957983389233,375.14428079302803,609.43487887475658,683,487,379,2012_Q2
2012-04-30 19:00:00,471,343.37331909501489,226.22802005415059,460.51861813587919,664,375,298,2012_Q2
2012-04-30 20:00:00,309,292.67492338846097,175.52962434759667,409.82022242932527,471,243,203,2012_Q2
2012-04-30 21:00:00,221,217.50747069096508,100.36217165010078,334.65276973182938,309,204,152,2012_Q2
2012-04-30 22:00:00,134,147.49615157304632,30.350852532182017,264.64145061391059,221,108,89,2012_Q2
2012-04-30 23:00:00,60,68.628015973465395,0,185.77331501432968,134,82,59,2012_Q2
2012-05-01 00:00:00,35,22.161669716235497,0,139.30696875709981,60,48,13,2012_Q2
2012-05-01 01:00:00,21,12.924719883696602,0,130.07001892456091,35,24,7,2012_Q2
2012-05-01 02:00:00,8,9.5891502180536623,0,126.73444925891796,21,8,3,2012_Q2
2012-05-01 03:00:00,3,4.2302565602199111,0,121.37555560108422,8,4,2,2012_Q2
2012-05-01 04:00:00,8,3.6784964701946503,0,120.82379551105895,3,2,3,2012_Q2
2012-05-01 05:00:00,17,26.961144264663233,0,144.10644330552753,8,20,22,2012_Q2
2012-05-01 06:00:00,26,98.503287542881878,0,215.64858658374618,17,123,120,2012_Q2
2012-05-01 07:00:00,169,68.634376684157616,0,185.77967572502192,26,349,390,2012_Q2
2012-05-01 08:00:00,557,343.9807537335812,226.83545469271689,461.1260527744455,169,596,611,2012_Q2
2012-05-01 09:00:00,349,310.69916913913903,193.55387009827473,427.84446818000333,557,268,308,2012_Q2
2012-05-01 10:00:00,174,170.70464812787478,53.559349087010474,287.84994716873905,349,157,162,2012_Q2
2012-05-01 11:00:00,229,163.42577686050353,46.280477819639231,280.57107590136786,174,163,184,2012_Q2
2012-05-01 12:00:00,269,211.20848631366653,94.063187272802224,328.35378535453083,229,225,224,2012_Q2
2012-05-01 13:00:00,249,295.19146083493592,178.04616179407162,412.33675987580023,269,247,224,2012_Q2
2012-05-01 14:00:00,204,239.47542660038798,122.33012755952367,356.62072564125231,249,218,216,2012_Q2
2012-05-01 15:00:00,234,206.64795851633508,89.502659475470779,323.79325755719935,204,231,236,2012_Q2
2012-05-01 16:00:00,354,295.50886364595635,178.36356460509205,412.65416268682065,234,347,362,2012_Q2
2012-05-01 17:00:00,681,597.61050336612323,480.46520432525892,714.75580240698753,354,683,691,2012_Q2
2012-05-01 18:00:00,743,584.50314891088431,467.35784987002,701.64844795174861,681,664,632,2012_Q2
2012-05-01 19:00:00,487,468.69262688712621,351.54732784626191,585.83792592799045,743,471,482,2012_Q2
2012-05-01 20:00:00,335,342.15241189105058,225.00711285018627,459.29771093191488,487,309,285,2012_Q2
2012-05-01 21:00:00,282,261.64266314014992,144.49736409928562,378.78796218101422,335,221,226,2012_Q2
2012-05-01 22:00:00,211,197.2029428846794,80.0576438438151,314.34824192554368,282,134,157,2012_Q2
2012-05-01 23:00:00,95,106.72768073277359,0,223.87297977363789,211,60,73,2012_Q2
2012-05-02 00:00:00,47,38.152039012315527,0,155.29733805317983,95,35,36,2012_Q2
2012-05-02 01:00:00,15,21.071014506203539,0,138.21631354706784,47,21,25,2012_Q2
2012-05-02 02:00:00,16,7.5092382912952447,0,124.65453733215955,15,8,7,2012_Q2
2012-05-02 03:00:00,6,5.299075892104141,0,122.44437493296844,16,3,3,2012_Q2
2012-05-02 04:00:00,4,4.2669383254570663,0,121.41223736632136,6,8,6,2012_Q2
2012-05-02 05:00:00,33,22.089755070575723,0,139.23505411144004,4,17,24,2012_Q2
2012-05-02 06:00:00,120,106.80959909189895,0,223.95489813276325,33,26,106,2012_Q2
2012-05-02 07:00:00,358,241.96432513795406,124.81902609708976,359.10962417881836,120,169,389,2012_Q2
2012-05-02 08:00:00,666,394.97167970387159,277.82638066300728,512.11697874473589,358,557,654,2012_Q2
2012-05-02 09:00:00,315,312.80433649403562,195.65903745317132,429.94963553489993,666,349,321,2012_Q2
2012-05-02 10:00:00,175,158.22759097983135,41.082291938967046,275.37289002069565,315,174,182,2012_Q2
2012-05-02 11:00:00,184,165.14612898937679,48.000829948512489,282.29142803024109,175,229,219,2012_Q2
2012-05-02 12:00:00,245,208.27157804972373,91.126279008859427,325.41687709058806,184,269,269,2012_Q2
2012-05-02 13:00:00,228,215.3337845325959,98.188485491731598,332.47908357346023,245,249,228,2012_Q2
2012-05-02 14:00:00,240,180.92553058597795,63.780231545113651,298.07082962684228,228,204,223,2012_Q2
2012-05-02 15:00:00,256,243.38555402770652,126.24025498684222,360.53085306857082,240,234,229,2012_Q2
2012-05-02 16:00:00,367,314.8578993790839,197.7126003382196,432.00319841994821,256,354,376,2012_Q2
2012-05-02 17:00:00,729,500.14210823075075,382.99680918988645,617.28740727161505,367,681,732,2012_Q2
2012-05-02 18:00:00,813,449.9128506475684,332.7675516067041,567.05814968843265,729,743,709,2012_Q2
2012-05-02 19:00:00,504,399.11463335755474,281.96933431669044,516.2599323984191,813,487,543,2012_Q2
2012-05-02 20:00:00,338,303.72044625475428,186.57514721388998,420.86574529561858,504,335,380,2012_Q2
2012-05-02 21:00:00,239,237.44794328286366,120.30264424199936,354.59324232372796,338,282,239,2012_Q2
2012-05-02 22:00:00,173,186.74879262351956,69.603493582655261,303.89409166438384,239,211,192,2012_Q2
2012-05-02 23:00:00,98,94.874919190787054,0,212.02021823165137,173,95,104,2012_Q2
2012-05-03 00:00:00,90,48.387584671482415,0,165.53288371234672,98,47,43,2012_Q2
2012-05-03 01:00:00,24,34.806283612272964,0,151.95158265313728,90,15,23,2012_Q2
2012-05-03 02:00:00,17,13.31667860049407,0,130.46197764135837,24,16,13,2012_Q2
2012-05-03 03:00:00,6,6.4058717702169607,0,123.55117081108126,17,6,6,2012_Q2
2012-05-03 04:00:00,2,3.9457924860946991,0,121.091091526959,6,4,3,2012_Q2
2012-05-03 05:00:00,21,20.356271547873305,0,137.50157058873759,2,33,17,2012_Q2
2012-05-03 06:00:00,136,102.04515639331785,0,219.19045543418216,21,120,127,2012_Q2
2012-05-03 07:00:00,384,290.29062386142846,173.14532482056416,407.43592290229276,136,358,225,2012_Q2
2012-05-03 08:00:00,627,303.35122243640348,186.20592339553917,420.49652147726778,384,666,362,2012_Q2
2012-05-03 09:00:00,304,253.00650310611422,135.86120406524992,370.15180214697853,627,315,201,2012_Q2
2012-05-03 10:00:00,168,158.19997826855416,41.05467922768986,275.34527730941846,304,175,139,2012_Q2
2012-05-03 11:00:00,201,151.97025107478447,34.824952033920169,269.11555011564877,168,184,151,2012_Q2
2012-05-03 12:00:00,301,230.36681494288155,113.22151590201725,347.51211398374585,201,245,204,2012_Q2
2012-05-03 13:00:00,265,332.1531684415873,215.007869400723,449.2984674824516,301,228,197,2012_Q2
2012-05-03 14:00:00,204,290.64799319802052,173.50269415715621,407.79329223888482,265,240,169,2012_Q2
2012-05-03 15:00:00,283,201.57293994492065,84.427640904056346,318.71823898578498,204,256,204,2012_Q2
2012-05-03 16:00:00,370,356.39837878788711,239.25307974702281,473.54367782875141,283,367,318,2012_Q2
2012-05-03 17:00:00,704,552.16125998570919,435.01596094484489,669.3065590265735,370,729,614,2012_Q2
2012-05-03 18:00:00,706,506.30073533460006,389.15543629373576,623.44603437546436,704,813,664,2012_Q2
2012-05-03 19:00:00,522,442.55289471953688,325.40759567867258,559.69819376040118,706,504,464,2012_Q2
2012-05-03 20:00:00,420,335.36101359024434,218.21571454938004,452.50631263110864,522,338,337,2012_Q2
2012-05-03 21:00:00,299,298.25696168460263,181.11166264373833,415.40226072546693,420,239,250,2012_Q2
2012-05-03 22:00:00,246,205.20723012139305,88.061931080528751,322.35252916225738,299,173,183,2012_Q2
2012-05-03 23:00:00,121,154.76276555878289,37.617466517918587,271.90806459964722,246,98,112,2012_Q2
2012-05-04 00:00:00,89,67.535793538870706,0,184.68109257973501,121,90,73,2012_Q2
2012-05-04 01:00:00,48,41.05619753484585,0,158.20149657571017,89,24,35,2012_Q2
2012-05-04 02:00:00,11,26.42971237218989,0,143.5750114130542,48,17,22,2012_Q2
2012-05-04 03:00:00,14,5.7381041788958687,0,122.88340321976017,11,6,3,2012_Q2
2012-05-04 04:00:00,4,5.5787985738749581,0,122.72409761473926,14,2,6,2012_Q2
2012-05-04 05:00:00,24,21.994761821927376,0,139.14006086279167,4,21,19,2012_Q2
2012-05-04 06:00:00,135,102.69572106863174,0,219.84102010949604,24,136,120,2012_Q2
2012-05-04 07:00:00,356,292.49810971291703,175.35281067205273,409.64340875378133,135,384,315,2012_Q2
2012-05-04 08:00:00,618,456.51424061079877,339.36894156993446,573.65953965166307,356,627,592,2012_Q2
2012-05-04 09:00:00,294,349.27736900784146,232.13206996697716,466.42266804870576,618,304,334,2012_Q2
2012-05-04 10:00:00,199,244.57814129036336,127.43284224949906,361.72344033122766,294,168,236,2012_Q2
2012-05-04 11:00:00,258,189.33199245953472,72.186693418670416,306.47729150039902,199,201,233,2012_Q2
2012-05-04 12:00:00,171,290.98158895897774,173.83628991811344,408.12688799984204,258,301,307,2012_Q2
2012-05-04 13:00:00,278,150.24385404405066,33.098555003186362,267.38915308491494,171,265,306,2012_Q2
2012-05-04 14:00:00,242,303.80986166901482,186.66456262815052,420.95516070987912,278,204,300,2012_Q2
2012-05-04 15:00:00,343,257.79309593989746,140.64779689903315,374.93839498076176,242,283,324,2012_Q2
2012-05-04 16:00:00,440,390.50554953766363,273.36025049679932,507.65084857852793,343,370,440,2012_Q2
2012-05-04 17:00:00,643,544.57417367992298,427.42887463905868,661.71947272078728,440,704,702,2012_Q2
2012-05-04 18:00:00,641,465.11098873212092,347.96568969125661,582.25628777298516,643,706,654,2012_Q2
2012-05-04 19:00:00,452,397.51862211979733,280.37332307893303,514.66392116066163,641,522,441,2012_Q2
2012-05-04 20:00:00,313,358.9994620995019,241.8541630586376,476.1447611403662,452,420,289,2012_Q2
2012-05-04 21:00:00,235,252.24857715241467,135.10327811155037,369.39387619327897,313,299,208,2012_Q2
2012-05-04 22:00:00,232,193.83080661941506,76.685507578550755,310.97610566027936,235,246,158,2012_Q2
2012-05-04 23:00:00,256,166.73684790258949,49.591548861725187,283.88214694345379,232,121,116,2012_Q2
2012-05-05 00:00:00,153,182.4984552146916,65.353156173827301,299.6437542555559,256,89,103,2012_Q2
2012-05-05 01:00:00,107,100.25958859804342,0,217.40488763890772,153,48,67,2012_Q2
2012-05-05 02:00:00,75,70.385906175438649,0,187.53120521630296,107,11,57,2012_Q2
2012-05-05 03:00:00,32,35.329867077615809,0,152.4751661184801,75,14,26,2012_Q2
2012-05-05 04:00:00,9,5.8736403909047974,0,123.0189394317691,32,4,2,2012_Q2
2012-05-05 05:00:00,22,9.337210620263745,0,126.48250966112805,9,24,5,2012_Q2
2012-05-05 06:00:00,42,39.868648613299257,0,157.01394765416356,22,135,28,2012_Q2
2012-05-05 07:00:00,87,87.857441325453379,0,205.00274036631768,42,356,55,2012_Q2
2012-05-05 08:00:00,197,176.22245777235051,59.077158731486207,293.36775681321478,87,618,158,2012_Q2
2012-05-05 09:00:00,284,250.36696634068133,133.22166729981703,367.5122653815456,197,294,214,2012_Q2
2012-05-05 10:00:00,432,341.61367127487847,224.46837223401417,458.75897031574277,284,199,291,2012_Q2
2012-05-05 11:00:00,575,413.48371021057039,296.33841116970609,530.6290092514347,432,258,358,2012_Q2
2012-05-05 12:00:00,550,428.23515097498921,311.08985193412491,545.38045001585351,575,171,381,2012_Q2
2012-05-05 13:00:00,524,405.90303612286556,288.75773708200126,523.04833516372992,550,278,389,2012_Q2
2012-05-05 14:00:00,428,407.17493555195159,290.02963651108729,524.32023459281595,524,242,440,2012_Q2
2012-05-05 15:00:00,541,327.15064930579757,210.00535026493327,444.29594834666187,428,343,408,2012_Q2
2012-05-05 16:00:00,540,340.80591500202308,223.66061596115878,457.95121404288739,541,440,376,2012_Q2
2012-05-05 17:00:00,502,370.12803449650841,252.9827354556441,487.27333353737271,540,643,322,2012_Q2
2012-05-05 18:00:00,434,375.19063273482715,258.04533369396285,492.33593177569145,502,641,90,2012_Q2
2012-05-05 19:00:00,405,333.45403460937877,216.30873556851446,450.59933365024307,434,452,139,2012_Q2
2012-05-05 20:00:00,309,290.18709784353263,173.04179880266832,407.33239688439693,405,313,102,2012_Q2
2012-05-05 21:00:00,269,227.91919494527144,110.77389590440714,345.06449398613574,309,235,84,2012_Q2
2012-05-05 22:00:00,217,206.87390301426527,89.728603973400965,324.01920205512954,269,232,83,2012_Q2
2012-05-05 23:00:00,149,166.96759510332083,49.82229606245653,284.11289414418513,217,256,42,2012_Q2
2012-05-06 00:00:00,134,114.11798336460551,0,231.26328240546979,149,153,36,2012_Q2
2012-05-06 01:00:00,121,102.71922478799878,0,219.86452382886307,134,107,42,2012_Q2
2012-05-06 02:00:00,93,84.92334353072664,0,202.06864257159094,121,75,40,2012_Q2
2012-05-06 03:00:00,28,38.331424091189099,0,155.47672313205339,93,32,16,2012_Q2
2012-05-06 04:00:00,16,7.3458050013076717,0,124.49110404217197,28,9,4,2012_Q2
2012-05-06 05:00:00,11,8.6908015101996021,0,125.83610055106391,16,22,6,2012_Q2
2012-05-06 06:00:00,17,15.458728972295471,0,132.60402801315976,11,42,7,2012_Q2
2012-05-06 07:00:00,36,29.872741777990171,0,147.01804081885447,17,87,27,2012_Q2
2012-05-06 08:00:00,114,70.877971820713768,0,188.02327086157806,36,197,107,2012_Q2
2012-05-06 09:00:00,191,165.41071253595607,48.265413495091764,282.55601157682037,114,284,185,2012_Q2
2012-05-06 10:00:00,333,281.70559901816176,164.56029997729746,398.85089805902606,191,432,380,2012_Q2
2012-05-06 11:00:00,414,377.21811087201291,260.07281183114861,494.36340991287722,333,575,411,2012_Q2
2012-05-06 12:00:00,558,436.7880268923135,319.64272785144919,553.9333259331778,414,550,584,2012_Q2
2012-05-06 13:00:00,565,403.91230284453468,286.76700380367038,521.05760188539898,558,524,595,2012_Q2
2012-05-06 14:00:00,518,366.317086189127,249.17178714826269,483.4623852299913,565,428,653,2012_Q2
2012-05-06 15:00:00,571,391.21087311045852,274.06557406959422,508.35617215132282,518,541,603,2012_Q2
2012-05-06 16:00:00,544,409.21122710232197,292.06592806145767,526.35652614318633,571,540,587,2012_Q2
2012-05-06 17:00:00,511,384.96000565989772,267.81470661903342,502.10530470076202,544,502,522,2012_Q2
2012-05-06 18:00:00,463,356.07113196518338,238.92583292431908,473.21643100604769,511,434,487,2012_Q2
2012-05-06 19:00:00,383,332.42700132793351,215.28170228706921,449.57230036879781,463,405,375,2012_Q2
2012-05-06 20:00:00,276,279.78800445118839,162.64270541032408,396.93330349205269,383,309,243,2012_Q2
2012-05-06 21:00:00,203,241.25215028110571,124.10685124024141,358.39744932197004,276,269,204,2012_Q2
2012-05-06 22:00:00,157,152.95818066309991,35.812881622235608,270.10347970396424,203,217,108,2012_Q2
2012-05-06 23:00:00,102,95.282882269894969,0,212.42818131075927,157,149,82,2012_Q2
2012-05-07 00:00:00,34,48.403901208632313,0,165.54920024949661,102,134,48,2012_Q2
2012-05-07 01:00:00,9,18.294386335280066,0,135.43968537614438,34,121,24,2012_Q2
2012-05-07 02:00:00,6,6.8408430185584246,0,123.98614205942273,9,93,8,2012_Q2
2012-05-07 03:00:00,5,4.2350625912023281,0,121.38036163206662,6,28,4,2012_Q2
2012-05-07 04:00:00,2,6.2711332065929559,0,123.41643224745725,5,16,2,2012_Q2
2012-05-07 05:00:00,23,21.236700369442559,0,138.38199941030686,2,11,20,2012_Q2
2012-05-07 06:00:00,142,103.59436691413273,0,220.73966595499704,23,17,123,2012_Q2
2012-05-07 07:00:00,385,315.39615329506933,198.25085425420502,432.54145233593363,142,36,349,2012_Q2
2012-05-07 08:00:00,639,423.26392462129587,306.11862558043157,540.40922366216023,385,114,596,2012_Q2
2012-05-07 09:00:00,350,280.63303966301777,163.48774062215347,397.77833870388207,639,191,268,2012_Q2
2012-05-07 10:00:00,190,204.22884518345845,87.083546142594145,321.37414422432278,350,333,157,2012_Q2
2012-05-07 11:00:00,213,141.71494822858421,24.569649187719904,258.86024726944851,190,414,163,2012_Q2
2012-05-07 12:00:00,263,209.5792078953647,92.433908854500402,326.72450693622898,213,558,225,2012_Q2
2012-05-07 13:00:00,272,258.01398863956069,140.86868959869639,375.159287680425,263,565,247,2012_Q2
2012-05-07 14:00:00,239,286.29281025980544,169.14751121894113,403.43810930066974,272,518,218,2012_Q2
2012-05-07 15:00:00,262,254.61402111086173,137.46872206999743,371.759320151726,239,571,231,2012_Q2
2012-05-07 16:00:00,388,355.00421075369718,237.85891171283288,472.14950979456148,262,544,347,2012_Q2
2012-05-07 17:00:00,769,526.00851225415636,408.86321321329206,643.15381129502066,388,511,683,2012_Q2
2012-05-07 18:00:00,680,495.2921943223929,378.1468952815286,612.4374933632572,769,463,664,2012_Q2
2012-05-07 19:00:00,546,436.4354674518197,319.2901684109554,553.58076649268401,680,383,471,2012_Q2
2012-05-07 20:00:00,323,356.30825685504976,239.16295781418546,473.45355589591406,546,276,309,2012_Q2
2012-05-07 21:00:00,247,230.76551727094883,113.62021823008453,347.91081631181316,323,203,221,2012_Q2
2012-05-07 22:00:00,173,162.89944982785974,45.754150786995439,280.04474886872401,247,157,134,2012_Q2
2012-05-07 23:00:00,113,87.621003747842721,0,204.76630278870704,173,102,60,2012_Q2
2012-05-08 00:00:00,38,44.950219525845078,0,162.09551856670939,113,34,35,2012_Q2
2012-05-08 01:00:00,9,17.183884956966505,0,134.3291839978308,38,9,21,2012_Q2
2012-05-08 02:00:00,16,6.2974956151243964,0,123.44279465598869,9,6,8,2012_Q2
2012-05-08 03:00:00,6,4.2874660090646177,0,121.43276504992892,16,5,3,2012_Q2
2012-05-08 04:00:00,5,4.0780461688895944,0,121.2233452097539,6,2,8,2012_Q2
2012-05-08 05:00:00,20,23.110196444480046,0,140.25549548534434,5,23,17,2012_Q2
2012-05-08 06:00:00,165,73.897369566786324,0,191.04266860765063,20,142,26,2012_Q2
2012-05-08 07:00:00,463,362.59229620725745,245.44699716639315,479.73759524812175,165,385,169,2012_Q2
2012-05-08 08:00:00,641,502.30549405736451,385.16019501650021,619.45079309822881,463,639,557,2012_Q2
2012-05-08 09:00:00,295,345.26211855003271,228.11681950916841,462.40741759089701,641,350,349,2012_Q2
2012-05-08 10:00:00,157,160.13939475036139,42.994095709497088,277.28469379122566,295,190,174,2012_Q2
2012-05-08 11:00:00,217,155.00378186785656,37.858482826992258,272.14908090872086,157,213,229,2012_Q2
2012-05-08 12:00:00,263,240.98474856924054,123.83944952837624,358.13004761010484,217,263,269,2012_Q2
2012-05-08 13:00:00,219,239.54961314001363,122.40431409914933,356.69491218087796,263,272,249,2012_Q2
2012-05-08 14:00:00,71,167.03385589962127,49.888556858756971,284.17915494048555,219,239,204,2012_Q2
2012-05-08 15:00:00,134,88.038252784633599,0,205.18355182549789,71,262,234,2012_Q2
2012-05-08 16:00:00,389,193.8176687989139,76.672369758049598,310.96296783977823,134,388,354,2012_Q2
2012-05-08 17:00:00,717,385.62569085255961,268.48039181169531,502.77098989342392,389,769,681,2012_Q2
2012-05-08 18:00:00,710,516.01411162675868,398.86881258589437,633.15941066762298,717,680,743,2012_Q2
2012-05-08 19:00:00,458,421.7342045964815,304.5889055556172,538.87950363734581,710,546,487,2012_Q2
2012-05-08 20:00:00,302,288.31579180975859,171.17049276889429,405.4610908506229,458,323,335,2012_Q2
2012-05-08 21:00:00,223,246.94200344355977,129.79670440269547,364.08730248442407,302,247,282,2012_Q2
2012-05-08 22:00:00,147,155.02891737355236,37.883618332688059,272.17421641441666,223,173,211,2012_Q2
2012-05-08 23:00:00,63,71.354193581869254,0,188.49949262273356,147,113,95,2012_Q2
2012-05-09 00:00:00,35,31.448079755825191,0,148.59337879668948,63,38,47,2012_Q2
2012-05-09 01:00:00,14,11.685348279251063,0,128.83064732011536,35,9,15,2012_Q2
2012-05-09 02:00:00,1,9.0066335995191924,0,126.15193264038349,14,16,16,2012_Q2
2012-05-09 03:00:00,2,2.9858750726346921,0,120.131174113499,1,6,6,2012_Q2
2012-05-09 04:00:00,5,3.172335019043429,0,120.31763405990773,2,5,4,2012_Q2
2012-05-09 05:00:00,28,20.4117421430783,0,137.5570411839426,5,20,33,2012_Q2
2012-05-09 06:00:00,126,105.97144253557376,0,223.11674157643807,28,165,120,2012_Q2
2012-05-09 07:00:00,418,290.31102172927484,173.16572268841054,407.45632077013914,126,463,358,2012_Q2
2012-05-09 08:00:00,622,399.08310548352068,281.93780644265638,516.22840452438504,418,641,666,2012_Q2
2012-05-09 09:00:00,325,311.40091963726735,194.25562059640305,428.54621867813165,622,295,315,2012_Q2
2012-05-09 10:00:00,153,156.89568482880762,39.750385787943316,274.04098386967189,325,157,175,2012_Q2
2012-05-09 11:00:00,201,145.16801577330003,28.022716732435725,262.3133148141643,153,217,184,2012_Q2
2012-05-09 12:00:00,280,220.94282597736634,103.79752693650204,338.08812501823064,201,263,245,2012_Q2
2012-05-09 13:00:00,266,276.9941361582583,159.848837117394,394.1394351991226,280,219,228,2012_Q2
2012-05-09 14:00:00,243,263.0913595965406,145.9460605556763,380.2366586374049,266,71,240,2012_Q2
2012-05-09 15:00:00,259,228.11508351326054,110.96978447239624,345.26038255412482,243,134,256,2012_Q2
2012-05-09 16:00:00,357,334.32248215942388,217.17718311855958,451.46778120028819,259,389,367,2012_Q2
2012-05-09 17:00:00,705,468.51197836884432,351.36667932798002,585.65727740970863,357,717,729,2012_Q2
2012-05-09 18:00:00,372,462.96562756999811,345.8203285291338,580.11092661086241,705,710,813,2012_Q2
2012-05-09 19:00:00,98,279.5087745058168,162.3634754649525,396.6540735466811,372,458,504,2012_Q2
2012-05-09 20:00:00,51,89.953112929646778,0,207.09841197051108,98,302,338,2012_Q2
2012-05-09 21:00:00,34,63.04001302289403,0,180.18531206375832,51,223,239,2012_Q2
2012-05-09 22:00:00,67,39.280390798550776,0,156.42568983941507,34,147,173,2012_Q2
2012-05-09 23:00:00,55,34.694829264134448,0,151.84012830499876,67,63,98,2012_Q2
2012-05-10 00:00:00,33,25.692348807809427,0,142.83764784867373,55,35,90,2012_Q2
2012-05-10 01:00:00,11,13.689307926322629,0,130.83460696718694,33,14,24,2012_Q2
2012-05-10 02:00:00,3,7.5977146837574878,0,124.74301372462179,11,1,17,2012_Q2
2012-05-10 03:00:00,3,3.8446875359273847,0,120.98998657679169,3,2,6,2012_Q2
2012-05-10 04:00:00,2,3.4000918588394211,0,120.54539089970372,3,5,2,2012_Q2
2012-05-10 05:00:00,24,23.722322751867363,0,140.86762179273165,2,28,21,2012_Q2
2012-05-10 06:00:00,139,108.62637901079636,0,225.77167805166067,24,126,136,2012_Q2
2012-05-10 07:00:00,401,318.14726299761713,201.00196395675283,435.29256203848144,139,418,384,2012_Q2
2012-05-10 08:00:00,630,488.94027265523931,371.79497361437501,606.08557169610367,401,622,627,2012_Q2
2012-05-10 09:00:00,361,352.38909064516929,235.24379160430499,469.53438968603359,630,325,304,2012_Q2
2012-05-10 10:00:00,154,192.32585374301615,75.180554702151852,309.47115278388048,361,153,168,2012_Q2
2012-05-10 11:00:00,256,172.22444996400208,55.079150923137774,289.36974900486638,154,201,201,2012_Q2
2012-05-10 12:00:00,272,275.6912760245778,158.5459769837135,392.8365750654421,256,280,301,2012_Q2
2012-05-10 13:00:00,318,293.47245828986973,176.32715924900543,410.61775733073404,272,266,265,2012_Q2
2012-05-10 14:00:00,247,341.96050380909196,224.81520476822766,459.10580284995626,318,243,204,2012_Q2
2012-05-10 15:00:00,271,252.0007052113084,134.8554061704441,369.1460042521727,247,259,283,2012_Q2
2012-05-10 16:00:00,421,356.42946962739057,239.28417058652627,473.57476866825488,271,357,370,2012_Q2
2012-05-10 17:00:00,732,506.8382608892029,389.6929618483386,623.98355993006726,421,705,704,2012_Q2
2012-05-10 18:00:00,770,514.9999909193574,397.8546918784931,632.1452899602217,732,372,706,2012_Q2
2012-05-10 19:00:00,553,473.39086641653284,356.24556737566854,590.53616545739715,770,98,522,2012_Q2
2012-05-10 20:00:00,374,380.83040410314834,263.68510506228404,497.97570314401264,553,51,420,2012_Q2
2012-05-10 21:00:00,230,293.3718930869685,176.2265940461042,410.5171921278328,374,34,299,2012_Q2
2012-05-10 22:00:00,232,183.01485050357914,65.869551462714838,300.16014954444347,230,67,246,2012_Q2
2012-05-10 23:00:00,135,146.04217500792089,28.896875967056587,263.18747404878519,232,55,121,2012_Q2
2012-05-11 00:00:00,64,68.002980526350228,0,185.14827956721453,135,33,89,2012_Q2
2012-05-11 01:00:00,46,34.896957955233837,0,152.04225699609813,64,11,48,2012_Q2
2012-05-11 02:00:00,31,13.97986688460297,0,131.12516592546729,46,3,11,2012_Q2
2012-05-11 03:00:00,13,11.448270191009563,0,128.59356923187386,31,3,14,2012_Q2
2012-05-11 04:00:00,9,6.4796897752134726,0,123.62498881607777,13,2,4,2012_Q2
2012-05-11 05:00:00,26,20.101658853846448,0,137.24695789471076,9,24,24,2012_Q2
2012-05-11 06:00:00,135,95.555471592108049,0,212.70077063297236,26,139,135,2012_Q2
2012-05-11 07:00:00,351,292.18735231412239,175.04205327325809,409.33265135498669,135,401,356,2012_Q2
2012-05-11 08:00:00,620,492.92163956794997,375.77634052708567,610.06693860881433,351,630,618,2012_Q2
2012-05-11 09:00:00,322,368.89135575261906,251.74605671175476,486.03665479348336,620,361,294,2012_Q2
2012-05-11 10:00:00,210,190.48827705667918,73.342978015814879,307.63357609754348,322,154,199,2012_Q2
2012-05-11 11:00:00,291,220.75062434112033,103.60532530025603,337.89592338198463,210,256,258,2012_Q2
2012-05-11 12:00:00,348,348.96583737266286,231.82053833179856,466.11113641352716,291,272,171,2012_Q2
2012-05-11 13:00:00,363,350.42977212229624,233.28447308143194,467.57507116316054,348,318,278,2012_Q2
2012-05-11 14:00:00,334,377.50328187226859,260.35798283140429,494.64858091313289,363,247,242,2012_Q2
2012-05-11 15:00:00,439,384.03773615398637,266.89243711312207,501.18303519485067,334,271,343,2012_Q2
2012-05-11 16:00:00,525,440.70411413501273,323.55881509414843,557.84941317587709,439,421,440,2012_Q2
2012-05-11 17:00:00,779,488.89562434268618,371.75032530182187,606.04092338355053,525,732,643,2012_Q2
2012-05-11 18:00:00,596,496.35345863958958,379.20815959872527,613.49875768045388,779,770,641,2012_Q2
2012-05-11 19:00:00,503,437.60755185055444,320.46225280969014,554.7528508914188,596,553,452,2012_Q2
2012-05-11 20:00:00,341,321.68451436429029,204.53921532342599,438.8298134051546,503,374,313,2012_Q2
2012-05-11 21:00:00,270,269.17435229139193,152.02905325052762,386.31965133225623,341,230,235,2012_Q2
2012-05-11 22:00:00,234,230.62523356917885,113.47993452831454,347.77053261004312,270,232,232,2012_Q2
2012-05-11 23:00:00,180,188.4931878422484,71.347888801384101,305.63848688311271,234,135,256,2012_Q2
2012-05-12 00:00:00,136,125.72805838317277,8.5827593423084636,242.87335742403707,180,64,153,2012_Q2
2012-05-12 01:00:00,93,102.71695735015543,0,219.86225639101974,136,46,107,2012_Q2
2012-05-12 02:00:00,56,65.540179352738178,0,182.68547839360247,93,31,75,2012_Q2
2012-05-12 03:00:00,34,29.232240387567494,0,146.37753942843179,56,13,32,2012_Q2
2012-05-12 04:00:00,9,7.5277229904970016,0,124.6730220313613,34,9,9,2012_Q2
2012-05-12 05:00:00,13,13.707807006985949,0,130.85310604785025,9,26,22,2012_Q2
2012-05-12 06:00:00,33,31.221563562596252,0,148.36686260346056,13,135,42,2012_Q2
2012-05-12 07:00:00,67,71.569493119925014,0,188.71479216078933,33,351,87,2012_Q2
2012-05-12 08:00:00,178,135.31610831676292,18.17080927589862,252.46140735762722,67,620,197,2012_Q2
2012-05-12 09:00:00,335,262.92672953626453,145.78143049540023,380.07202857712883,178,322,284,2012_Q2
2012-05-12 10:00:00,411,389.72017086272302,272.57487182185872,506.86546990358733,335,210,432,2012_Q2
2012-05-12 11:00:00,522,405.71581960524264,288.57052056437834,522.86111864610689,411,291,575,2012_Q2
2012-05-12 12:00:00,559,450.14307303390427,332.99777399303997,567.28837207476863,522,348,550,2012_Q2
2012-05-12 13:00:00,659,436.03371420775613,318.88841516689183,553.17901324862044,559,363,524,2012_Q2
2012-05-12 14:00:00,615,409.6928553296745,292.5475562888102,526.83815437053886,659,334,428,2012_Q2
2012-05-12 15:00:00,590,433.06012029782829,315.91482125696399,550.20541933869254,615,439,541,2012_Q2
2012-05-12 16:00:00,591,442.38333105928604,325.23803201842173,559.52863010015039,590,525,540,2012_Q2
2012-05-12 17:00:00,576,400.91768194860867,283.77238290774437,518.06298098947298,591,779,502,2012_Q2
2012-05-12 18:00:00,546,372.07087895835531,254.92557991749101,489.21617799921961,576,596,434,2012_Q2
2012-05-12 19:00:00,439,358.14879901700635,241.00349997614205,475.29409805787066,546,503,405,2012_Q2
2012-05-12 20:00:00,287,313.61320211341683,196.46790307255253,430.75850115428113,439,341,309,2012_Q2
2012-05-12 21:00:00,230,252.0028883126183,134.85758927175399,369.14818735348263,287,270,269,2012_Q2
2012-05-12 22:00:00,274,176.86305187298893,59.717752832124631,294.00835091385323,230,234,217,2012_Q2
2012-05-12 23:00:00,176,207.04765052379898,89.902351482934677,324.19294956466331,274,180,149,2012_Q2
2012-05-13 00:00:00,98,129.41930792325152,12.274008882387221,246.56460696411582,176,136,134,2012_Q2
2012-05-13 01:00:00,94,89.061969979892837,0,206.20726902075714,98,93,121,2012_Q2
2012-05-13 02:00:00,82,73.801118376290233,0,190.94641741715452,94,56,93,2012_Q2
2012-05-13 03:00:00,28,38.380920553426499,0,155.52621959429081,82,34,28,2012_Q2
2012-05-13 04:00:00,9,11.375363795166347,0,128.52066283603065,28,9,16,2012_Q2
2012-05-13 05:00:00,12,9.2612041459407113,0,126.40650318680501,9,13,11,2012_Q2
2012-05-13 06:00:00,21,25.755575110191071,0,142.90087415105538,12,33,17,2012_Q2
2012-05-13 07:00:00,60,54.756116397622677,0,171.90141543848699,21,67,36,2012_Q2
2012-05-13 08:00:00,156,126.71505093817944,9.5697518973151432,243.86034997904375,60,178,114,2012_Q2
2012-05-13 09:00:00,222,224.80871070062926,107.66341165976496,341.95400974149356,156,335,191,2012_Q2
2012-05-13 10:00:00,350,317.15716450770515,200.01186546684085,434.30246354856945,222,411,333,2012_Q2
2012-05-13 11:00:00,428,420.81375727510192,303.66845823423762,537.95905631596622,350,522,414,2012_Q2
2012-05-13 12:00:00,531,470.51334885027063,353.36804980940633,587.65864789113493,428,559,558,2012_Q2
2012-05-13 13:00:00,602,446.23686729306786,329.09156825220356,563.38216633393222,531,659,565,2012_Q2
2012-05-13 14:00:00,552,422.62441986476205,305.47912082389774,539.76971890562641,602,615,518,2012_Q2
2012-05-13 15:00:00,499,442.3445561039934,325.1992570631291,559.48985514485776,552,590,571,2012_Q2
2012-05-13 16:00:00,564,424.20586759039793,307.06056854953363,541.35116663126223,499,591,544,2012_Q2
2012-05-13 17:00:00,478,428.10825426286237,310.96295522199807,545.25355330372668,564,576,511,2012_Q2
2012-05-13 18:00:00,389,387.86698540266178,270.72168636179748,505.01228444352608,478,546,463,2012_Q2
2012-05-13 19:00:00,339,333.23995887593816,216.09465983507386,450.38525791680246,389,439,383,2012_Q2
2012-05-13 20:00:00,230,253.70202768740006,136.55672864653576,370.84732672826436,339,287,276,2012_Q2
2012-05-13 21:00:00,169,181.31203205078845,64.166733009924144,298.45733109165275,230,230,203,2012_Q2
2012-05-13 22:00:00,131,132.90608684117066,15.76078780030636,250.05138588203496,169,274,157,2012_Q2
2012-05-13 23:00:00,74,83.298781970582624,0,200.44408101144694,131,176,102,2012_Q2
2012-05-14 00:00:00,35,40.271770838824281,0,157.4170698796886,74,98,34,2012_Q2
2012-05-14 01:00:00,11,13.197952982894067,0,130.34325202375837,35,94,9,2012_Q2
2012-05-14 02:00:00,2,6.9518856984643227,0,124.09718473932863,11,82,6,2012_Q2
2012-05-14 03:00:00,2,3.9157145749395039,0,121.0610136158038,2,28,5,2012_Q2
2012-05-14 04:00:00,6,3.9505108999993204,0,121.09580994086362,2,9,2,2012_Q2
2012-05-14 05:00:00,26,23.929157130749786,0,141.07445617161409,6,12,23,2012_Q2
2012-05-14 06:00:00,65,104.12139233268773,0,221.26669137355202,26,21,142,2012_Q2
2012-05-14 07:00:00,75,186.75437300094165,69.609073960077353,303.89967204180596,65,60,385,2012_Q2
2012-05-14 08:00:00,156,187.48073381689321,70.335434776028904,304.62603285775754,75,156,639,2012_Q2
2012-05-14 09:00:00,110,131.05113282372582,13.905833782861521,248.19643186459012,156,222,350,2012_Q2
2012-05-14 10:00:00,59,89.384811763420316,0,206.53011080428462,110,350,190,2012_Q2
2012-05-14 11:00:00,79,75.39132328785881,0,192.53662232872313,59,428,213,2012_Q2
2012-05-14 12:00:00,185,107.98515136035648,0,225.1304504012208,79,531,263,2012_Q2
2012-05-14 13:00:00,176,196.78386159924398,79.638562558379675,313.92916064010831,185,602,272,2012_Q2
2012-05-14 14:00:00,171,181.40906451741395,64.263765476549651,298.55436355827828,176,552,239,2012_Q2
2012-05-14 15:00:00,196,204.20857249220464,87.063273451340336,321.35387153306897,171,499,262,2012_Q2
2012-05-14 16:00:00,111,307.85204961900547,190.70675057814117,424.99734865986977,196,564,388,2012_Q2
2012-05-14 17:00:00,229,218.78516715876799,101.63986811790369,335.93046619963229,111,478,769,2012_Q2
2012-05-14 18:00:00,300,192.30148487133943,75.156185830475124,309.44678391220373,229,389,680,2012_Q2
2012-05-14 19:00:00,304,326.00741222600703,208.86211318514273,443.15271126687134,300,339,546,2012_Q2
2012-05-14 20:00:00,189,171.53277023970907,54.387471198844764,288.67806928057337,304,230,323,2012_Q2
2012-05-14 21:00:00,152,132.57463063979131,15.429331598927007,249.71992968065561,189,169,247,2012_Q2
2012-05-14 22:00:00,129,105.47469962885795,0,222.61999866972224,152,131,173,2012_Q2
2012-05-14 23:00:00,75,64.84321092948457,0,181.98850997034887,129,74,113,2012_Q2
2012-05-15 00:00:00,32,35.353635990169998,0,152.49893503103431,75,35,38,2012_Q2
2012-05-15 01:00:00,19,11.80540471779406,0,128.95070375865836,32,11,9,2012_Q2
2012-05-15 02:00:00,4,9.557668294204511,0,126.70296733506882,19,2,16,2012_Q2
2012-05-15 03:00:00,6,3.7806934110631687,0,120.92599245192747,4,2,6,2012_Q2
2012-05-15 04:00:00,5,3.9950961033496606,0,121.14039514421397,6,6,5,2012_Q2
2012-05-15 05:00:00,8,20.162729694984829,0,137.30802873584912,5,26,20,2012_Q2
2012-05-15 06:00:00,24,38.401949643677007,0,155.5472486845413,8,65,165,2012_Q2
2012-05-15 07:00:00,92,65.384333229383913,0,182.52963227024821,24,75,463,2012_Q2
2012-05-15 08:00:00,409,194.19181924922938,77.046520208365081,311.33711829009371,92,156,641,2012_Q2
2012-05-15 09:00:00,355,250.96915917119713,133.82386013033283,368.11445821206144,409,110,295,2012_Q2
2012-05-15 10:00:00,171,177.30652094216077,60.161221901296472,294.45181998302508,355,59,157,2012_Q2
2012-05-15 11:00:00,224,168.95802146029868,51.81272241943438,286.10332050116301,171,79,217,2012_Q2
2012-05-15 12:00:00,264,228.98704207940591,111.84174303854161,346.13234112027021,224,185,263,2012_Q2
2012-05-15 13:00:00,239,284.03945212214802,166.89415308128372,401.18475116301232,264,176,219,2012_Q2
2012-05-15 14:00:00,184,181.71941852586335,64.574119484999045,298.86471756672768,239,171,71,2012_Q2
2012-05-15 15:00:00,256,165.15869127872011,48.013392237855811,282.30399031958439,184,196,134,2012_Q2
2012-05-15 16:00:00,374,301.52198027992097,184.37668123905667,418.66727932078527,256,111,389,2012_Q2
2012-05-15 17:00:00,678,502.78547436685471,385.64017532599041,619.93077340771902,374,229,717,2012_Q2
2012-05-15 18:00:00,733,523.9203776477317,406.7750786068674,641.065676688596,678,300,710,2012_Q2
2012-05-15 19:00:00,512,473.719648965148,356.57434992428369,590.86494800601236,733,304,458,2012_Q2
2012-05-15 20:00:00,263,343.62734332723261,226.48204428636831,460.77264236809691,512,189,302,2012_Q2
2012-05-15 21:00:00,109,159.03414142500887,41.888842384144567,276.1794404658732,263,152,223,2012_Q2
2012-05-15 22:00:00,83,74.805974391283613,0,191.9512734321479,109,129,147,2012_Q2
2012-05-15 23:00:00,71,56.554076504076214,0,173.69937554494052,83,75,63,2012_Q2
2012-05-16 00:00:00,39,30.901511037046859,0,148.04681007791118,71,32,35,2012_Q2
2012-05-16 01:00:00,21,14.236095352161964,0,131.38139439302626,39,19,14,2012_Q2
2012-05-16 02:00:00,19,6.2461846342655267,0,123.39148367512983,21,4,1,2012_Q2
2012-05-16 03:00:00,6,6.0902384565616297,0,123.23553749742594,19,6,2,2012_Q2
2012-05-16 04:00:00,4,4.4065468300924566,0,121.55184587095675,6,5,5,2012_Q2
2012-05-16 05:00:00,38,19.809374190848416,0,136.95467323171272,4,8,28,2012_Q2
2012-05-16 06:00:00,158,106.35481217123969,0,223.500111212104,38,24,126,2012_Q2
2012-05-16 07:00:00,440,299.78201048381311,182.63671144294881,416.92730952467741,158,92,418,2012_Q2
2012-05-16 08:00:00,650,434.79751535751655,317.65221631665224,551.94281439838085,440,409,622,2012_Q2
2012-05-16 09:00:00,347,361.67459588994524,244.52929684908094,478.81989493080954,650,355,325,2012_Q2
2012-05-16 10:00:00,192,166.37400471257013,49.228705671705825,283.51930375343443,347,171,153,2012_Q2
2012-05-16 11:00:00,267,180.80304882005066,63.657749779186361,297.94834786091496,192,224,201,2012_Q2
2012-05-16 12:00:00,330,325.27956907741981,208.13427003655551,442.42486811828411,267,264,280,2012_Q2
2012-05-16 13:00:00,350,336.69277341476328,219.54747437389898,453.83807245562758,330,239,266,2012_Q2
2012-05-16 14:00:00,263,338.56947947662945,221.42418043576515,455.71477851749376,350,184,243,2012_Q2
2012-05-16 15:00:00,274,274.29053898260554,157.14523994174124,391.43583802346984,263,256,259,2012_Q2
2012-05-16 16:00:00,446,294.08324170742202,176.93794266655772,411.22854074828632,274,374,357,2012_Q2
2012-05-16 17:00:00,873,507.41388565685531,390.26858661599101,624.55918469771962,446,678,705,2012_Q2
2012-05-16 18:00:00,846,434.76482954787014,317.61953050700583,551.91012858873444,873,733,372,2012_Q2
2012-05-16 19:00:00,590,399.35625461492901,282.21095557406471,516.50155365579326,846,512,98,2012_Q2
2012-05-16 20:00:00,459,338.45178471514981,221.30648567428551,455.59708375601411,590,263,51,2012_Q2
2012-05-16 21:00:00,393,291.70394047219918,174.55864143133488,408.84923951306348,459,109,34,2012_Q2
2012-05-16 22:00:00,286,227.74327213063452,110.59797308977022,344.88857117149882,393,83,67,2012_Q2
2012-05-16 23:00:00,133,163.46533726653564,46.32003822567134,280.61063630739994,286,71,55,2012_Q2
2012-05-17 00:00:00,79,53.87241994643567,0,171.01771898729999,133,39,33,2012_Q2
2012-05-17 01:00:00,28,27.662411166444372,0,144.80771020730867,79,21,11,2012_Q2
2012-05-17 02:00:00,16,11.280750172114089,0,128.4260492129784,28,19,3,2012_Q2
2012-05-17 03:00:00,3,6.5913429925392784,0,123.73664203340358,16,6,3,2012_Q2
2012-05-17 04:00:00,16,3.2284647473683985,0,120.37376378823269,3,4,2,2012_Q2
2012-05-17 05:00:00,35,23.804076082412777,0,140.94937512327709,16,38,24,2012_Q2
2012-05-17 06:00:00,159,115.46068775738908,0,232.60598679825338,35,158,139,2012_Q2
2012-05-17 07:00:00,474,356.00010703281271,238.85480799194841,473.14540607367701,159,440,401,2012_Q2
2012-05-17 08:00:00,634,503.25034530147042,386.10504626060612,620.39564434233466,474,650,630,2012_Q2
2012-05-17 09:00:00,346,368.80150408773824,251.65620504687394,485.94680312860254,634,347,361,2012_Q2
2012-05-17 10:00:00,205,195.2926831388782,78.147384098013902,312.43798217974251,346,192,154,2012_Q2
2012-05-17 11:00:00,279,195.34160697807124,78.196307937206939,312.48690601893554,205,267,256,2012_Q2
2012-05-17 12:00:00,348,335.74090556790179,218.59560652703749,452.88620460876609,279,330,272,2012_Q2
2012-05-17 13:00:00,327,357.93030289237754,240.78500385151324,475.07560193324184,348,350,318,2012_Q2
2012-05-17 14:00:00,270,322.59145477809699,205.44615573723269,439.73675381896129,327,263,247,2012_Q2
2012-05-17 15:00:00,316,296.46198715962532,179.31668811876102,413.60728620048963,270,274,271,2012_Q2
2012-05-17 16:00:00,430,431.73026098404188,314.58496194317757,548.87556002490624,316,446,421,2012_Q2
2012-05-17 17:00:00,852,503.25745649279582,386.11215745193152,620.40275553366018,430,873,732,2012_Q2
2012-05-17 18:00:00,868,495.32366478285064,378.17836574198634,612.46896382371494,852,846,770,2012_Q2
2012-05-17 19:00:00,537,456.11288361712383,338.96758457625953,573.25818265798807,868,590,553,2012_Q2
2012-05-17 20:00:00,446,358.49353813735553,241.34823909649123,475.63883717821983,537,459,374,2012_Q2
2012-05-17 21:00:00,299,363.87070666617262,246.72540762530832,481.01600570703692,446,393,230,2012_Q2
2012-05-17 22:00:00,251,240.29975032125418,123.15445128038988,357.44504936211848,299,286,232,2012_Q2
2012-05-17 23:00:00,166,151.52299293107973,34.377693890215426,268.66829197194403,251,133,135,2012_Q2
2012-05-18 00:00:00,70,81.825647158878951,0,198.97094619974325,166,79,64,2012_Q2
2012-05-18 01:00:00,49,41.575394512437661,0,158.72069355330197,70,28,46,2012_Q2
2012-05-18 02:00:00,21,24.346080020446227,0,141.49137906131054,49,16,31,2012_Q2
2012-05-18 03:00:00,14,10.457253723488114,0,127.60255276435241,21,3,13,2012_Q2
2012-05-18 04:00:00,11,7.3144150072511032,0,124.4597140481154,14,16,9,2012_Q2
2012-05-18 05:00:00,34,22.272637750673017,0,139.41793679153733,11,35,26,2012_Q2
2012-05-18 06:00:00,182,103.1018566607606,0,220.24715570162491,34,159,135,2012_Q2
2012-05-18 07:00:00,515,334.03925893168224,216.89395989081794,451.18455797254654,182,474,351,2012_Q2
2012-05-18 08:00:00,745,480.23169963545547,363.08640059459117,597.37699867631977,515,634,620,2012_Q2
2012-05-18 09:00:00,361,355.2217369550691,238.0764379142048,472.36703599593341,745,346,322,2012_Q2
2012-05-18 10:00:00,255,215.72187077856381,98.57657173769951,332.86716981942811,361,205,210,2012_Q2
2012-05-18 11:00:00,334,266.23242734747544,149.08712830661113,383.37772638833974,255,279,291,2012_Q2
2012-05-18 12:00:00,360,371.67794386057682,254.53264481971252,488.82324290144112,334,348,348,2012_Q2
2012-05-18 13:00:00,395,381.09664476062426,263.95134571975996,498.24194380148856,360,327,363,2012_Q2
2012-05-18 14:00:00,350,369.67374823468708,252.52844919382278,486.81904727555138,395,270,334,2012_Q2
2012-05-18 15:00:00,391,421.51840831003904,304.37310926917473,538.66370735090334,350,316,439,2012_Q2
2012-05-18 16:00:00,568,478.87463487471388,361.72933583384958,596.01993391557812,391,430,525,2012_Q2
2012-05-18 17:00:00,812,501.92258690836451,384.77728786750021,619.06788594922887,568,852,779,2012_Q2
2012-05-18 18:00:00,669,478.81897882237774,361.67367978151344,595.96427786324205,812,868,596,2012_Q2
2012-05-18 19:00:00,483,456.87101824301885,339.72571920215455,574.01631728388315,669,537,503,2012_Q2
2012-05-18 20:00:00,337,351.73616778074359,234.59086873987928,468.88146682160789,483,446,341,2012_Q2
2012-05-18 21:00:00,258,268.85206457065289,151.70676552978858,385.99736361151719,337,299,270,2012_Q2
2012-05-18 22:00:00,251,224.99686604063044,107.85156699976613,342.14216508149474,258,251,234,2012_Q2
2012-05-18 23:00:00,174,173.43675555398667,56.29145651312237,290.582054594851,251,166,180,2012_Q2
2012-05-19 00:00:00,148,118.92735398486919,1.7820549440048836,236.07265302573347,174,70,136,2012_Q2
2012-05-19 01:00:00,104,102.09756425101197,0,219.24286329187629,148,49,93,2012_Q2
2012-05-19 02:00:00,69,71.898670559916866,0,189.04396960078117,104,21,56,2012_Q2
2012-05-19 03:00:00,33,33.747881862131344,0,150.89318090299565,69,14,34,2012_Q2
2012-05-19 04:00:00,14,8.539627289857151,0,125.68492633072145,33,11,9,2012_Q2
2012-05-19 05:00:00,12,12.76995683316331,0,129.91525587402762,14,34,13,2012_Q2
2012-05-19 06:00:00,50,28.714935635507928,0,145.86023467637222,12,182,33,2012_Q2
2012-05-19 07:00:00,95,96.814090782315731,0,213.95938982318003,50,515,67,2012_Q2
2012-05-19 08:00:00,195,180.6273485996139,63.482049558749594,297.77264764047823,95,745,178,2012_Q2
2012-05-19 09:00:00,292,269.08539712127845,151.94009808041415,386.23069616214275,195,361,335,2012_Q2
2012-05-19 10:00:00,452,329.15704676994005,212.01174772907575,446.30234581080435,292,255,411,2012_Q2
2012-05-19 11:00:00,586,413.88810354309732,296.74280450223301,531.03340258396156,452,334,522,2012_Q2
2012-05-19 12:00:00,642,452.81612485347506,335.67082581261076,569.9614238943393,586,360,559,2012_Q2
2012-05-19 13:00:00,704,428.73466654669755,311.58936750583325,545.87996558756186,642,395,659,2012_Q2
2012-05-19 14:00:00,730,422.58849321495552,305.44319417409122,539.73379225581982,704,350,615,2012_Q2
2012-05-19 15:00:00,672,427.61894468520666,310.47364564434235,544.76424372607096,730,391,590,2012_Q2
2012-05-19 16:00:00,642,446.27693898283172,329.13163994196742,563.42223802369608,672,568,591,2012_Q2
2012-05-19 17:00:00,626,431.1355567514143,313.99025771055,548.28085579227854,642,812,576,2012_Q2
2012-05-19 18:00:00,645,424.97930779276675,307.83400875190245,542.12460683363111,626,669,546,2012_Q2
2012-05-19 19:00:00,432,377.2377849714407,260.0924859305764,494.38308401230501,645,483,439,2012_Q2
2012-05-19 20:00:00,315,318.54629053389681,201.40099149303251,435.69158957476111,432,337,287,2012_Q2
2012-05-19 21:00:00,259,262.05082681851627,144.90552777765197,379.19612585938057,315,258,230,2012_Q2
2012-05-19 22:00:00,338,229.79154504155497,112.64624600069067,346.93684408241927,259,251,274,2012_Q2
2012-05-19 23:00:00,239,230.41871318357246,113.27341414270816,347.56401222443674,338,174,176,2012_Q2
2012-05-20 00:00:00,170,189.98501055930254,72.839711518438236,307.13030960016681,239,148,98,2012_Q2
2012-05-20 01:00:00,130,125.01443180915493,7.8691327682906262,242.15973085001923,170,104,94,2012_Q2
2012-05-20 02:00:00,98,92.923869538964468,0,210.06916857982878,130,69,82,2012_Q2
2012-05-20 03:00:00,66,49.447052415586462,0,166.59235145645076,98,33,28,2012_Q2
2012-05-20 04:00:00,16,15.434630316631898,0,132.57992935749621,66,14,9,2012_Q2
2012-05-20 05:00:00,8,10.43081223309292,0,127.57611127395722,16,12,12,2012_Q2
2012-05-20 06:00:00,25,18.498106769115257,0,135.64340580997955,8,50,21,2012_Q2
2012-05-20 07:00:00,90,60.543297701266376,0,177.68859674213067,25,95,60,2012_Q2
2012-05-20 08:00:00,171,175.3910103674479,58.245711326583603,292.53630940831221,90,195,156,2012_Q2
2012-05-20 09:00:00,313,274.30636929093606,157.16107025007176,391.45166833180036,171,292,222,2012_Q2
2012-05-20 10:00:00,432,418.15447066488139,301.00917162401709,535.29976970574569,313,452,350,2012_Q2
2012-05-20 11:00:00,581,437.67969694376313,320.53439790289883,554.82499598462744,432,586,428,2012_Q2
2012-05-20 12:00:00,637,456.17447819583526,339.02917915497096,573.31977723669957,581,642,531,2012_Q2
2012-05-20 13:00:00,607,450.48067560232533,333.33537656146103,567.62597464318969,637,704,602,2012_Q2
2012-05-20 14:00:00,543,429.4859675651021,312.3406685242378,546.6312666059664,607,730,552,2012_Q2
2012-05-20 15:00:00,502,430.91170736182687,313.76640832096257,548.05700640269117,543,672,499,2012_Q2
2012-05-20 16:00:00,577,396.11423245942848,278.96893341856418,513.25953150029272,502,642,564,2012_Q2
2012-05-20 17:00:00,549,422.48622732521443,305.34092828435013,539.63152636607879,577,626,478,2012_Q2
2012-05-20 18:00:00,474,411.31820599695095,294.17290695608665,528.46350503781525,549,645,389,2012_Q2
2012-05-20 19:00:00,402,379.69306469241036,262.54776565154606,496.83836373327466,474,432,339,2012_Q2
2012-05-20 20:00:00,274,287.3881042677491,170.2428052268848,404.5334033086134,402,315,230,2012_Q2
2012-05-20 21:00:00,233,209.04281329767929,91.897514256814986,326.18811233854359,274,259,169,2012_Q2
2012-05-20 22:00:00,145,193.20976852043614,76.064469479571841,310.35506756130042,233,338,131,2012_Q2
2012-05-20 23:00:00,86,95.541350429859804,0,212.68664947072409,145,239,74,2012_Q2
2012-05-21 00:00:00,40,44.690218719802665,0,161.83551776066696,86,170,35,2012_Q2
2012-05-21 01:00:00,15,15.534344121830115,0,132.67964316269442,40,130,11,2012_Q2
2012-05-21 02:00:00,11,7.7976556539515043,0,124.94295469481581,15,98,2,2012_Q2
2012-05-21 03:00:00,2,4.6222693815177234,0,121.76756842238203,11,66,2,2012_Q2
2012-05-21 04:00:00,7,4.9559394378500352,0,122.10123847871434,2,16,6,2012_Q2
2012-05-21 05:00:00,15,18.863566264602689,0,136.008865305467,7,8,26,2012_Q2
2012-05-21 06:00:00,79,61.179051428645657,0,178.32435046950997,15,25,65,2012_Q2
2012-05-21 07:00:00,153,195.6854590949996,78.540160054135299,312.8307581358639,79,90,75,2012_Q2
2012-05-21 08:00:00,270,286.01851407897533,168.87321503811103,403.16381311983963,153,171,156,2012_Q2
2012-05-21 09:00:00,186,177.21820966102163,60.07291062015733,294.36350870188596,270,313,110,2012_Q2
2012-05-21 10:00:00,99,106.58259803166766,0,223.72789707253196,186,432,59,2012_Q2
2012-05-21 11:00:00,106,99.874342724975691,0,217.01964176583999,99,581,79,2012_Q2
2012-05-21 12:00:00,170,129.21675804385058,12.071459002986273,246.36205708471488,106,637,185,2012_Q2
2012-05-21 13:00:00,184,160.12295039060231,42.977651349738011,277.26824943146664,170,607,176,2012_Q2
2012-05-21 14:00:00,180,136.29602117533602,19.150722134471721,253.44132021620032,184,543,171,2012_Q2
2012-05-21 15:00:00,225,165.80622024278705,48.660921201922747,282.95151928365135,180,502,196,2012_Q2
2012-05-21 16:00:00,315,286.26870278198743,169.12340374112313,403.41400182285173,225,577,111,2012_Q2
2012-05-21 17:00:00,508,413.77037142853231,296.62507238766801,530.91567046939667,315,549,229,2012_Q2
2012-05-21 18:00:00,530,423.35676102366193,306.21146198279763,540.50206006452618,508,474,300,2012_Q2
2012-05-21 19:00:00,448,399.0593220514794,281.9140230106151,516.2046210923437,530,402,304,2012_Q2
2012-05-21 20:00:00,336,327.16961579443489,210.02431675357059,444.31491483529919,448,274,189,2012_Q2
2012-05-21 21:00:00,241,240.46179356402212,123.31649452315781,357.60709260488642,336,233,152,2012_Q2
2012-05-21 22:00:00,142,154.31163182584464,37.166332784980341,271.45693086670894,241,145,129,2012_Q2
2012-05-21 23:00:00,97,71.968641632060951,0,189.11394067292525,142,86,75,2012_Q2
2012-05-22 00:00:00,36,39.556303419629941,0,156.70160246049426,97,40,32,2012_Q2
2012-05-22 01:00:00,27,17.100279323137524,0,134.24557836400183,36,15,19,2012_Q2
2012-05-22 02:00:00,11,10.201686735814215,0,127.34698577667852,27,11,4,2012_Q2
2012-05-22 03:00:00,5,4.9757886206179416,0,122.12108766148225,11,2,6,2012_Q2
2012-05-22 04:00:00,7,4.1383468820520504,0,121.28364592291635,5,7,5,2012_Q2
2012-05-22 05:00:00,17,16.436622719113721,0,133.58192175997803,7,15,8,2012_Q2
2012-05-22 06:00:00,137,43.466561503322957,0,160.61186054418727,17,79,24,2012_Q2
2012-05-22 07:00:00,324,287.16113664250224,170.01583760163794,404.30643568336654,137,153,92,2012_Q2
2012-05-22 08:00:00,590,299.79697629332753,182.65167725246323,416.94227533419183,324,270,409,2012_Q2
2012-05-22 09:00:00,333,324.74048826269427,207.59518922182997,441.88578730355857,590,186,355,2012_Q2
2012-05-22 10:00:00,200,174.5252413584644,57.379942317600097,291.67054039932873,333,99,171,2012_Q2
2012-05-22 11:00:00,189,167.61638707284146,50.47108803197716,284.76168611370576,200,106,224,2012_Q2
2012-05-22 12:00:00,254,205.92803140890112,88.782732368036818,323.07333044976542,189,170,264,2012_Q2
2012-05-22 13:00:00,243,228.61285489781508,111.46755585695078,345.75815393867936,254,184,239,2012_Q2
2012-05-22 14:00:00,222,222.62429161398487,105.47899257312056,339.76959065484914,243,180,184,2012_Q2
2012-05-22 15:00:00,245,217.58750714857791,100.44220810771361,334.73280618944221,222,225,256,2012_Q2
2012-05-22 16:00:00,386,331.08726845781001,213.94196941694571,448.23256749867431,245,315,374,2012_Q2
2012-05-22 17:00:00,785,560.79735182333127,443.65205278246697,677.94265086419557,386,508,678,2012_Q2
2012-05-22 18:00:00,785,558.35694757063777,441.21164852977347,675.50224661150207,785,530,733,2012_Q2
2012-05-22 19:00:00,364,445.24199421000083,328.09669516913652,562.38729325086513,785,448,512,2012_Q2
2012-05-22 20:00:00,373,303.00769407724039,185.86239503637609,420.15299311810469,364,336,263,2012_Q2
2012-05-22 21:00:00,261,251.85236903866891,134.70706999780461,368.99766807953324,373,241,109,2012_Q2
2012-05-22 22:00:00,174,182.93698425164115,65.791685210776848,300.08228329250545,261,142,83,2012_Q2
2012-05-22 23:00:00,105,98.77655460965012,0,215.92185365051444,174,97,71,2012_Q2
2012-05-23 00:00:00,47,43.248413633012824,0,160.39371267387713,105,36,39,2012_Q2
2012-05-23 01:00:00,32,21.507022036268506,0,138.6523210771328,47,27,21,2012_Q2
2012-05-23 02:00:00,12,14.03351412691228,0,131.17881316777658,32,11,19,2012_Q2
2012-05-23 03:00:00,5,4.7630200768995259,0,121.90831911776382,12,5,6,2012_Q2
2012-05-23 04:00:00,3,4.3183091926195321,0,121.46360823348384,5,7,4,2012_Q2
2012-05-23 05:00:00,35,18.255003837615817,0,135.40030287848012,3,17,38,2012_Q2
2012-05-23 06:00:00,160,78.576356521356686,0,195.72165556222097,35,137,158,2012_Q2
2012-05-23 07:00:00,468,337.42619262685309,220.28089358598879,454.5714916677174,160,324,440,2012_Q2
2012-05-23 08:00:00,719,465.75822136203175,348.61292232116745,582.90352040289599,468,590,650,2012_Q2
2012-05-23 09:00:00,297,347.15149166200081,230.00619262113651,464.29679070286511,719,333,347,2012_Q2
2012-05-23 10:00:00,191,167.59494147817779,50.449642437313486,284.74024051904212,297,200,192,2012_Q2
2012-05-23 11:00:00,197,178.01688167224751,60.871582631383205,295.16218071311181,191,189,267,2012_Q2
2012-05-23 12:00:00,248,224.5459648012932,107.40066576042889,341.69126384215747,197,254,330,2012_Q2
2012-05-23 13:00:00,270,221.50377291480621,104.3584738739419,338.64907195567048,248,243,350,2012_Q2
2012-05-23 14:00:00,248,274.40254673996844,157.25724769910414,391.54784578083274,270,222,263,2012_Q2
2012-05-23 15:00:00,257,244.95270774951715,127.80740870865284,362.09800679038142,248,245,274,2012_Q2
2012-05-23 16:00:00,278,330.7829471643152,213.6376481234509,447.92824620517951,257,386,446,2012_Q2
2012-05-23 17:00:00,285,379.17925641111998,262.03395737025568,496.32455545198428,278,785,873,2012_Q2
2012-05-23 18:00:00,327,340.82057866342922,223.67527962256491,457.96587770429352,285,785,846,2012_Q2
2012-05-23 19:00:00,376,317.26005322250813,200.11475418164383,434.40535226337244,327,364,590,2012_Q2
2012-05-23 20:00:00,295,335.46817684085426,218.32287779998995,452.61347588171856,376,373,459,2012_Q2
2012-05-23 21:00:00,245,247.12685227024781,129.98155322938351,364.27215131111211,295,261,393,2012_Q2
2012-05-23 22:00:00,159,162.90541649382322,45.760117452958923,280.05071553468753,245,174,286,2012_Q2
2012-05-23 23:00:00,106,92.067787629105283,0,209.21308666996958,159,105,133,2012_Q2
2012-05-24 00:00:00,56,52.070547937289682,0,169.21584697815399,106,47,79,2012_Q2
2012-05-24 01:00:00,30,24.278016760237019,0,141.42331580110132,56,32,28,2012_Q2
2012-05-24 02:00:00,16,13.772815508804674,0,130.91811454966899,30,12,16,2012_Q2
2012-05-24 03:00:00,4,6.1594953229607512,0,123.30479436382505,16,5,3,2012_Q2
2012-05-24 04:00:00,5,6.2824332335661222,0,123.42773227443043,4,3,16,2012_Q2
2012-05-24 05:00:00,30,24.863544067862087,0,142.00884310872638,5,35,35,2012_Q2
2012-05-24 06:00:00,156,98.312417500145244,0,215.45771654100955,30,160,159,2012_Q2
2012-05-24 07:00:00,415,303.51591997022302,186.37062092935872,420.66121901108733,156,468,474,2012_Q2
2012-05-24 08:00:00,692,459.90636498408401,342.76106594321971,577.05166402494831,415,719,634,2012_Q2
2012-05-24 09:00:00,301,347.40473189274951,230.25943285188521,464.55003093361381,692,297,346,2012_Q2
2012-05-24 10:00:00,185,173.65103748456247,56.505738443698164,290.7963365254268,301,191,205,2012_Q2
2012-05-24 11:00:00,221,177.83280032616221,60.687501285297913,294.97809936702652,185,197,279,2012_Q2
2012-05-24 12:00:00,289,245.91079654356327,128.76549750269896,363.05609558442757,221,248,348,2012_Q2
2012-05-24 13:00:00,302,314.03234273146023,196.88704369059593,431.17764177232453,289,270,327,2012_Q2
2012-05-24 14:00:00,252,310.97775793870909,193.83245889784479,428.12305697957339,302,248,270,2012_Q2
2012-05-24 15:00:00,291,241.6335524962999,124.4882534554356,358.7788515371642,252,257,316,2012_Q2
2012-05-24 16:00:00,390,375.11310697790196,257.96780793703766,492.25840601876627,291,278,430,2012_Q2
2012-05-24 17:00:00,798,495.53300465122373,378.38770561035943,612.67830369208809,390,285,852,2012_Q2
2012-05-24 18:00:00,752,527.16956934669236,410.02427030582805,644.31486838755666,798,327,868,2012_Q2
2012-05-24 19:00:00,492,467.07711354218253,349.93181450131823,584.22241258304689,752,376,537,2012_Q2
2012-05-24 20:00:00,398,358.86803390281506,241.72273486195076,476.01333294367936,492,295,446,2012_Q2
2012-05-24 21:00:00,285,283.15660027261094,166.01130123174664,400.30189931347525,398,245,299,2012_Q2
2012-05-24 22:00:00,243,167.51953733278873,50.374238291924428,284.66483637365303,285,159,251,2012_Q2
2012-05-24 23:00:00,167,145.240359022739,28.095059981874698,262.38565806360327,243,106,166,2012_Q2
2012-05-25 00:00:00,73,79.92892754001096,0,197.07422658087526,167,56,70,2012_Q2
2012-05-25 01:00:00,42,41.731918938738701,0,158.87721797960302,73,30,49,2012_Q2
2012-05-25 02:00:00,23,23.564932908805503,0,140.7102319496698,42,16,21,2012_Q2
2012-05-25 03:00:00,14,11.438419926250543,0,128.58371896711483,23,4,14,2012_Q2
2012-05-25 04:00:00,9,6.5771339978452135,0,123.72243303870951,14,5,11,2012_Q2
2012-05-25 05:00:00,30,24.59680769436326,0,141.74210673522757,9,30,34,2012_Q2
2012-05-25 06:00:00,113,97.074412085232467,0,214.21971112609677,30,156,182,2012_Q2
2012-05-25 07:00:00,359,283.59445372204448,166.44915468118018,400.73975276290878,113,415,515,2012_Q2
2012-05-25 08:00:00,583,405.01638495998651,287.87108591912221,522.16168400085076,359,692,745,2012_Q2
2012-05-25 09:00:00,340,312.39084335230308,195.24554431143878,429.53614239316738,583,301,361,2012_Q2
2012-05-25 10:00:00,232,242.78747811293329,125.64217907206898,359.93277715379759,340,185,255,2012_Q2
2012-05-25 11:00:00,283,233.48525808652292,116.33995904565862,350.63055712738719,232,221,334,2012_Q2
2012-05-25 12:00:00,321,337.40376884095252,220.25846980008822,454.54906788181682,283,289,360,2012_Q2
2012-05-25 13:00:00,333,369.05369891782806,251.90839987696376,486.19899795869236,321,302,395,2012_Q2
2012-05-25 14:00:00,367,347.38982090874697,230.24452186788267,464.53511994961127,333,252,350,2012_Q2
2012-05-25 15:00:00,466,400.15733863057562,283.01203958971132,517.30263767143992,367,291,391,2012_Q2
2012-05-25 16:00:00,584,467.19389675016373,350.04859770929943,584.33919579102803,466,390,568,2012_Q2
2012-05-25 17:00:00,653,501.59244507994964,384.44714603908534,618.73774412081389,584,798,812,2012_Q2
2012-05-25 18:00:00,522,473.48092883110411,356.33562979023981,590.62622787196847,653,752,669,2012_Q2
2012-05-25 19:00:00,404,419.85037587709775,302.70507683623345,536.99567491796211,522,492,483,2012_Q2
2012-05-25 20:00:00,350,341.18129485467551,224.03599581381121,458.32659389553982,404,398,337,2012_Q2
2012-05-25 21:00:00,255,284.83738612871156,167.69208708784726,401.98268516957586,350,285,258,2012_Q2
2012-05-25 22:00:00,212,209.05533902723653,91.910039986372226,326.20063806810083,255,243,251,2012_Q2
2012-05-25 23:00:00,166,157.85883298925094,40.71353394838664,275.00413203011522,212,167,174,2012_Q2
2012-05-26 00:00:00,116,128.19158641859173,11.046287377727424,245.33688545945603,166,73,148,2012_Q2
2012-05-26 01:00:00,82,84.840079255356983,0,201.98537829622128,116,42,104,2012_Q2
2012-05-26 02:00:00,64,60.641539253838211,0,177.78683829470251,82,23,69,2012_Q2
2012-05-26 03:00:00,31,32.333195933169982,0,149.47849497403428,64,14,33,2012_Q2
2012-05-26 04:00:00,2,10.366231602204868,0,127.51153064306916,31,9,14,2012_Q2
2012-05-26 05:00:00,10,9.682972279452704,0,126.828271320317,2,30,12,2012_Q2
2012-05-26 06:00:00,31,27.092080068876825,0,144.23737910974114,10,113,50,2012_Q2
2012-05-26 07:00:00,54,76.275137910790221,0,193.42043695165452,31,359,95,2012_Q2
2012-05-26 08:00:00,141,116.90012996475258,0,234.04542900561688,54,583,195,2012_Q2
2012-05-26 09:00:00,289,232.2875600479685,115.1422610071042,349.4328590888328,141,340,292,2012_Q2
2012-05-26 10:00:00,437,326.58193444045514,209.43663539959084,443.72723348131944,289,232,452,2012_Q2
2012-05-26 11:00:00,520,398.38129261751419,281.23599357664989,515.52659165837849,437,283,586,2012_Q2
2012-05-26 12:00:00,529,439.96796791357076,322.82266887270646,557.11326695443506,520,321,642,2012_Q2
2012-05-26 13:00:00,539,415.45832332320362,298.31302428233931,532.60362236406786,529,333,704,2012_Q2
2012-05-26 14:00:00,564,393.10771122963644,275.96241218877213,510.25301027050074,539,367,730,2012_Q2
2012-05-26 15:00:00,513,407.9380231763983,290.792724135534,525.08332221726255,564,466,672,2012_Q2
2012-05-26 16:00:00,504,416.91808005513116,299.77278101426685,534.06337909599551,513,584,642,2012_Q2
2012-05-26 17:00:00,462,418.27667640026687,301.13137735940256,535.42197544113117,504,653,626,2012_Q2
2012-05-26 18:00:00,415,382.42447901013708,265.27917996927277,499.56977805100138,462,522,645,2012_Q2
2012-05-26 19:00:00,373,325.95917213011955,208.81387308925525,443.10447117098386,415,404,432,2012_Q2
2012-05-26 20:00:00,255,269.37821915790721,152.23292011704291,386.52351819877151,373,350,315,2012_Q2
2012-05-26 21:00:00,251,224.21375991084162,107.06846086997732,341.35905895170595,255,255,259,2012_Q2
2012-05-26 22:00:00,204,206.56301719738781,89.417718156523506,323.70831623825211,251,212,338,2012_Q2
2012-05-26 23:00:00,150,168.14567846322825,51.000379422363949,285.29097750409255,204,166,239,2012_Q2
2012-05-27 00:00:00,137,119.50552268805707,2.3602236471927682,236.65082172892136,150,116,170,2012_Q2
2012-05-27 01:00:00,78,109.86544146565448,0,227.0107405065188,137,82,130,2012_Q2
2012-05-27 02:00:00,61,68.589489820532975,0,185.73478886139728,78,64,98,2012_Q2
2012-05-27 03:00:00,36,34.386151943966638,0,151.53145098483094,61,31,66,2012_Q2
2012-05-27 04:00:00,11,10.004620582027167,0,127.14991962289147,36,2,16,2012_Q2
2012-05-27 05:00:00,7,8.4556981659936081,0,125.60099720685791,11,10,8,2012_Q2
2012-05-27 06:00:00,22,17.943027851458311,0,135.08832689232261,7,31,25,2012_Q2
2012-05-27 07:00:00,52,57.032800012446266,0,174.17809905331058,22,54,90,2012_Q2
2012-05-27 08:00:00,151,125.70183133733589,8.5565322964715875,242.84713037820018,52,141,171,2012_Q2
2012-05-27 09:00:00,270,235.4695780725626,118.3242790316983,352.61487711342693,151,289,313,2012_Q2
2012-05-27 10:00:00,424,366.96651350605157,249.82121446518727,484.11181254691587,270,437,432,2012_Q2
2012-05-27 11:00:00,519,438.96787467966271,321.82257563879841,556.11317372052702,424,520,581,2012_Q2
2012-05-27 12:00:00,570,453.31772739325942,336.17242835239512,570.46302643412378,519,529,637,2012_Q2
2012-05-27 13:00:00,498,430.65926889976072,313.51396985889642,547.80456794062502,570,539,607,2012_Q2
2012-05-27 14:00:00,547,404.08814642036833,286.94284737950403,521.23344546123258,498,564,543,2012_Q2
2012-05-27 15:00:00,535,426.61052059268383,309.46522155181952,543.75581963354807,547,513,502,2012_Q2
2012-05-27 16:00:00,501,423.5149359483155,306.36963690745119,540.6602349891798,535,504,577,2012_Q2
2012-05-27 17:00:00,522,402.03343050277681,284.88813146191251,519.17872954364111,501,462,549,2012_Q2
2012-05-27 18:00:00,518,399.16311305559753,282.01781401473323,516.30841209646178,522,415,474,2012_Q2
2012-05-27 19:00:00,442,347.23016118535793,230.08486214449363,464.37546022622223,518,373,402,2012_Q2
2012-05-27 20:00:00,392,336.4441637802164,219.2988647393521,453.5894628210807,442,255,274,2012_Q2
2012-05-27 21:00:00,143,285.37320887891724,168.22790983805294,402.51850791978154,392,251,233,2012_Q2
2012-05-27 22:00:00,59,103.47975101841146,0,220.62505005927576,143,204,145,2012_Q2
2012-05-27 23:00:00,96,49.002462048664718,0,166.14776108952901,59,150,86,2012_Q2
2012-05-28 00:00:00,65,59.592675569776063,0,176.73797461064038,96,137,40,2012_Q2
2012-05-28 01:00:00,59,39.453481991830202,0,156.59878103269449,65,78,15,2012_Q2
2012-05-28 02:00:00,48,32.552901424664363,0,149.69820046552866,59,61,11,2012_Q2
2012-05-28 03:00:00,18,19.5880285309347,0,136.73332757179901,48,36,2,2012_Q2
2012-05-28 04:00:00,6,7.1907993481035586,0,124.33609838896786,18,11,7,2012_Q2
2012-05-28 05:00:00,9,9.7936394632856754,0,126.93893850414997,6,7,15,2012_Q2
2012-05-28 06:00:00,20,25.454842765902814,0,142.60014180676711,9,22,79,2012_Q2
2012-05-28 07:00:00,67,67.595124759493345,0,184.74042380035763,20,52,153,2012_Q2
2012-05-28 08:00:00,155,179.14179878448195,61.996499743617647,296.28709782534622,67,151,270,2012_Q2
2012-05-28 09:00:00,263,207.33687297513956,90.191573934275254,324.48217201600386,155,270,186,2012_Q2
2012-05-28 10:00:00,364,329.23505788071765,212.08975883985335,446.38035692158195,263,424,99,2012_Q2
2012-05-28 11:00:00,476,411.35981962127494,294.21452058041064,528.50511866213924,364,519,106,2012_Q2
2012-05-28 12:00:00,525,451.71333357481211,334.56803453394781,568.85863261567647,476,570,170,2012_Q2
2012-05-28 13:00:00,556,440.13346397169425,322.98816493082995,557.27876301255856,525,498,184,2012_Q2
2012-05-28 14:00:00,465,400.70265130987531,283.55735226901101,517.84795035073967,556,547,180,2012_Q2
2012-05-28 15:00:00,460,425.21732994365033,308.07203090278603,542.36262898451469,465,535,225,2012_Q2
2012-05-28 16:00:00,501,425.88557683849098,308.74027779762667,543.03087587935534,460,501,315,2012_Q2
2012-05-28 17:00:00,405,420.66858918962652,303.52329014876221,537.81388823049087,501,522,508,2012_Q2
2012-05-28 18:00:00,383,392.90296534232425,275.75766630145995,510.04826438318855,405,518,530,2012_Q2
2012-05-28 19:00:00,395,370.98525495368239,253.83995591281808,488.13055399454669,383,442,448,2012_Q2
2012-05-28 20:00:00,317,354.60013751200898,237.45483847114468,471.74543655287329,395,392,336,2012_Q2
2012-05-28 21:00:00,247,262.50179073061361,145.3564916897493,379.64708977147791,317,143,241,2012_Q2
2012-05-28 22:00:00,157,173.5194543013645,56.374155260500203,290.66475334222878,247,59,142,2012_Q2
2012-05-28 23:00:00,82,84.384798105565295,0,201.5300971464296,157,96,97,2012_Q2
2012-05-29 00:00:00,45,41.696731316964609,0,158.84203035782892,82,65,36,2012_Q2
2012-05-29 01:00:00,14,21.863040410543775,0,139.00833945140806,45,59,27,2012_Q2
2012-05-29 02:00:00,8,7.7722598760377073,0,124.91755891690201,14,48,11,2012_Q2
2012-05-29 03:00:00,3,4.1331190378592302,0,121.27841807872353,8,18,5,2012_Q2
2012-05-29 04:00:00,5,4.4412724242937296,0,121.58657146515803,3,6,7,2012_Q2
2012-05-29 05:00:00,33,19.977915060931664,0,137.12321410179595,5,9,17,2012_Q2
2012-05-29 06:00:00,154,113.90616853857721,0,231.05146757944152,33,20,137,2012_Q2
2012-05-29 07:00:00,450,321.69184030086922,204.54654126000491,438.83713934173352,154,67,324,2012_Q2
2012-05-29 08:00:00,634,450.95512698514011,333.80982794427581,568.10042602600447,450,155,590,2012_Q2
2012-05-29 09:00:00,257,351.14523756666142,233.99993852579712,468.29053660752572,634,263,333,2012_Q2
2012-05-29 10:00:00,183,206.49981445549255,89.354515414628253,323.64511349635688,257,364,200,2012_Q2
2012-05-29 11:00:00,197,178.3737952884006,61.228496247536299,295.51909432926493,183,476,189,2012_Q2
2012-05-29 12:00:00,237,238.28165446179435,121.13635542093004,355.42695350265865,197,525,254,2012_Q2
2012-05-29 13:00:00,239,227.51754461750554,110.37224557664123,344.66284365836987,237,556,243,2012_Q2
2012-05-29 14:00:00,238,233.85942420954999,116.71412516868568,351.00472325041426,239,465,222,2012_Q2
2012-05-29 15:00:00,256,249.45816580400603,132.31286676314173,366.60346484487036,238,460,245,2012_Q2
2012-05-29 16:00:00,393,395.25952443951172,278.11422539864742,512.40482348037608,256,501,386,2012_Q2
2012-05-29 17:00:00,781,502.35518494977299,385.20988590890869,619.50048399063735,393,405,785,2012_Q2
2012-05-29 18:00:00,710,496.52653822934241,379.38123918847811,613.67183727020665,781,383,785,2012_Q2
2012-05-29 19:00:00,526,391.61504377812469,274.46974473726038,508.76034281898899,710,395,364,2012_Q2
2012-05-29 20:00:00,204,358.30186422201831,241.15656518115401,475.44716326288261,526,317,373,2012_Q2
2012-05-29 21:00:00,71,137.94258119910498,20.797282158240677,255.08788023996928,204,247,261,2012_Q2
2012-05-29 22:00:00,55,56.021588654753174,0,173.16688769561748,71,157,174,2012_Q2
2012-05-29 23:00:00,50,44.474658743476084,0,161.61995778434039,55,82,105,2012_Q2
2012-05-30 00:00:00,36,21.564266463035576,0,138.70956550389988,50,45,47,2012_Q2
2012-05-30 01:00:00,4,14.385300249614247,0,131.53059929047856,36,14,32,2012_Q2
2012-05-30 02:00:00,5,4.7804132435992717,0,121.92571228446357,4,8,12,2012_Q2
2012-05-30 03:00:00,5,3.4092716799019911,0,120.55457072076629,5,3,5,2012_Q2
2012-05-30 04:00:00,6,3.4695024249511741,0,120.61480146581548,5,5,3,2012_Q2
2012-05-30 05:00:00,41,28.392843887958509,0,145.53814292882282,6,33,35,2012_Q2
2012-05-30 06:00:00,144,102.83520619438038,0,219.98050523524466,41,154,160,2012_Q2
2012-05-30 07:00:00,483,305.64907581885348,188.50377677798917,422.79437485971778,144,450,468,2012_Q2
2012-05-30 08:00:00,671,351.73516946431533,234.58987042345103,468.88046850517964,483,634,719,2012_Q2
2012-05-30 09:00:00,305,300.23299048782798,183.08769144696367,417.37828952869228,671,257,297,2012_Q2
2012-05-30 10:00:00,177,159.27787736216018,42.132578321295881,276.42317640302451,305,183,191,2012_Q2
2012-05-30 11:00:00,208,152.18410990449811,35.038810863633813,269.32940894536239,177,197,197,2012_Q2
2012-05-30 12:00:00,253,205.83025533623098,88.684956295366675,322.97555437709525,208,237,248,2012_Q2
2012-05-30 13:00:00,289,222.20185666557649,105.05655762471218,339.34715570644079,253,239,270,2012_Q2
2012-05-30 14:00:00,252,309.57858907428698,192.43329003342268,426.72388811515128,289,238,248,2012_Q2
2012-05-30 15:00:00,275,227.61611092015795,110.47081187929365,344.76140996102225,252,256,257,2012_Q2
2012-05-30 16:00:00,398,376.57817721123394,259.43287817036963,493.72347625209824,275,393,278,2012_Q2
2012-05-30 17:00:00,839,484.74677624000032,367.60147719913601,601.89207528086467,398,781,285,2012_Q2
2012-05-30 18:00:00,796,447.62931893347678,330.48401989261248,564.77461797434103,839,710,327,2012_Q2
2012-05-30 19:00:00,556,399.89529255828239,282.74999351741809,517.04059159914664,796,526,376,2012_Q2
2012-05-30 20:00:00,431,358.18978657270731,241.044487531843,475.33508561357161,556,204,295,2012_Q2
2012-05-30 21:00:00,304,285.08936412874806,167.94406508788376,402.23466316961236,431,71,245,2012_Q2
2012-05-30 22:00:00,217,220.07585489763377,102.93055585676947,337.22115393849811,304,55,159,2012_Q2
2012-05-30 23:00:00,160,119.34208498763572,2.1967859467714135,236.4873840285,217,50,106,2012_Q2
2012-05-31 00:00:00,61,69.351321168525743,0,186.49662020939004,160,36,56,2012_Q2
2012-05-31 01:00:00,26,26.175025150184911,0,143.32032419104922,61,4,30,2012_Q2
2012-05-31 02:00:00,14,12.450820963706967,0,129.59612000457128,26,5,16,2012_Q2
2012-05-31 03:00:00,8,6.2372214949923972,0,123.3825205358567,14,5,4,2012_Q2
2012-05-31 04:00:00,8,4.8228300124285539,0,121.96812905329286,8,6,5,2012_Q2
2012-05-31 05:00:00,33,25.29612781912677,0,142.44142685999108,8,41,30,2012_Q2
2012-05-31 06:00:00,178,110.76099163638054,0,227.90629067724484,33,144,156,2012_Q2
2012-05-31 07:00:00,507,362.23448291992514,245.08918387906084,479.37978196078944,178,483,415,2012_Q2
2012-05-31 08:00:00,693,508.31518480938377,391.16988576851946,625.46048385024801,507,671,692,2012_Q2
2012-05-31 09:00:00,311,351.49206084300607,234.34676180214177,468.63735988387037,693,305,301,2012_Q2
2012-05-31 10:00:00,220,194.26690355090022,77.121604510035922,311.41220259176453,311,177,185,2012_Q2
2012-05-31 11:00:00,218,207.28009788620071,90.134798845336405,324.42539692706498,220,208,221,2012_Q2
2012-05-31 12:00:00,292,255.49953467792042,138.35423563705612,372.64483371878475,218,253,289,2012_Q2
2012-05-31 13:00:00,293,335.16864083184402,218.02334179097971,452.31393987270832,292,289,302,2012_Q2
2012-05-31 14:00:00,254,335.23463413748505,218.08933509662074,452.37993317834935,293,252,252,2012_Q2
2012-05-31 15:00:00,290,266.4968612926528,149.35156225178849,383.6421603335171,254,275,291,2012_Q2
2012-05-31 16:00:00,487,419.55364082492804,302.40834178406374,536.69893986579234,290,398,390,2012_Q2
2012-05-31 17:00:00,827,529.44217959651166,412.29688055564736,646.58747863737597,487,839,798,2012_Q2
2012-05-31 18:00:00,785,506.67736084545874,389.53206180459443,623.82265988632298,827,796,752,2012_Q2
2012-05-31 19:00:00,591,462.45736576961366,345.31206672874936,579.60266481047802,785,556,492,2012_Q2
2012-05-31 20:00:00,479,394.31305212058282,277.16775307971852,511.45835116144713,591,431,398,2012_Q2
2012-05-31 21:00:00,359,322.85260232381347,205.70730328294917,439.99790136467777,479,304,285,2012_Q2
2012-05-31 22:00:00,264,271.63975903421357,154.49445999334927,388.78505807507787,359,217,243,2012_Q2
2012-05-31 23:00:00,140,173.51981462281191,56.374515581947605,290.66511366367621,264,160,167,2012_Q2
2012-06-01 00:00:00,86,76.262045597447468,0,193.40734463831177,140,61,73,2012_Q2
2012-06-01 01:00:00,34,44.414969385622953,0,161.56026842648726,86,26,42,2012_Q2
2012-06-01 02:00:00,16,20.634615805164433,0,137.77991484602873,34,14,23,2012_Q2
2012-06-01 03:00:00,4,9.3351900948525266,0,126.48048913571682,16,8,14,2012_Q2
2012-06-01 04:00:00,6,4.6205329507322208,0,121.76583199159653,4,8,9,2012_Q2
2012-06-01 05:00:00,45,23.604787412458588,0,140.75008645332289,6,33,30,2012_Q2
2012-06-01 06:00:00,141,106.31190229935081,0,223.45720134021511,45,178,113,2012_Q2
2012-06-01 07:00:00,402,293.35980080980414,176.21450176893984,410.50509985066844,141,507,359,2012_Q2
2012-06-01 08:00:00,694,389.63007339373831,272.48477435287401,506.77537243460262,402,693,583,2012_Q2
2012-06-01 09:00:00,298,302.17119615011626,185.02589710925196,419.31649519098056,694,311,340,2012_Q2
2012-06-01 10:00:00,204,176.44190830690454,59.296609266040235,293.58720734776887,298,220,232,2012_Q2
2012-06-01 11:00:00,235,190.55363435260281,73.408335311738512,307.69893339346709,204,218,283,2012_Q2
2012-06-01 12:00:00,310,247.82311455678575,130.67781551592145,364.96841359765006,235,292,321,2012_Q2
2012-06-01 13:00:00,316,336.5661667806346,219.4208677397703,453.7114658214989,310,293,333,2012_Q2
2012-06-01 14:00:00,254,345.8269033295345,228.6816042886702,462.9722023703988,316,254,367,2012_Q2
2012-06-01 15:00:00,258,297.49025924671849,180.34496020585419,414.6355582875828,254,290,466,2012_Q2
2012-06-01 16:00:00,222,345.95471641318903,228.80941737232473,463.10001545405333,258,487,584,2012_Q2
2012-06-01 17:00:00,227,302.09226771397664,184.94696867311234,419.23756675484094,222,827,653,2012_Q2
2012-06-01 18:00:00,110,210.37208929889192,93.22679025802762,327.51738833975622,227,785,522,2012_Q2
2012-06-01 19:00:00,45,108.56524887863623,0,225.71054791950053,110,591,404,2012_Q2
2012-06-01 20:00:00,39,56.403545487073366,0,173.54884452793766,45,479,350,2012_Q2
2012-06-01 21:00:00,85,39.705985916755395,0,156.8512849576197,39,359,255,2012_Q2
2012-06-01 22:00:00,23,75.624522700593147,0,192.76982174145746,85,264,212,2012_Q2
2012-06-01 23:00:00,73,31.562063127561711,0,148.70736216842602,23,140,166,2012_Q2
2012-06-02 00:00:00,86,58.571693676297443,0,175.71699271716176,73,86,116,2012_Q2
2012-06-02 01:00:00,76,67.94081336168199,0,185.08611240254629,86,34,82,2012_Q2
2012-06-02 02:00:00,41,59.027218479745798,0,176.17251752061009,76,16,64,2012_Q2
2012-06-02 03:00:00,26,18.703665517931903,0,135.84896455879621,41,4,31,2012_Q2
2012-06-02 04:00:00,13,7.5422875771624307,0,124.68758661802673,26,6,2,2012_Q2
2012-06-02 05:00:00,12,8.8228343415130954,0,125.9681333823774,13,45,10,2012_Q2
2012-06-02 06:00:00,36,29.356318959528888,0,146.50161800039319,12,141,31,2012_Q2
2012-06-02 07:00:00,86,68.071093677499391,0,185.21639271836369,36,402,54,2012_Q2
2012-06-02 08:00:00,210,175.24303976930821,58.09774072844391,292.38833881017251,86,694,141,2012_Q2
2012-06-02 09:00:00,332,260.12394252564559,142.97864348478129,377.26924156650989,210,298,289,2012_Q2
2012-06-02 10:00:00,493,362.46788398474496,245.32258494388066,479.61318302560926,332,204,437,2012_Q2
2012-06-02 11:00:00,536,431.65542812420102,314.51012908333672,548.80072716506538,493,235,520,2012_Q2
2012-06-02 12:00:00,668,435.69045327847959,318.54515423761529,552.8357523193439,536,310,529,2012_Q2
2012-06-02 13:00:00,679,456.02224413366054,338.87694509279623,573.16754317452478,668,316,539,2012_Q2
2012-06-02 14:00:00,647,446.40040995718192,329.25511091631762,563.54570899804617,679,254,564,2012_Q2
2012-06-02 15:00:00,702,473.28943893271617,356.14413989185186,590.43473797358047,647,258,513,2012_Q2
2012-06-02 16:00:00,644,475.81616367255725,358.67086463169295,592.9614627134215,702,222,504,2012_Q2
2012-06-02 17:00:00,586,440.43177266026549,323.28647361940119,557.57707170112985,644,227,462,2012_Q2
2012-06-02 18:00:00,512,421.60858043068191,304.46328138981761,538.75387947154627,586,110,415,2012_Q2
2012-06-02 19:00:00,554,369.97872702564922,252.83342798478492,487.12402606651352,512,45,373,2012_Q2
2012-06-02 20:00:00,399,371.17405252317116,254.02875348230685,488.31935156403546,554,39,255,2012_Q2
2012-06-02 21:00:00,316,316.06778554710172,198.92248650623742,433.21308458796602,399,85,251,2012_Q2
2012-06-02 22:00:00,228,252.65310600231106,135.50780696144676,369.79840504317536,316,23,204,2012_Q2
2012-06-02 23:00:00,238,162.81498601931946,45.669686978455161,279.96028506018376,228,73,150,2012_Q2
2012-06-03 00:00:00,169,196.34361461739829,79.198315576533986,313.48891365826262,238,86,137,2012_Q2
2012-06-03 01:00:00,121,113.60163798606271,0,230.74693702692701,169,76,78,2012_Q2
2012-06-03 02:00:00,89,86.666126796170857,0,203.81142583703516,121,41,61,2012_Q2
2012-06-03 03:00:00,50,41.802361766445394,0,158.94766080730969,89,26,36,2012_Q2
2012-06-03 04:00:00,13,11.764296564509912,0,128.90959560537422,50,13,11,2012_Q2
2012-06-03 05:00:00,12,9.031713411440867,0,126.17701245230516,13,12,7,2012_Q2
2012-06-03 06:00:00,22,26.508514321515232,0,143.65381336237954,12,36,22,2012_Q2
2012-06-03 07:00:00,35,57.337661190215677,0,174.48296023107997,22,86,52,2012_Q2
2012-06-03 08:00:00,140,96.759200596583014,0,213.90449963744732,35,210,151,2012_Q2
2012-06-03 09:00:00,300,226.55642847760916,109.41112943674486,343.70172751847349,140,332,270,2012_Q2
2012-06-03 10:00:00,404,391.99856195186845,274.85326291100415,509.14386099273275,300,493,424,2012_Q2
2012-06-03 11:00:00,511,443.99217122783193,326.84687218696763,561.13747026869623,404,536,519,2012_Q2
2012-06-03 12:00:00,684,458.45852203082575,341.31322298996145,575.60382107169005,511,668,570,2012_Q2
2012-06-03 13:00:00,686,437.70570060919232,320.56040156832802,554.85099965005656,684,679,498,2012_Q2
2012-06-03 14:00:00,678,430.58437063391898,313.43907159305468,547.72966967478328,686,647,547,2012_Q2
2012-06-03 15:00:00,644,436.02670453424548,318.88140549338118,553.17200357510978,678,702,535,2012_Q2
2012-06-03 16:00:00,662,430.99085367233613,313.84555463147183,548.13615271320043,644,644,501,2012_Q2
2012-06-03 17:00:00,578,430.39040453209793,313.24510549123363,547.53570357296223,662,586,522,2012_Q2
2012-06-03 18:00:00,496,440.12593831884868,322.98063927798438,557.27123735971304,578,512,518,2012_Q2
2012-06-03 19:00:00,453,373.34964838727757,256.20434934641327,490.49494742814187,496,554,442,2012_Q2
2012-06-03 20:00:00,314,355.11081604787864,237.96551700701434,472.25611508874294,453,399,392,2012_Q2
2012-06-03 21:00:00,246,256.89136628554587,139.74606724468157,374.03666532641017,314,316,143,2012_Q2
2012-06-03 22:00:00,226,186.23812156200418,69.09282252113988,303.38342060286845,246,228,59,2012_Q2
2012-06-03 23:00:00,108,148.05601318755274,30.910714146688434,265.20131222841701,226,238,96,2012_Q2
2012-06-04 00:00:00,49,56.337351788038355,0,173.48265082890265,108,169,65,2012_Q2
2012-06-04 01:00:00,14,29.637887886339605,0,146.7831869272039,49,121,59,2012_Q2
2012-06-04 02:00:00,11,11.804351950856018,0,128.94965099172032,14,89,48,2012_Q2
2012-06-04 03:00:00,5,7.5400412176327141,0,124.68534025849702,11,50,18,2012_Q2
2012-06-04 04:00:00,8,5.0556184745610695,0,122.20091751542537,5,13,6,2012_Q2
2012-06-04 05:00:00,35,17.823490549765651,0,134.96878959062997,8,12,9,2012_Q2
2012-06-04 06:00:00,139,83.059216653932992,0,200.20451569479729,35,22,20,2012_Q2
2012-06-04 07:00:00,517,279.07232380290634,161.92702476204204,396.21762284377064,139,35,67,2012_Q2
2012-06-04 08:00:00,665,299.62869558150248,182.48339654063818,416.77399462236679,517,140,155,2012_Q2
2012-06-04 09:00:00,282,329.99405915785292,212.84876011698861,447.13935819871722,665,300,263,2012_Q2
2012-06-04 10:00:00,187,302.58037516506255,185.43507612419825,419.72567420592685,282,404,364,2012_Q2
2012-06-04 11:00:00,239,203.34885273549187,86.203553694627573,320.49415177635615,187,511,476,2012_Q2
2012-06-04 12:00:00,282,297.86260321477397,180.71730417390967,415.00790225563827,239,684,525,2012_Q2
2012-06-04 13:00:00,274,433.68590300671798,316.54060396585368,550.83120204758234,282,686,556,2012_Q2
2012-06-04 14:00:00,270,414.47839866378393,297.33309962291963,531.62369770464829,274,678,465,2012_Q2
2012-06-04 15:00:00,292,422.96442094517897,305.81912190431467,540.10971998604327,270,644,460,2012_Q2
2012-06-04 16:00:00,448,478.25183199570307,361.10653295483877,595.39713103656732,292,662,501,2012_Q2
2012-06-04 17:00:00,834,446.65879350261639,329.51349446175209,563.80409254348069,448,578,405,2012_Q2
2012-06-04 18:00:00,822,447.98801174054,330.8427126996757,565.13331078140436,834,496,383,2012_Q2
2012-06-04 19:00:00,645,409.05530527904773,291.91000623818343,526.20060431991203,822,453,395,2012_Q2
2012-06-04 20:00:00,461,355.36261878418122,238.21731974331692,472.50791782504552,645,314,317,2012_Q2
2012-06-04 21:00:00,265,328.67344283990406,211.52814379903975,445.81874188076836,461,246,247,2012_Q2
2012-06-04 22:00:00,168,191.54673628061818,74.401437239753875,308.69203532148248,265,226,157,2012_Q2
2012-06-04 23:00:00,86,90.727190928777503,0,207.8724899696418,168,108,82,2012_Q2
2012-06-05 00:00:00,34,42.999047796236901,0,160.14434683710121,86,49,45,2012_Q2
2012-06-05 01:00:00,20,14.447340776670423,0,131.59263981753472,34,14,14,2012_Q2
2012-06-05 02:00:00,8,9.2255634461357996,0,126.3708624870001,20,11,8,2012_Q2
2012-06-05 03:00:00,5,3.8611692455554123,0,121.00646828641972,8,5,3,2012_Q2
2012-06-05 04:00:00,5,4.0571791119345813,0,121.20247815279889,5,8,5,2012_Q2
2012-06-05 05:00:00,36,22.803973720553543,0,139.94927276141783,5,35,33,2012_Q2
2012-06-05 06:00:00,184,81.109665830803849,0,198.25496487166816,36,139,154,2012_Q2
2012-06-05 07:00:00,569,402.88666810630781,285.74136906544351,520.03196714717205,184,517,450,2012_Q2
2012-06-05 08:00:00,710,523.49061045370206,406.34531141283776,640.63590949456636,569,665,634,2012_Q2
2012-06-05 09:00:00,335,282.97056392344905,165.82526488258475,400.11586296431335,710,282,257,2012_Q2
2012-06-05 10:00:00,176,168.75833270532127,51.613033664456964,285.90363174618557,335,187,183,2012_Q2
2012-06-05 11:00:00,227,160.81814040521363,43.672841364349324,277.96343944607793,176,239,197,2012_Q2
2012-06-05 12:00:00,247,241.26466227440909,124.11936323354479,358.40996131527339,227,282,237,2012_Q2
2012-06-05 13:00:00,267,206.15796936145838,89.012670320594083,323.30326840232271,247,274,239,2012_Q2
2012-06-05 14:00:00,276,240.09643194106545,122.95113290020115,357.24173098192978,267,270,238,2012_Q2
2012-06-05 15:00:00,272,322.0178381513706,204.8725391105063,439.1631371922349,276,292,256,2012_Q2
2012-06-05 16:00:00,473,392.46973019566201,275.32443115479771,509.61502923652631,272,448,393,2012_Q2
2012-06-05 17:00:00,850,513.3924551030309,396.2471560621666,630.5377541438952,473,834,781,2012_Q2
2012-06-05 18:00:00,790,511.54034180616293,394.39504276529863,628.68564084702723,850,822,710,2012_Q2
2012-06-05 19:00:00,513,456.54666427116223,339.40136523029793,573.69196331202647,790,645,526,2012_Q2
2012-06-05 20:00:00,415,381.40885074553864,264.26355170467434,498.55414978640295,513,461,204,2012_Q2
2012-06-05 21:00:00,283,294.83968973473958,177.69439069387528,411.98498877560388,415,265,71,2012_Q2
2012-06-05 22:00:00,193,188.26412070473145,71.118821663867152,305.40941974559576,283,168,55,2012_Q2
2012-06-05 23:00:00,113,100.18389616050744,0,217.32919520137176,193,86,50,2012_Q2
2012-06-06 00:00:00,49,46.189498211284366,0,163.33479725214866,113,34,36,2012_Q2
2012-06-06 01:00:00,27,19.307617758533056,0,136.45291679939737,49,20,4,2012_Q2
2012-06-06 02:00:00,11,9.7322931676426965,0,126.877592208507,27,8,5,2012_Q2
2012-06-06 03:00:00,8,5.0228203116946695,0,122.16811935255897,11,5,5,2012_Q2
2012-06-06 04:00:00,10,4.6904047924795575,0,121.83570383334386,8,5,6,2012_Q2
2012-06-06 05:00:00,38,26.994983788958582,0,144.14028282982289,10,36,41,2012_Q2
2012-06-06 06:00:00,172,109.72243247737805,0,226.86773151824235,38,184,144,2012_Q2
2012-06-06 07:00:00,547,355.06336126438379,237.91806222351948,472.20866030524809,172,569,483,2012_Q2
2012-06-06 08:00:00,668,482.24455040837262,365.09925136750832,599.38984944923686,547,710,671,2012_Q2
2012-06-06 09:00:00,303,331.24443358482898,214.09913454396468,448.38973262569328,668,335,305,2012_Q2
2012-06-06 10:00:00,203,177.81504946815713,60.669750427292826,294.9603485090214,303,176,177,2012_Q2
2012-06-06 11:00:00,226,176.60926402846152,59.463964987597222,293.75456306932585,203,227,208,2012_Q2
2012-06-06 12:00:00,315,225.22555598654654,108.08025694568224,342.37085502741081,226,247,253,2012_Q2
2012-06-06 13:00:00,303,342.25958852749289,225.11428948662859,459.4048875683572,315,267,289,2012_Q2
2012-06-06 14:00:00,302,301.45875368290331,184.31345464203901,418.60405272376761,303,276,252,2012_Q2
2012-06-06 15:00:00,300,332.47274271597843,215.32744367511413,449.61804175684273,302,272,275,2012_Q2
2012-06-06 16:00:00,452,410.6201225408596,293.4748234999953,527.7654215817239,300,473,398,2012_Q2
2012-06-06 17:00:00,724,477.5442992669411,360.39900022607679,594.68959830780545,452,850,839,2012_Q2
2012-06-06 18:00:00,782,474.68111208099248,357.53581304012818,591.82641112185684,724,790,796,2012_Q2
2012-06-06 19:00:00,538,387.93126651620287,270.78596747533857,505.07656555706717,782,513,556,2012_Q2
2012-06-06 20:00:00,408,323.69179756750998,206.54649852664568,440.83709660837428,538,415,431,2012_Q2
2012-06-06 21:00:00,298,288.54385461409089,171.39855557322659,405.68915365495519,408,283,304,2012_Q2
2012-06-06 22:00:00,248,207.2509159238985,90.105616883034202,324.39621496476281,298,193,217,2012_Q2
2012-06-06 23:00:00,123,146.49203843485333,29.346739393989026,263.63733747571763,248,113,160,2012_Q2
2012-06-07 00:00:00,59,55.337911805799472,0,172.48321084666378,123,49,61,2012_Q2
2012-06-07 01:00:00,22,25.336189426184276,0,142.48148846704856,59,27,26,2012_Q2
2012-06-07 02:00:00,12,12.655078372489806,0,129.80037741335411,22,11,14,2012_Q2
2012-06-07 03:00:00,5,5.6200005726061466,0,122.76529961347045,12,8,8,2012_Q2
2012-06-07 04:00:00,6,5.1888253248393728,0,122.33412436570367,5,10,8,2012_Q2
2012-06-07 05:00:00,34,26.355720810303865,0,143.50101985116817,6,38,33,2012_Q2
2012-06-07 06:00:00,170,109.76279989260593,0,226.90809893347023,34,172,178,2012_Q2
2012-06-07 07:00:00,526,355.58637245585231,238.44107341498801,472.73167149671661,170,547,507,2012_Q2
2012-06-07 08:00:00,681,486.27211333829035,369.12681429742605,603.41741237915471,526,668,693,2012_Q2
2012-06-07 09:00:00,337,348.02713742924732,230.88183838838302,465.17243647011162,681,303,311,2012_Q2
2012-06-07 10:00:00,210,193.70587592765162,76.560576886787317,310.85117496851592,337,203,220,2012_Q2
2012-06-07 11:00:00,237,198.31280954943966,81.167510508575361,315.45810859030394,210,226,218,2012_Q2
2012-06-07 12:00:00,336,242.76453760927217,125.61923856840787,359.90983665013647,237,315,292,2012_Q2
2012-06-07 13:00:00,315,352.81218014471011,235.66688110384581,469.95747918557441,336,303,293,2012_Q2
2012-06-07 14:00:00,265,310.64024430142342,193.49494526055912,427.78554334228772,315,302,254,2012_Q2
2012-06-07 15:00:00,333,310.73664442480816,193.59134538394386,427.88194346567246,265,300,290,2012_Q2
2012-06-07 16:00:00,466,469.7785312741899,352.6332322333256,586.92383031505415,333,452,487,2012_Q2
2012-06-07 17:00:00,869,521.31022594060369,404.16492689973938,638.45552498146799,466,724,827,2012_Q2
2012-06-07 18:00:00,813,501.34568022805331,384.20038118718901,618.49097926891761,869,782,785,2012_Q2
2012-06-07 19:00:00,602,465.39942923686453,348.25413019600023,582.54472827772884,813,538,591,2012_Q2
2012-06-07 20:00:00,478,420.51542509148783,303.37012605062353,537.66072413235213,602,408,479,2012_Q2
2012-06-07 21:00:00,313,319.70948468120571,202.56418564034141,436.85478372207001,478,298,359,2012_Q2
2012-06-07 22:00:00,228,247.49855533427714,130.35325629341284,364.64385437514147,313,248,264,2012_Q2
2012-06-07 23:00:00,177,135.36475861302958,18.219459572165277,252.51005765389388,228,123,140,2012_Q2
2012-06-08 00:00:00,77,82.134290676979234,0,199.27958971784352,177,59,86,2012_Q2
2012-06-08 01:00:00,29,39.373118800030205,0,156.5184178408945,77,22,34,2012_Q2
2012-06-08 02:00:00,19,15.030668876766022,0,132.17596791763032,29,12,16,2012_Q2
2012-06-08 03:00:00,8,8.1736816207932659,0,125.31898066165756,19,5,4,2012_Q2
2012-06-08 04:00:00,10,5.174802691601097,0,122.3201017324654,8,6,6,2012_Q2
2012-06-08 05:00:00,29,27.725479890469209,0,144.87077893133352,10,34,45,2012_Q2
2012-06-08 06:00:00,139,104.5329568289595,0,221.6782558698238,29,170,141,2012_Q2
2012-06-08 07:00:00,428,321.66844729890329,204.52314825803899,438.81374633976759,139,526,402,2012_Q2
2012-06-08 08:00:00,700,496.14153521909486,378.99623617823056,613.28683425995916,428,681,694,2012_Q2
2012-06-08 09:00:00,382,343.18673357474654,226.04143453388224,460.33203261561084,700,337,298,2012_Q2
2012-06-08 10:00:00,249,215.46643080490819,98.321131764043884,332.61172984577252,382,210,204,2012_Q2
2012-06-08 11:00:00,264,251.68071996806003,134.53542092719573,368.82601900892433,249,237,235,2012_Q2
2012-06-08 12:00:00,369,299.52656937189357,182.38127033102927,416.67186841275787,264,336,310,2012_Q2
2012-06-08 13:00:00,416,381.08337694055854,263.93807789969424,498.22867598142284,369,315,316,2012_Q2
2012-06-08 14:00:00,373,349.87171638317017,232.72641734230587,467.01701542403447,416,265,254,2012_Q2
2012-06-08 15:00:00,397,374.14848781323337,257.00318877236907,491.29378685409768,373,333,258,2012_Q2
2012-06-08 16:00:00,523,427.69825296813713,310.55295392727282,544.84355200900143,397,466,222,2012_Q2
2012-06-08 17:00:00,793,482.34508618634283,365.19978714547852,599.49038522720707,523,869,227,2012_Q2
2012-06-08 18:00:00,723,457.70976907033457,340.56447002947027,574.85506811119888,793,813,110,2012_Q2
2012-06-08 19:00:00,555,406.51799117626524,289.37269213540094,523.66329021712954,723,602,45,2012_Q2
2012-06-08 20:00:00,408,404.34792037704881,287.20262133618451,521.49321941791311,555,478,39,2012_Q2
2012-06-08 21:00:00,339,304.93545447800858,187.79015543714428,422.08075351887288,408,313,85,2012_Q2
2012-06-08 22:00:00,291,254.48909042539128,137.34379138452698,371.63438946625558,339,228,23,2012_Q2
2012-06-08 23:00:00,215,188.49204810227408,71.346749061409781,305.63734714313841,291,177,73,2012_Q2
2012-06-09 00:00:00,206,162.9418155165902,45.796516475725895,280.08711455745447,215,77,86,2012_Q2
2012-06-09 01:00:00,123,137.22731592060393,20.082016879739626,254.37261496146823,206,29,76,2012_Q2
2012-06-09 02:00:00,89,81.325027957993015,0,198.47032699885733,123,19,41,2012_Q2
2012-06-09 03:00:00,40,39.007943317449794,0,156.15324235831409,89,8,26,2012_Q2
2012-06-09 04:00:00,8,11.884644043066842,0,129.02994308393113,40,10,13,2012_Q2
2012-06-09 05:00:00,19,10.853103646560287,0,127.99840268742459,8,29,12,2012_Q2
2012-06-09 06:00:00,80,46.744396262286749,0,163.88969530315106,19,139,36,2012_Q2
2012-06-09 07:00:00,87,131.3828730641784,14.237574023314096,248.5281721050427,80,428,86,2012_Q2
2012-06-09 08:00:00,244,177.84697247951831,60.701673438654012,294.99227152038259,87,700,210,2012_Q2
2012-06-09 09:00:00,340,285.74954144618573,168.60424240532143,402.89484048705003,244,382,332,2012_Q2
2012-06-09 10:00:00,466,369.46799203998262,252.32269299911832,486.61329108084692,340,249,493,2012_Q2
2012-06-09 11:00:00,569,443.69007480304083,326.54477576217653,560.83537384390513,466,264,536,2012_Q2
2012-06-09 12:00:00,531,445.18948279634662,328.04418375548232,562.33478183721093,569,369,668,2012_Q2
2012-06-09 13:00:00,585,425.36118761791681,308.21588857705251,542.50648665878111,531,416,679,2012_Q2
2012-06-09 14:00:00,593,421.41506386775268,304.26976482688838,538.56036290861698,585,373,647,2012_Q2
2012-06-09 15:00:00,555,437.99448723301686,320.84918819215255,555.1397862738811,593,397,702,2012_Q2
2012-06-09 16:00:00,534,437.64500418278328,320.49970514191898,554.79030322364758,555,523,644,2012_Q2
2012-06-09 17:00:00,495,424.46006655994546,307.31476751908116,541.60536560080982,534,793,586,2012_Q2
2012-06-09 18:00:00,451,393.58839430037199,276.44309525950769,510.73369334123629,495,723,512,2012_Q2
2012-06-09 19:00:00,360,386.52202463518677,269.37672559432247,503.66732367605107,451,555,554,2012_Q2
2012-06-09 20:00:00,363,315.92830016471072,198.78300112384642,433.07359920557502,360,408,399,2012_Q2
2012-06-09 21:00:00,316,305.67022979266306,188.52493075179876,422.81552883352737,363,339,316,2012_Q2
2012-06-09 22:00:00,214,276.1667212631246,159.0214222222603,393.3120203039889,316,291,228,2012_Q2
2012-06-09 23:00:00,230,168.67003969086593,51.524740650001633,285.81533873173021,214,215,238,2012_Q2
2012-06-10 00:00:00,158,197.66097215457302,80.515673113708715,314.80627119543732,230,206,169,2012_Q2
2012-06-10 01:00:00,116,122.4857803059034,5.3404812650391023,239.63107934676771,158,123,121,2012_Q2
2012-06-10 02:00:00,73,90.756882028734097,0,207.90218106959838,116,89,89,2012_Q2
2012-06-10 03:00:00,29,40.018456022716236,0,157.16375506358054,73,40,50,2012_Q2
2012-06-10 04:00:00,10,10.648545983798595,0,127.7938450246629,29,8,13,2012_Q2
2012-06-10 05:00:00,13,11.317698283005015,0,128.46299732386933,10,19,12,2012_Q2
2012-06-10 06:00:00,30,27.867748632133154,0,145.01304767299746,13,80,22,2012_Q2
2012-06-10 07:00:00,62,66.915896194868353,0,184.06119523573267,30,87,35,2012_Q2
2012-06-10 08:00:00,181,136.82196784283218,19.676668801967878,253.96726688369648,62,244,140,2012_Q2
2012-06-10 09:00:00,266,257.97555644939325,140.83025740852895,375.12085549025755,181,340,300,2012_Q2
2012-06-10 10:00:00,413,383.3941237595289,266.24882471866459,500.5394228003932,266,466,404,2012_Q2
2012-06-10 11:00:00,499,452.70595654309591,335.56065750223161,569.85125558396021,413,569,511,2012_Q2
2012-06-10 12:00:00,502,455.82613747160252,338.68083843073822,572.97143651246688,499,531,684,2012_Q2
2012-06-10 13:00:00,492,432.75879388019013,315.61349483932582,549.90409292105437,502,585,686,2012_Q2
2012-06-10 14:00:00,500,421.37636374080523,304.23106469994093,538.52166278166953,492,593,678,2012_Q2
2012-06-10 15:00:00,475,425.60189479424793,308.45659575338362,542.74719383511228,500,555,644,2012_Q2
2012-06-10 16:00:00,508,431.69432526060399,314.54902621973969,548.83962430146835,475,534,662,2012_Q2
2012-06-10 17:00:00,521,421.25010348466435,304.10480444380005,538.39540252552865,508,495,578,2012_Q2
2012-06-10 18:00:00,490,403.54833204783813,286.40303300697383,520.69363108870243,521,451,496,2012_Q2
2012-06-10 19:00:00,375,393.30678109915374,276.16148205828944,510.45208014001804,490,360,453,2012_Q2
2012-06-10 20:00:00,363,309.28319194426228,192.13789290339798,426.42849098512659,375,363,314,2012_Q2
2012-06-10 21:00:00,253,303.00841175948744,185.86311271862314,420.15371080035175,363,316,246,2012_Q2
2012-06-10 22:00:00,159,199.12796231442181,81.982663273557506,316.27326135528608,253,214,226,2012_Q2
2012-06-10 23:00:00,110,108.02001013040162,0,225.1653091712659,159,230,108,2012_Q2
2012-06-11 00:00:00,41,53.610501075008308,0,170.7558001158726,110,158,49,2012_Q2
2012-06-11 01:00:00,24,18.97652348984446,0,136.12182253070876,41,116,14,2012_Q2
2012-06-11 02:00:00,17,11.371381005056806,0,128.51668004592111,24,73,11,2012_Q2
2012-06-11 03:00:00,6,8.5059025975464664,0,125.65120163841077,17,29,5,2012_Q2
2012-06-11 04:00:00,7,5.1320781880602517,0,122.27737722892455,6,10,8,2012_Q2
2012-06-11 05:00:00,37,24.142321560399314,0,141.28762060126363,7,13,35,2012_Q2
2012-06-11 06:00:00,144,110.73504067988911,0,227.8803397207534,37,30,139,2012_Q2
2012-06-11 07:00:00,503,319.89010993940343,202.74481089853913,437.03540898026773,144,62,517,2012_Q2
2012-06-11 08:00:00,651,454.54445416808511,337.39915512722081,571.68975320894947,503,181,665,2012_Q2
2012-06-11 09:00:00,316,338.89102202254708,221.74572298168277,456.03632106341138,651,266,282,2012_Q2
2012-06-11 10:00:00,147,243.27105138119907,126.12575234033477,360.41635042206337,316,413,187,2012_Q2
2012-06-11 11:00:00,202,167.12469720775826,49.979398166893958,284.26999624862253,147,499,239,2012_Q2
2012-06-11 12:00:00,261,243.58645558555804,126.44115654469374,360.73175462642234,202,502,282,2012_Q2
2012-06-11 13:00:00,248,262.73202779771543,145.58672875685113,379.87732683857973,261,492,274,2012_Q2
2012-06-11 14:00:00,259,215.80659682624636,98.661297785382061,332.95189586711069,248,500,270,2012_Q2
2012-06-11 15:00:00,259,315.67646848988534,198.53116944902104,432.82176753074964,259,475,292,2012_Q2
2012-06-11 16:00:00,427,432.11423644722589,314.96893740636159,549.25953548809025,259,508,448,2012_Q2
2012-06-11 17:00:00,800,501.9273961606923,384.78209711982799,619.0726952015566,427,521,834,2012_Q2
2012-06-11 18:00:00,831,495.28753205393696,378.14223301307266,612.43283109480126,800,490,822,2012_Q2
2012-06-11 19:00:00,596,453.1737161737359,336.0284171328716,570.3190152146002,831,375,645,2012_Q2
2012-06-11 20:00:00,394,446.84406698461504,329.69876794375074,563.98936602547928,596,363,461,2012_Q2
2012-06-11 21:00:00,250,295.69592269562861,178.55062365476431,412.84122173649291,394,253,265,2012_Q2
2012-06-11 22:00:00,164,164.1604214512256,47.0151224103613,281.3057204920899,250,159,168,2012_Q2
2012-06-11 23:00:00,80,84.29485358034573,0,201.44015262121002,164,110,86,2012_Q2
2012-06-12 00:00:00,28,36.628050178892735,0,153.77334921975705,80,41,34,2012_Q2
2012-06-12 01:00:00,16,13.49388124380962,0,130.63918028467393,28,24,20,2012_Q2
2012-06-12 02:00:00,6,7.7245354754328259,0,124.86983451629713,16,17,8,2012_Q2
2012-06-12 03:00:00,12,4.0954682244863365,0,121.24076726535064,6,6,5,2012_Q2
2012-06-12 04:00:00,4,5.1838642546882214,0,122.32916329555252,12,7,5,2012_Q2
2012-06-12 05:00:00,29,21.016718806928129,0,138.16201784779244,4,37,36,2012_Q2
2012-06-12 06:00:00,136,81.242236582370168,0,198.38753562323447,29,144,184,2012_Q2
2012-06-12 07:00:00,303,308.16821264480967,191.02291360394537,425.31351168567397,136,503,569,2012_Q2
2012-06-12 08:00:00,613,350.56622170284521,233.42092266198091,467.71152074370951,303,651,710,2012_Q2
2012-06-12 09:00:00,285,316.146296735487,199.0009976946227,433.2915957763513,613,316,335,2012_Q2
2012-06-12 10:00:00,125,131.68221374455953,14.536914703695231,248.82751278542383,285,147,176,2012_Q2
2012-06-12 11:00:00,65,110.49504469628366,0,227.64034373714796,125,202,227,2012_Q2
2012-06-12 12:00:00,95,77.87587063545611,0,195.02116967632043,65,261,247,2012_Q2
2012-06-12 13:00:00,59,92.903648463951299,0,210.0489475048156,95,248,267,2012_Q2
2012-06-12 14:00:00,60,70.855981043519748,0,188.00128008438406,59,259,276,2012_Q2
2012-06-12 15:00:00,116,86.736746022049473,0,203.88204506291379,60,259,272,2012_Q2
2012-06-12 16:00:00,239,207.99177183450928,90.846472793644978,325.13707087537358,116,427,473,2012_Q2
2012-06-12 17:00:00,681,389.11173592710816,271.96643688624386,506.25703496797246,239,800,850,2012_Q2
2012-06-12 18:00:00,653,468.88037971988473,351.73508067902043,586.02567876074909,681,831,790,2012_Q2
2012-06-12 19:00:00,491,482.77947199578773,365.63417295492343,599.92477103665203,653,596,513,2012_Q2
2012-06-12 20:00:00,386,347.80833312444827,230.66303408358397,464.95363216531257,491,394,415,2012_Q2
2012-06-12 21:00:00,274,327.84440737366759,210.69910833280329,444.9897064145319,386,250,283,2012_Q2
2012-06-12 22:00:00,207,202.87165643632858,85.726357395464277,320.01695547719288,274,164,193,2012_Q2
2012-06-12 23:00:00,89,111.12320882735465,0,228.26850786821893,207,80,113,2012_Q2
2012-06-13 00:00:00,34,34.812450958840408,0,151.9577499997047,89,28,49,2012_Q2
2012-06-13 01:00:00,28,16.9559130459531,0,134.10121208681741,34,16,27,2012_Q2
2012-06-13 02:00:00,4,9.4526431310474983,0,126.5979421719118,28,6,11,2012_Q2
2012-06-13 03:00:00,8,4.1535241267943999,0,121.2988231676587,4,12,8,2012_Q2
2012-06-13 04:00:00,10,5.1237330292256988,0,122.26903207009001,8,4,10,2012_Q2
2012-06-13 05:00:00,40,27.688764678693662,0,144.83406371955797,10,29,38,2012_Q2
2012-06-13 06:00:00,194,110.17981066205319,0,227.32510970291747,40,136,172,2012_Q2
2012-06-13 07:00:00,505,370.30939993590403,253.16410089503972,487.45469897676833,194,303,547,2012_Q2
2012-06-13 08:00:00,713,467.99061896001251,350.84531991914821,585.13591800087681,505,613,668,2012_Q2
2012-06-13 09:00:00,352,296.04967986256457,178.90438082170027,413.19497890342888,713,285,303,2012_Q2
2012-06-13 10:00:00,198,175.84173644371992,58.696437402855622,292.98703548458423,352,125,203,2012_Q2
2012-06-13 11:00:00,246,167.26333827239176,50.118039231527462,284.40863731325607,198,65,226,2012_Q2
2012-06-13 12:00:00,334,222.9723717483279,105.8270727074636,340.11767078919218,246,95,315,2012_Q2
2012-06-13 13:00:00,255,305.72714223973782,188.58184319887351,422.87244128060212,334,59,303,2012_Q2
2012-06-13 14:00:00,320,215.53814491770729,98.392845876842983,332.68344395857162,255,60,302,2012_Q2
2012-06-13 15:00:00,281,341.26806942252125,224.12277038165695,458.41336846338555,320,116,300,2012_Q2
2012-06-13 16:00:00,392,367.19460068552513,250.04930164466083,484.33989972638943,281,239,452,2012_Q2
2012-06-13 17:00:00,857,489.18946302040615,372.04416397954185,606.33476206127045,392,681,724,2012_Q2
2012-06-13 18:00:00,744,482.84252613116598,365.69722709030168,599.98782517203028,857,653,782,2012_Q2
2012-06-13 19:00:00,671,450.62315800152231,333.47785896065801,567.76845704238667,744,491,538,2012_Q2
2012-06-13 20:00:00,448,353.52076274566451,236.37546370480021,470.66606178652881,671,386,408,2012_Q2
2012-06-13 21:00:00,396,296.77900262515385,179.63370358428955,413.92430166601815,448,274,298,2012_Q2
2012-06-13 22:00:00,238,279.90066872197281,162.7553696811085,397.04596776283711,396,207,248,2012_Q2
2012-06-13 23:00:00,153,139.20162200045255,22.056322959588243,256.34692104131682,238,89,123,2012_Q2
2012-06-14 00:00:00,48,66.332109532878263,0,183.47740857374257,153,34,59,2012_Q2
2012-06-14 01:00:00,21,25.064822184977782,0,142.21012122584207,48,28,22,2012_Q2
2012-06-14 02:00:00,9,9.3214851337804063,0,126.46678417464472,21,4,12,2012_Q2
2012-06-14 03:00:00,5,5.6639527441833222,0,122.80925178504762,9,8,5,2012_Q2
2012-06-14 04:00:00,6,5.1477645900571112,0,122.29306363092141,5,10,6,2012_Q2
2012-06-14 05:00:00,40,29.144741323015644,0,146.29004036387994,6,40,34,2012_Q2
2012-06-14 06:00:00,181,102.40006893399303,0,219.54536797485733,40,194,170,2012_Q2
2012-06-14 07:00:00,506,377.76614140057609,260.62084235971179,494.91144044144039,181,505,526,2012_Q2
2012-06-14 08:00:00,719,514.0338403150464,396.8885412741821,631.17913935591071,506,713,681,2012_Q2
2012-06-14 09:00:00,357,362.49045859778272,245.34515955691842,479.63575763864702,719,352,337,2012_Q2
2012-06-14 10:00:00,179,215.14133785826658,97.99603881740228,332.28663689913088,357,198,210,2012_Q2
2012-06-14 11:00:00,228,195.31044245338188,78.16514341251758,312.45574149424618,179,246,237,2012_Q2
2012-06-14 12:00:00,265,249.34440013400251,132.19910109313821,366.48969917486681,228,334,336,2012_Q2
2012-06-14 13:00:00,284,270.21694806293874,153.07164902207444,387.36224710380304,265,255,315,2012_Q2
2012-06-14 14:00:00,298,323.88099264294738,206.73569360208307,441.02629168381168,284,320,265,2012_Q2
2012-06-14 15:00:00,324,345.1695110400758,228.0242119992115,462.31481008094011,298,281,333,2012_Q2
2012-06-14 16:00:00,438,452.18115604351499,335.03585700265069,569.32645508437929,324,392,466,2012_Q2
2012-06-14 17:00:00,867,510.99572809214698,393.85042905128267,628.14102713301122,438,857,869,2012_Q2
2012-06-14 18:00:00,823,505.13674951842057,387.99145047755627,622.28204855928493,867,744,813,2012_Q2
2012-06-14 19:00:00,579,479.35784936558207,362.21255032471777,596.50314840644637,823,671,602,2012_Q2
2012-06-14 20:00:00,435,430.14718451958265,313.00188547871835,547.29248356044695,579,448,478,2012_Q2
2012-06-14 21:00:00,337,348.57799564445133,231.43269660358703,465.72329468531564,435,396,313,2012_Q2
2012-06-14 22:00:00,242,243.88094979181065,126.73565075094635,361.02624883267492,337,238,228,2012_Q2
2012-06-14 23:00:00,172,144.51252936266559,27.367230321801287,261.65782840352989,242,153,177,2012_Q2
2012-06-15 00:00:00,94,79.183330895410734,0,196.32862993627504,172,48,77,2012_Q2
2012-06-15 01:00:00,51,44.219073109607528,0,161.36437215047184,94,21,29,2012_Q2
2012-06-15 02:00:00,15,21.981711969345284,0,139.12701101020957,51,9,19,2012_Q2
2012-06-15 03:00:00,5,6.7473509884084493,0,123.89265002927274,15,5,8,2012_Q2
2012-06-15 04:00:00,14,4.8761908571265664,0,122.02148989799088,5,6,10,2012_Q2
2012-06-15 05:00:00,33,23.083127471839319,0,140.22842651270361,14,40,29,2012_Q2
2012-06-15 06:00:00,151,112.231678432854,0,229.37697747371828,33,181,139,2012_Q2
2012-06-15 07:00:00,430,333.31249867378409,216.16719963291979,450.45779771464839,151,506,428,2012_Q2
2012-06-15 08:00:00,653,468.99917471114975,351.85387567028545,586.14447375201405,430,719,700,2012_Q2
2012-06-15 09:00:00,366,376.14828502578803,259.00298598492373,493.29358406665233,653,357,382,2012_Q2
2012-06-15 10:00:00,216,290.41449471324603,173.26919567238173,407.55979375411033,366,179,249,2012_Q2
2012-06-15 11:00:00,286,210.88110136147475,93.735802320610446,328.02640040233905,216,228,264,2012_Q2
2012-06-15 12:00:00,403,350.78201252967256,233.63671348880825,467.92731157053686,286,265,369,2012_Q2
2012-06-15 13:00:00,393,394.9364155531353,277.791116512271,512.08171459399955,403,284,416,2012_Q2
2012-06-15 14:00:00,376,371.33068812594973,254.18538908508543,488.47598716681404,393,298,373,2012_Q2
2012-06-15 15:00:00,377,429.26560992399152,312.12031088312722,546.41090896485582,376,324,397,2012_Q2
2012-06-15 16:00:00,558,490.05484299019906,372.90954394933476,607.20014203106336,377,438,523,2012_Q2
2012-06-15 17:00:00,823,510.77840935208934,393.63311031122504,627.92370839295359,558,867,793,2012_Q2
2012-06-15 18:00:00,693,488.30508164010399,371.15978259923969,605.45038068096824,823,823,723,2012_Q2
2012-06-15 19:00:00,467,458.89985361864353,341.75455457777923,576.04515265950783,693,579,555,2012_Q2
2012-06-15 20:00:00,385,361.3334563430185,244.1881573021542,478.4787553838828,467,435,408,2012_Q2
2012-06-15 21:00:00,333,300.25248963406983,183.10719059320553,417.39778867493413,385,337,339,2012_Q2
2012-06-15 22:00:00,321,264.37723099841679,147.23193195755249,381.52253003928109,333,242,291,2012_Q2
2012-06-15 23:00:00,222,205.40899010013064,88.263691059266336,322.55428914099491,321,172,215,2012_Q2
2012-06-16 00:00:00,137,204.21522099068517,87.069921949820866,321.36052003154947,222,94,206,2012_Q2
2012-06-16 01:00:00,95,107.90901401566225,0,225.05431305652655,137,51,123,2012_Q2
2012-06-16 02:00:00,67,67.64032382985036,0,184.78562287071466,95,15,89,2012_Q2
2012-06-16 03:00:00,27,30.093409605627286,0,147.2387086464916,67,5,40,2012_Q2
2012-06-16 04:00:00,8,9.3566605813033217,0,126.50195962216762,27,14,8,2012_Q2
2012-06-16 05:00:00,23,12.979243093824408,0,130.12454213468871,8,33,19,2012_Q2
2012-06-16 06:00:00,47,60.60092574357742,0,177.74622478444172,23,151,80,2012_Q2
2012-06-16 07:00:00,78,100.46977087087049,0,217.61506991173479,47,430,87,2012_Q2
2012-06-16 08:00:00,204,152.36431959640461,35.219020555540311,269.50961863726889,78,653,244,2012_Q2
2012-06-16 09:00:00,367,263.45896092630852,146.31366188544422,380.60425996717282,204,366,340,2012_Q2
2012-06-16 10:00:00,435,390.93101677433009,273.78571773346579,508.07631581519439,367,216,466,2012_Q2
2012-06-16 11:00:00,566,432.81230834343955,315.66700930257525,549.95760738430386,435,286,569,2012_Q2
2012-06-16 12:00:00,603,441.97256923582302,324.82727019495871,559.11786827668732,566,403,531,2012_Q2
2012-06-16 13:00:00,617,425.67374247851183,308.52844343764752,542.81904151937613,603,393,585,2012_Q2
2012-06-16 14:00:00,573,424.1692094772626,307.0239104363983,541.3145085181269,617,376,593,2012_Q2
2012-06-16 15:00:00,583,432.95637674164607,315.81107770078177,550.10167578251037,573,377,555,2012_Q2
2012-06-16 16:00:00,542,443.83055106482311,326.68525202395881,560.97585010568741,583,558,534,2012_Q2
2012-06-16 17:00:00,593,387.79156844069433,270.64626939983003,504.93686748155864,542,823,495,2012_Q2
2012-06-16 18:00:00,571,393.63189304010945,276.48659399924514,510.77719208097375,593,693,451,2012_Q2
2012-06-16 19:00:00,461,372.75876755406881,255.61346851320451,489.90406659493311,571,467,360,2012_Q2
2012-06-16 20:00:00,352,304.78591878446844,187.64061974360413,421.93121782533274,461,385,363,2012_Q2
2012-06-16 21:00:00,290,273.93959373789033,156.79429469702603,391.08489277875464,352,333,316,2012_Q2
2012-06-16 22:00:00,280,243.72791923878876,126.58262019792446,360.87321827965309,290,321,214,2012_Q2
2012-06-16 23:00:00,183,207.40938262681289,90.264083585948583,324.55468166767719,280,222,230,2012_Q2
2012-06-17 00:00:00,148,133.00554316247022,15.860244121605916,250.15084220333452,183,137,158,2012_Q2
2012-06-17 01:00:00,88,115.91741186664392,0,233.06271090750823,148,95,116,2012_Q2
2012-06-17 02:00:00,74,73.062780268494791,0,190.20807930935911,88,67,73,2012_Q2
2012-06-17 03:00:00,28,36.259235545568309,0,153.40453458643262,74,27,29,2012_Q2
2012-06-17 04:00:00,18,8.0636324428746597,0,125.20893148373897,28,8,10,2012_Q2
2012-06-17 05:00:00,17,13.125068450417601,0,130.27036749128189,18,23,13,2012_Q2
2012-06-17 06:00:00,23,31.313460338788978,0,148.45875937965329,17,47,30,2012_Q2
2012-06-17 07:00:00,48,60.639231106729753,0,177.78453014759407,23,78,62,2012_Q2
2012-06-17 08:00:00,119,132.52695722550382,15.38165818463952,249.67225626636812,48,204,181,2012_Q2
2012-06-17 09:00:00,274,198.08771808977045,80.942419048906146,315.23301713063472,119,367,266,2012_Q2
2012-06-17 10:00:00,436,379.30469108407624,262.15939204321194,496.44999012494054,274,435,413,2012_Q2
2012-06-17 11:00:00,546,433.88234552452855,316.73704648366424,551.02764456539285,436,566,499,2012_Q2
2012-06-17 12:00:00,615,454.77138535616513,337.62608631530082,571.91668439702948,546,603,502,2012_Q2
2012-06-17 13:00:00,614,429.79598264194675,312.65068360108245,546.941281682811,615,617,492,2012_Q2
2012-06-17 14:00:00,582,430.33328063256096,313.18798159169665,547.4785796734252,614,573,500,2012_Q2
2012-06-17 15:00:00,463,427.12587947796391,309.9805804370996,544.27117851882826,582,583,475,2012_Q2
2012-06-17 16:00:00,580,414.63689041977159,297.49159137890729,531.78218946063589,463,542,508,2012_Q2
2012-06-17 17:00:00,593,421.58635783810712,304.44105879724282,538.73165687897142,580,593,521,2012_Q2
2012-06-17 18:00:00,513,410.31020999089537,293.16491095003107,527.45550903175968,593,571,490,2012_Q2
2012-06-17 19:00:00,390,371.43550930212251,254.29021026125821,488.58080834298681,513,461,375,2012_Q2
2012-06-17 20:00:00,302,309.81417305404534,192.66887401318104,426.95947209490964,390,352,363,2012_Q2
2012-06-17 21:00:00,246,261.52283900722716,144.37753996636286,378.66813804809146,302,290,253,2012_Q2
2012-06-17 22:00:00,153,203.26833332524029,86.12303428437599,320.41363236610459,246,280,159,2012_Q2
2012-06-17 23:00:00,108,96.971533499707462,0,214.11683254057175,153,183,110,2012_Q2
2012-06-18 00:00:00,40,53.18365074914346,0,170.32894979000775,108,148,41,2012_Q2
2012-06-18 01:00:00,14,21.664712364131109,0,138.81001140499541,40,88,24,2012_Q2
2012-06-18 02:00:00,9,8.9578790773875649,0,126.10317811825186,14,74,17,2012_Q2
2012-06-18 03:00:00,4,4.3813324372886449,0,121.52663147815295,9,28,6,2012_Q2
2012-06-18 04:00:00,9,5.2873105584486888,0,122.432609599313,4,18,7,2012_Q2
2012-06-18 05:00:00,23,28.152184511102487,0,145.29748355196679,9,17,37,2012_Q2
2012-06-18 06:00:00,37,77.593265616030479,0,194.73856465689477,23,23,144,2012_Q2
2012-06-18 07:00:00,145,81.676972571555098,0,198.8222716124194,37,48,503,2012_Q2
2012-06-18 08:00:00,474,280.70904274824005,163.56374370737575,397.85434178910435,145,119,651,2012_Q2
2012-06-18 09:00:00,250,262.86951237071355,145.72421332984925,380.01481141157785,474,274,316,2012_Q2
2012-06-18 10:00:00,91,167.52625213701722,50.380953096152922,284.6715511778815,250,436,147,2012_Q2
2012-06-18 11:00:00,121,94.689050955748584,0,211.8343499966129,91,546,202,2012_Q2
2012-06-18 12:00:00,168,160.51712833892711,43.371829298062806,277.66242737979144,121,615,261,2012_Q2
2012-06-18 13:00:00,225,159.56177816700665,42.416479126142349,276.70707720787095,168,614,248,2012_Q2
2012-06-18 14:00:00,219,216.73566422119646,99.590365180332157,333.88096326206073,225,582,259,2012_Q2
2012-06-18 15:00:00,237,216.27999336173764,99.134694320873336,333.42529240260194,219,463,259,2012_Q2
2012-06-18 16:00:00,332,337.27633151611377,220.13103247524947,454.42163055697807,237,580,427,2012_Q2
2012-06-18 17:00:00,723,468.41857942710249,351.27328038623818,585.56387846796679,332,593,800,2012_Q2
2012-06-18 18:00:00,642,496.49124324103786,379.34594420017356,613.63654228190217,723,513,831,2012_Q2
2012-06-18 19:00:00,463,449.03720002207808,331.89190098121378,566.18249906294238,642,390,596,2012_Q2
2012-06-18 20:00:00,362,327.66018530732902,210.51488626646471,444.80548434819332,463,302,394,2012_Q2
2012-06-18 21:00:00,273,277.48713659969337,160.34183755882907,394.63243564055767,362,246,250,2012_Q2
2012-06-18 22:00:00,164,188.25223433697911,71.106935296114813,305.39753337784339,273,153,164,2012_Q2
2012-06-18 23:00:00,74,86.481725587041794,0,203.62702462790611,164,108,80,2012_Q2
2012-06-19 00:00:00,35,30.582064388975027,0,147.72736342983933,74,40,28,2012_Q2
2012-06-19 01:00:00,14,14.870714044532962,0,132.01601308539728,35,14,16,2012_Q2
2012-06-19 02:00:00,15,7.1953486220964207,0,124.34064766296072,14,9,6,2012_Q2
2012-06-19 03:00:00,8,6.0839824841113863,0,123.22928152497569,15,4,12,2012_Q2
2012-06-19 04:00:00,10,4.4994993405711536,0,121.64479838143545,8,9,4,2012_Q2
2012-06-19 05:00:00,37,24.021161765252057,0,141.16646080611636,10,23,29,2012_Q2
2012-06-19 06:00:00,161,113.30027671658206,0,230.44557575744636,37,37,136,2012_Q2
2012-06-19 07:00:00,480,311.58918872354354,194.44388968267924,428.73448776440785,161,145,303,2012_Q2
2012-06-19 08:00:00,673,422.4703569659913,305.325057925127,539.6156560068556,480,474,613,2012_Q2
2012-06-19 09:00:00,328,308.38366271107674,191.23836367021244,425.52896175194104,673,250,285,2012_Q2
2012-06-19 10:00:00,180,188.1839086637813,71.038609622916994,305.32920770464557,328,91,125,2012_Q2
2012-06-19 11:00:00,230,148.89310060637914,31.747801565514834,266.03839964724341,180,121,65,2012_Q2
2012-06-19 12:00:00,292,213.60900769585598,96.463708654991677,330.75430673672031,230,168,95,2012_Q2
2012-06-19 13:00:00,272,349.28426202019642,232.13896297933212,466.42956106106072,292,225,59,2012_Q2
2012-06-19 14:00:00,227,281.51328949122228,164.36799045035798,398.65858853208658,272,219,60,2012_Q2
2012-06-19 15:00:00,259,202.88601767372185,85.740718632857551,320.03131671458618,227,237,116,2012_Q2
2012-06-19 16:00:00,334,291.16774893077559,174.02244988991129,408.31304797163989,259,332,239,2012_Q2
2012-06-19 17:00:00,811,520.5765299649546,403.4312309240903,637.7218290058189,334,723,681,2012_Q2
2012-06-19 18:00:00,795,514.7719958485028,397.6266968076385,631.9172948893671,811,642,653,2012_Q2
2012-06-19 19:00:00,514,452.76256329026444,335.61726424940014,569.90786233112874,795,463,491,2012_Q2
2012-06-19 20:00:00,458,334.60750080174921,217.46220176088491,451.75279984261351,514,362,386,2012_Q2
2012-06-19 21:00:00,276,337.47712076714686,220.33182172628256,454.62241980801116,458,273,274,2012_Q2
2012-06-19 22:00:00,291,196.18825691608058,79.042957875216274,313.33355595694491,276,164,207,2012_Q2
2012-06-19 23:00:00,125,164.09520562761944,46.949906586755134,281.24050466848371,291,74,89,2012_Q2
2012-06-20 00:00:00,53,46.549574777398405,0,163.69487381826269,125,35,34,2012_Q2
2012-06-20 01:00:00,27,23.308626848244494,0,140.4539258891088,53,14,28,2012_Q2
2012-06-20 02:00:00,6,9.9230153033051351,0,127.06831434416944,27,15,4,2012_Q2
2012-06-20 03:00:00,8,4.7579707075155717,0,121.90326974837987,6,8,8,2012_Q2
2012-06-20 04:00:00,7,5.1747358413366387,0,122.32003488220094,8,10,10,2012_Q2
2012-06-20 05:00:00,39,29.830686010043127,0,146.97598505090744,7,37,40,2012_Q2
2012-06-20 06:00:00,165,112.28872492735293,0,229.43402396821722,39,161,194,2012_Q2
2012-06-20 07:00:00,464,319.32590675356056,202.18060771269626,436.47120579442486,165,480,505,2012_Q2
2012-06-20 08:00:00,643,397.99872577106879,280.85342673020449,515.14402481193315,464,673,713,2012_Q2
2012-06-20 09:00:00,316,314.26213244456903,197.11683340370473,431.40743148543334,643,328,352,2012_Q2
2012-06-20 10:00:00,167,164.94180143147048,47.796502390606179,282.08710047233478,316,180,198,2012_Q2
2012-06-20 11:00:00,188,165.11034501744609,47.965045976581791,282.25564405831039,167,230,246,2012_Q2
2012-06-20 12:00:00,180,192.78150116024003,75.636202119375724,309.92680020110436,188,292,334,2012_Q2
2012-06-20 13:00:00,211,169.97794623365587,52.832647192791569,287.12324527452017,180,272,255,2012_Q2
2012-06-20 14:00:00,190,194.18421573787998,77.038916697015679,311.32951477874428,211,227,320,2012_Q2
2012-06-20 15:00:00,179,191.9977196292285,74.852420588364197,309.14301867009283,190,259,281,2012_Q2
2012-06-20 16:00:00,335,291.7874580058434,174.6421589649791,408.93275704670771,179,334,392,2012_Q2
2012-06-20 17:00:00,691,536.39357161110888,419.24827257024458,653.53887065197318,335,811,857,2012_Q2
2012-06-20 18:00:00,672,519.78269393592223,402.63739489505792,636.92799297678653,691,795,744,2012_Q2
2012-06-20 19:00:00,539,442.07108452254283,324.92578548167853,559.21638356340713,672,514,671,2012_Q2
2012-06-20 20:00:00,407,387.67256675248962,270.52726771162531,504.81786579335392,539,458,448,2012_Q2
2012-06-20 21:00:00,344,326.19765347417331,209.05235443330901,443.34295251503761,407,276,396,2012_Q2
2012-06-20 22:00:00,257,239.00740157881648,121.86210253795218,356.15270061968079,344,291,238,2012_Q2
2012-06-20 23:00:00,123,146.02731194233084,28.882012901466538,263.17261098319511,257,125,153,2012_Q2
2012-06-21 00:00:00,69,53.747203351834287,0,170.89250239269859,123,53,48,2012_Q2
2012-06-21 01:00:00,18,28.658322393147664,0,145.80362143401197,69,27,21,2012_Q2
2012-06-21 02:00:00,18,8.3195114230358911,0,125.46481046390019,18,6,9,2012_Q2
2012-06-21 03:00:00,11,6.914361403239746,0,124.05966044410405,18,8,5,2012_Q2
2012-06-21 04:00:00,12,5.1164120617209212,0,122.26171110258522,11,7,6,2012_Q2
2012-06-21 05:00:00,40,27.175184240728203,0,144.32048328159252,12,39,40,2012_Q2
2012-06-21 06:00:00,150,107.12706782022164,0,224.27236686108594,40,165,181,2012_Q2
2012-06-21 07:00:00,463,314.69956700991065,197.55426796904635,431.84486605077495,150,464,506,2012_Q2
2012-06-21 08:00:00,590,416.52633887121954,299.38103983035523,533.67163791208384,463,643,719,2012_Q2
2012-06-21 09:00:00,256,352.9992998306181,235.8540007897538,470.1445988714824,590,316,357,2012_Q2
2012-06-21 10:00:00,150,151.58897370316646,34.443674662302158,268.73427274403076,256,167,179,2012_Q2
2012-06-21 11:00:00,161,159.06310472451963,41.917805683655331,276.20840376538393,150,188,228,2012_Q2
2012-06-21 12:00:00,215,194.21262579201584,77.067326751151541,311.35792483288014,161,180,265,2012_Q2
2012-06-21 13:00:00,172,205.49562014252362,88.350321101659318,322.64091918338795,215,211,284,2012_Q2
2012-06-21 14:00:00,176,150.29734550581557,33.152046464951269,267.44264454667984,172,190,298,2012_Q2
2012-06-21 15:00:00,194,192.73180179875823,75.586502757893925,309.87710083962253,176,179,324,2012_Q2
2012-06-21 16:00:00,320,320.55050189035023,203.40520284948593,437.69580093121454,194,335,438,2012_Q2
2012-06-21 17:00:00,615,547.89304207653129,430.74774303566699,665.03834111739559,320,691,867,2012_Q2
2012-06-21 18:00:00,640,535.2321769802229,418.0868779393586,652.3774760210872,615,672,823,2012_Q2
2012-06-21 19:00:00,499,456.10527791494218,338.95997887407788,573.25057695580654,640,539,579,2012_Q2
2012-06-21 20:00:00,436,349.43003031967021,232.28473127880591,466.57532936053451,499,407,435,2012_Q2
2012-06-21 21:00:00,311,307.21395129984404,190.06865225897974,424.35925034070834,436,344,337,2012_Q2
2012-06-21 22:00:00,243,258.20941550766463,141.06411646680033,375.35471454852893,311,257,242,2012_Q2
2012-06-21 23:00:00,146,147.71632868439437,30.571029643530068,264.8616277252587,243,123,172,2012_Q2
2012-06-22 00:00:00,93,73.912747322199792,0,191.05804636306408,146,69,94,2012_Q2
2012-06-22 01:00:00,31,43.621327897276835,0,160.76662693814114,93,18,51,2012_Q2
2012-06-22 02:00:00,12,16.188641795778111,0,133.3339408366424,31,18,15,2012_Q2
2012-06-22 03:00:00,7,6.4585247046285996,0,123.6038237454929,12,11,5,2012_Q2
2012-06-22 04:00:00,10,6.8488606610353626,0,123.99415970189966,7,12,14,2012_Q2
2012-06-22 05:00:00,38,24.294713215003249,0,141.44001225586754,10,40,33,2012_Q2
2012-06-22 06:00:00,122,99.995896018613905,0,217.14119505947821,38,150,151,2012_Q2
2012-06-22 07:00:00,359,298.92356574917022,181.77826670830592,416.06886479003452,122,463,430,2012_Q2
2012-06-22 08:00:00,613,526.55340849804622,409.40810945718192,643.69870753891053,359,590,653,2012_Q2
2012-06-22 09:00:00,333,365.28157693099303,248.13627789012872,482.42687597185733,613,256,366,2012_Q2
2012-06-22 10:00:00,185,192.43959954423693,75.294300503372625,309.5848985851012,333,150,216,2012_Q2
2012-06-22 11:00:00,236,201.42909131396473,84.283792273100431,318.57439035482901,185,161,286,2012_Q2
2012-06-22 12:00:00,254,293.17403702546096,176.02873798459666,410.31933606632526,236,215,403,2012_Q2
2012-06-22 13:00:00,300,275.56609607819331,158.42079703732901,392.71139511905761,254,172,393,2012_Q2
2012-06-22 14:00:00,263,288.00738053650258,170.86208149563828,405.15267957736688,300,176,376,2012_Q2
2012-06-22 15:00:00,284,267.46192293442249,150.31662389355819,384.60722197528679,263,194,377,2012_Q2
2012-06-22 16:00:00,380,439.78176468627248,322.63646564540818,556.92706372713678,284,320,558,2012_Q2
2012-06-22 17:00:00,646,497.48247864458756,380.33717960372326,614.62777768545186,380,615,823,2012_Q2
2012-06-22 18:00:00,505,471.52862391942443,354.38332487856013,588.67392296028879,646,640,693,2012_Q2
2012-06-22 19:00:00,362,394.35080210985689,277.20550306899258,511.49610115072119,505,499,467,2012_Q2
2012-06-22 20:00:00,202,303.14703173106403,186.00173269019973,420.29233077192833,362,436,385,2012_Q2
2012-06-22 21:00:00,217,168.86399008046826,51.718691039603954,286.00928912133259,202,311,333,2012_Q2
2012-06-22 22:00:00,197,155.04786347298469,37.902564432120386,272.19316251384896,217,243,321,2012_Q2
2012-06-22 23:00:00,174,153.93417416133181,36.788875120467509,271.07947320219614,197,146,222,2012_Q2
2012-06-23 00:00:00,116,125.46997186204918,8.3246728211848762,242.61527090291349,174,93,137,2012_Q2
2012-06-23 01:00:00,123,82.204243290838889,0,199.34954233170319,116,31,95,2012_Q2
2012-06-23 02:00:00,93,78.055036908366063,0,195.20033594923035,123,12,67,2012_Q2
2012-06-23 03:00:00,42,37.025091151173385,0,154.1703901920377,93,7,27,2012_Q2
2012-06-23 04:00:00,19,11.516629663384574,0,128.66192870424888,42,10,8,2012_Q2
2012-06-23 05:00:00,12,15.572937580588141,0,132.71823662145243,19,38,23,2012_Q2
2012-06-23 06:00:00,47,28.431713089263777,0,145.57701213012808,12,122,47,2012_Q2
2012-06-23 07:00:00,78,97.190590191965086,0,214.3358892328294,47,359,78,2012_Q2
2012-06-23 08:00:00,167,152.90341364363545,35.758114602771144,270.04871268449972,78,613,204,2012_Q2
2012-06-23 09:00:00,332,249.77071726041996,132.62541821955566,366.91601630128423,167,333,367,2012_Q2
2012-06-23 10:00:00,494,372.36397217426827,255.21867313340397,489.50927121513257,332,185,435,2012_Q2
2012-06-23 11:00:00,516,415.98750690489243,298.84220786402813,533.13280594575667,494,236,566,2012_Q2
2012-06-23 12:00:00,602,443.91176289358151,326.76646385271721,561.05706193444576,516,254,603,2012_Q2
2012-06-23 13:00:00,564,427.15912551735141,310.01382647648711,544.30442455821571,602,300,617,2012_Q2
2012-06-23 14:00:00,609,411.45793301682829,294.31263397596399,528.60323205769259,564,263,573,2012_Q2
2012-06-23 15:00:00,483,451.40064922657552,334.25535018571122,568.54594826743983,609,284,583,2012_Q2
2012-06-23 16:00:00,513,418.93948118444951,301.7941821435852,536.08478022531381,483,380,542,2012_Q2
2012-06-23 17:00:00,530,420.23896372673886,303.09366468587456,537.3842627676031,513,646,593,2012_Q2
2012-06-23 18:00:00,481,424.38399009454292,307.23869105367862,541.52928913540723,530,505,571,2012_Q2
2012-06-23 19:00:00,425,391.42863325609869,274.28333421523439,508.57393229696299,481,362,461,2012_Q2
2012-06-23 20:00:00,386,327.17096234337839,210.02566330251409,444.31626138424269,425,202,352,2012_Q2
2012-06-23 21:00:00,322,319.6379333864852,202.4926343456209,436.7832324273495,386,217,290,2012_Q2
2012-06-23 22:00:00,279,257.1939165002517,140.0486174593874,374.339215541116,322,197,280,2012_Q2
2012-06-23 23:00:00,225,207.97037549695352,90.825076456089221,325.11567453781782,279,174,183,2012_Q2
2012-06-24 00:00:00,163,183.77403210790433,66.628733067040031,300.91933114876861,225,116,148,2012_Q2
2012-06-24 01:00:00,127,116.70881474760364,0,233.85411378846794,163,123,88,2012_Q2
2012-06-24 02:00:00,114,90.920114708691969,0,208.06541374955628,127,93,74,2012_Q2
2012-06-24 03:00:00,60,52.669680627576767,0,169.81497966844108,114,42,28,2012_Q2
2012-06-24 04:00:00,13,18.532755219748168,0,135.67805426061247,60,19,18,2012_Q2
2012-06-24 05:00:00,8,12.65934340059421,0,129.8046424414585,13,12,17,2012_Q2
2012-06-24 06:00:00,25,18.204138231219268,0,135.34943727208358,8,47,23,2012_Q2
2012-06-24 07:00:00,71,59.835042392578451,0,176.98034143344276,25,78,48,2012_Q2
2012-06-24 08:00:00,141,149.46287499447027,32.317575953605967,266.60817403533457,71,167,119,2012_Q2
2012-06-24 09:00:00,232,238.91752879677333,121.77222975590902,356.06282783763766,141,332,274,2012_Q2
2012-06-24 10:00:00,452,314.05018055422426,196.90488151335995,431.19547959508856,232,494,436,2012_Q2
2012-06-24 11:00:00,506,457.13326979347818,339.98797075261388,574.27856883434242,452,516,546,2012_Q2
2012-06-24 12:00:00,556,491.35514553417698,374.20984649331268,608.50044457504123,506,602,615,2012_Q2
2012-06-24 13:00:00,585,456.93405305654892,339.78875401568462,574.07935209741322,556,564,614,2012_Q2
2012-06-24 14:00:00,551,439.75121503859287,322.60591599772857,556.89651407945712,585,609,582,2012_Q2
2012-06-24 15:00:00,487,425.98126048772019,308.83596144685589,543.12655952858449,551,483,463,2012_Q2
2012-06-24 16:00:00,461,433.26430225524774,316.11900321438344,550.40960129611199,487,513,580,2012_Q2
2012-06-24 17:00:00,532,416.8796312535261,299.7343322126618,534.0249302943904,461,530,593,2012_Q2
2012-06-24 18:00:00,534,419.90334054239514,302.75804150153084,537.0486395832595,532,481,513,2012_Q2
2012-06-24 19:00:00,423,375.02135125624659,257.87605221538229,492.16665029711089,534,425,390,2012_Q2
2012-06-24 20:00:00,332,305.23700171926981,188.09170267840551,422.38230076013411,423,386,302,2012_Q2
2012-06-24 21:00:00,253,270.92471719058915,153.77941814972485,388.07001623145345,332,322,246,2012_Q2
2012-06-24 22:00:00,178,206.29773225494912,89.152433214084823,323.4430312958134,253,279,153,2012_Q2
2012-06-24 23:00:00,87,113.75398057725893,0,230.89927961812322,178,225,108,2012_Q2
2012-06-25 00:00:00,68,48.249008349400867,0,165.39430739026517,87,163,40,2012_Q2
2012-06-25 01:00:00,31,27.912547266375253,0,145.05784630723954,68,127,14,2012_Q2
2012-06-25 02:00:00,14,12.716696189104187,0,129.8619952299685,31,114,9,2012_Q2
2012-06-25 03:00:00,5,7.4956142988553678,0,124.64091333971967,14,60,4,2012_Q2
2012-06-25 04:00:00,4,4.8688318500215537,0,122.01413089088585,5,13,9,2012_Q2
2012-06-25 05:00:00,43,21.618481808028104,0,138.7637808488924,4,8,23,2012_Q2
2012-06-25 06:00:00,158,104.19515259540481,0,221.34045163626911,43,25,37,2012_Q2
2012-06-25 07:00:00,485,287.08479462128133,169.93949558041703,404.23009366214563,158,71,145,2012_Q2
2012-06-25 08:00:00,608,452.42326643346695,335.27796739260265,569.56856547433131,485,141,474,2012_Q2
2012-06-25 09:00:00,268,306.26503552607539,189.11973648521109,423.4103345669397,608,232,250,2012_Q2
2012-06-25 10:00:00,184,208.60668665215192,91.46138761128762,325.7519856930162,268,452,91,2012_Q2
2012-06-25 11:00:00,181,159.43564171741755,42.290342676553252,276.58094075828183,184,506,121,2012_Q2
2012-06-25 12:00:00,270,198.51701466629748,81.371715625433183,315.66231370716179,181,556,168,2012_Q2
2012-06-25 13:00:00,260,336.61529334379816,219.46999430293386,453.76059238466246,270,585,225,2012_Q2
2012-06-25 14:00:00,251,284.86637877574697,167.72107973488266,402.01167781661127,260,551,219,2012_Q2
2012-06-25 15:00:00,233,256.59513832576226,139.44983928489796,373.74043736662657,251,487,237,2012_Q2
2012-06-25 16:00:00,414,324.20625321684201,207.06095417597771,441.35155225770632,233,461,332,2012_Q2
2012-06-25 17:00:00,833,557.65285169464323,440.50755265377893,674.79815073550753,414,532,723,2012_Q2
2012-06-25 18:00:00,791,557.70218120262336,440.55688216175906,674.84748024348767,833,534,642,2012_Q2
2012-06-25 19:00:00,582,477.00422976420475,359.85893072334045,594.14952880506905,791,423,463,2012_Q2
2012-06-25 20:00:00,475,373.40105331257541,256.25575427171111,490.54635235343972,582,332,362,2012_Q2
2012-06-25 21:00:00,331,347.48681541480028,230.34151637393597,464.63211445566458,475,253,273,2012_Q2
2012-06-25 22:00:00,187,221.35765558764507,104.21235654678077,338.50295462850937,331,178,164,2012_Q2
2012-06-25 23:00:00,103,97.541698944470966,0,214.68699798533527,187,87,74,2012_Q2
2012-06-26 00:00:00,37,49.158870704298337,0,166.30416974516265,103,68,35,2012_Q2
2012-06-26 01:00:00,30,16.419013896329044,0,133.56431293719334,37,31,14,2012_Q2
2012-06-26 02:00:00,9,12.725384338740939,0,129.87068337960525,30,14,15,2012_Q2
2012-06-26 03:00:00,9,5.11481331968902,0,122.26011236055332,9,5,8,2012_Q2
2012-06-26 04:00:00,10,4.7517530646348973,0,121.8970521054992,9,4,10,2012_Q2
2012-06-26 05:00:00,39,29.647375816081983,0,146.79267485694629,10,43,37,2012_Q2
2012-06-26 06:00:00,188,119.32585872694646,2.1805596860821623,236.47115776781078,39,158,161,2012_Q2
2012-06-26 07:00:00,552,394.9670974057895,277.8217983649252,512.11239644665375,188,485,480,2012_Q2
2012-06-26 08:00:00,656,551.47804643506311,434.3327473941988,668.62334547592741,552,608,673,2012_Q2
2012-06-26 09:00:00,328,351.54987666859205,234.40457762772775,468.69517570945635,656,268,328,2012_Q2
2012-06-26 10:00:00,190,189.12700213035663,71.981703089492328,306.27230117122093,328,184,180,2012_Q2
2012-06-26 11:00:00,235,186.57943196905583,69.434132928191531,303.72473100992011,190,181,230,2012_Q2
2012-06-26 12:00:00,308,250.78013208321033,133.63483304234603,367.92543112407463,235,270,292,2012_Q2
2012-06-26 13:00:00,306,343.98218528234918,226.83688624148488,461.12748432321348,308,260,272,2012_Q2
2012-06-26 14:00:00,267,339.09613936119825,221.95084032033395,456.24143840206256,306,251,227,2012_Q2
2012-06-26 15:00:00,317,292.81708537524901,175.67178633438471,409.96238441611331,267,233,259,2012_Q2
2012-06-26 16:00:00,416,430.92636003787129,313.78106099700699,548.07165907873559,317,414,334,2012_Q2
2012-06-26 17:00:00,900,501.92326088114868,384.77796184028438,619.06855992201304,416,833,811,2012_Q2
2012-06-26 18:00:00,824,529.95218064140897,412.80688160054467,647.09747968227327,900,791,795,2012_Q2
2012-06-26 19:00:00,612,493.51773100890955,376.37243196804525,610.66303004977385,824,582,514,2012_Q2
2012-06-26 20:00:00,505,454.84947117304341,337.70417213217911,571.99477021390771,612,475,458,2012_Q2
2012-06-26 21:00:00,328,354.1939049881139,237.0486059472496,471.3392040289782,505,331,276,2012_Q2
2012-06-26 22:00:00,245,250.85418863293233,133.70888959206803,367.99948767379664,328,187,291,2012_Q2
2012-06-26 23:00:00,131,143.40392965922169,26.258630618357387,260.54922870008602,245,103,125,2012_Q2
2012-06-27 00:00:00,54,51.051553134768966,0,168.19685217563327,131,37,53,2012_Q2
2012-06-27 01:00:00,23,22.784998493975994,0,139.93029753484029,54,30,27,2012_Q2
2012-06-27 02:00:00,14,8.5861938899458004,0,125.73149293081011,23,9,6,2012_Q2
2012-06-27 03:00:00,8,5.8183336192926598,0,122.96363266015696,14,9,8,2012_Q2
2012-06-27 04:00:00,11,4.9532880901756098,0,122.09858713103991,8,10,7,2012_Q2
2012-06-27 05:00:00,36,26.864226498815324,0,144.00952553967963,11,39,39,2012_Q2
2012-06-27 06:00:00,200,110.41579392242802,0,227.56109296329231,36,188,165,2012_Q2
2012-06-27 07:00:00,527,418.35564869809565,301.21034965723135,535.50094773895989,200,552,464,2012_Q2
2012-06-27 08:00:00,687,506.21653344746943,389.07123440660513,623.36183248833368,527,656,643,2012_Q2
2012-06-27 09:00:00,282,343.88508222847969,226.73978318761539,461.03038126934399,687,328,316,2012_Q2
2012-06-27 10:00:00,172,166.17413885945157,49.028839818587272,283.31943790031585,282,190,167,2012_Q2
2012-06-27 11:00:00,209,173.04095068685615,55.895651645991848,290.18624972772045,172,235,188,2012_Q2
2012-06-27 12:00:00,322,244.98774315456188,127.84244411369758,362.13304219542619,209,308,180,2012_Q2
2012-06-27 13:00:00,321,337.11718870710848,219.97188966624418,454.26248774797278,322,306,211,2012_Q2
2012-06-27 14:00:00,270,315.87779044772776,198.73249140686346,433.02308948859206,321,267,190,2012_Q2
2012-06-27 15:00:00,249,306.29489545823094,189.14959641736664,423.44019449909524,270,317,179,2012_Q2
2012-06-27 16:00:00,392,336.55838219963124,219.41308315876694,453.70368124049554,249,416,335,2012_Q2
2012-06-27 17:00:00,843,507.49343414591749,390.34813510505319,624.63873318678179,392,900,691,2012_Q2
2012-06-27 18:00:00,804,512.66116768474569,395.51586864388139,629.80646672560999,843,824,672,2012_Q2
2012-06-27 19:00:00,643,449.24011167041795,332.09481262955364,566.38541071128225,804,612,539,2012_Q2
2012-06-27 20:00:00,445,389.87532854123106,272.73002950036675,507.02062758209536,643,505,407,2012_Q2
2012-06-27 21:00:00,367,311.17095603009238,194.02565698922808,428.31625507095669,445,328,344,2012_Q2
2012-06-27 22:00:00,297,265.01130680255386,147.86600776168956,382.15660584341816,367,245,257,2012_Q2
2012-06-27 23:00:00,159,174.48289526201563,57.33759622115133,291.62819430287993,297,131,123,2012_Q2
2012-06-28 00:00:00,54,74.327437786954889,0,191.47273682781918,159,54,69,2012_Q2
2012-06-28 01:00:00,25,22.876803048071405,0,140.0221020889357,54,23,18,2012_Q2
2012-06-28 02:00:00,13,12.976495664728434,0,130.12179470559275,25,14,18,2012_Q2
2012-06-28 03:00:00,7,6.7019396232034811,0,123.84723866406779,13,8,11,2012_Q2
2012-06-28 04:00:00,11,5.5589661765559981,0,122.7042652174203,7,11,12,2012_Q2
2012-06-28 05:00:00,47,28.426463599275763,0,145.57176264014007,11,36,40,2012_Q2
2012-06-28 06:00:00,193,124.83402750016846,7.6887284593041585,241.97932654103278,47,200,150,2012_Q2
2012-06-28 07:00:00,508,415.38021100847197,298.23491196760767,532.52551004933628,193,527,463,2012_Q2
2012-06-28 08:00:00,617,503.97044641288761,386.82514737202331,621.11574545375197,508,687,590,2012_Q2
2012-06-28 09:00:00,351,331.8474162295098,214.7021171886455,448.99271527037411,617,282,256,2012_Q2
2012-06-28 10:00:00,184,201.65789947341182,84.512600432547515,318.80319851427612,351,172,150,2012_Q2
2012-06-28 11:00:00,211,170.74723501332045,53.601935972456147,287.89253405418475,184,209,161,2012_Q2
2012-06-28 12:00:00,276,239.06134792182294,121.91604888095864,356.20664696268727,211,322,215,2012_Q2
2012-06-28 13:00:00,236,331.15557106967333,214.01027202880903,448.30087011053763,276,321,172,2012_Q2
2012-06-28 14:00:00,254,261.76828686778293,144.62298782691863,378.91358590864724,236,270,176,2012_Q2
2012-06-28 15:00:00,219,295.26442912903622,178.11913008817191,412.40972816990052,254,249,194,2012_Q2
2012-06-28 16:00:00,387,317.57375332289473,200.42845428203043,434.71905236375903,219,392,320,2012_Q2
2012-06-28 17:00:00,705,536.58335265749372,419.43805361662942,653.72865169835802,387,843,615,2012_Q2
2012-06-28 18:00:00,697,546.28170447212699,429.13640543126269,663.42700351299129,705,804,640,2012_Q2
2012-06-28 19:00:00,571,444.87088317314789,327.72558413228359,562.01618221401213,697,643,499,2012_Q2
2012-06-28 20:00:00,470,384.62402488600191,267.4787258451376,501.76932392686621,571,445,436,2012_Q2
2012-06-28 21:00:00,398,322.96888362144699,205.82358458058269,440.11418266231129,470,367,311,2012_Q2
2012-06-28 22:00:00,274,302.5035062177767,185.3582071769124,419.648805258641,398,297,243,2012_Q2
2012-06-28 23:00:00,171,173.01850437490128,55.873205334036982,290.16380341576559,274,159,146,2012_Q2
2012-06-29 00:00:00,114,82.051006770588316,0,199.19630581145262,171,54,93,2012_Q2
2012-06-29 01:00:00,42,54.515450960488003,0,171.66075000135231,114,25,31,2012_Q2
2012-06-29 02:00:00,18,17.088256223950548,0,134.23355526481484,42,13,12,2012_Q2
2012-06-29 03:00:00,8,8.2022176540044001,0,125.3475166948687,18,7,7,2012_Q2
2012-06-29 04:00:00,10,5.0256075381585994,0,122.1709065790229,8,11,10,2012_Q2
2012-06-29 05:00:00,45,26.051299741082275,0,143.19659878194659,10,47,38,2012_Q2
2012-06-29 06:00:00,163,117.43819519534304,0.29289615447873985,234.58349423620734,45,193,122,2012_Q2
2012-06-29 07:00:00,380,331.65729591739233,214.51199687652803,448.80259495825663,163,508,359,2012_Q2
2012-06-29 08:00:00,624,504.56873072732134,387.42343168645704,621.71402976818558,380,617,613,2012_Q2
2012-06-29 09:00:00,300,351.95420549635077,234.80890645548646,469.09950453721507,624,351,333,2012_Q2
2012-06-29 10:00:00,171,193.22203471298599,76.076735672121686,310.36733375385029,300,184,185,2012_Q2
2012-06-29 11:00:00,188,180.0160040097868,62.870704968922496,297.1613030506511,171,211,236,2012_Q2
2012-06-29 12:00:00,226,216.14256732952319,98.997268288658887,333.28786637038752,188,276,254,2012_Q2
2012-06-29 13:00:00,239,211.30855001761887,94.163250976754568,328.45384905848317,226,236,300,2012_Q2
2012-06-29 14:00:00,233,214.24611366275499,97.100814621890692,331.39141270361927,239,254,263,2012_Q2
2012-06-29 15:00:00,230,229.79273134935573,112.64743230849143,346.93803039022004,233,219,284,2012_Q2
2012-06-29 16:00:00,351,297.55021169654134,180.40491265567704,414.69551073740564,230,387,380,2012_Q2
2012-06-29 17:00:00,539,516.3582601399379,399.2129610990736,633.5035591808022,351,705,646,2012_Q2
2012-06-29 18:00:00,464,500.35332231169065,383.20802327082635,617.49862135255489,539,697,505,2012_Q2
2012-06-29 19:00:00,363,358.37121536028161,241.22591631941731,475.51651440114591,464,571,362,2012_Q2
2012-06-29 20:00:00,308,295.40137232841255,178.25607328754825,412.54667136927685,363,470,202,2012_Q2
2012-06-29 21:00:00,236,301.27194656808371,184.1266475272194,418.41724560894801,308,398,217,2012_Q2
2012-06-29 22:00:00,163,194.57808062964287,77.432781588778568,311.72337967050714,236,274,197,2012_Q2
2012-06-29 23:00:00,48,109.15140884194024,0,226.29670788280453,163,171,174,2012_Q2
2012-06-30 00:00:00,69,49.553344129274812,0,166.69864317013912,48,114,116,2012_Q2
2012-06-30 01:00:00,58,51.63201401065605,0,168.77731305152037,69,42,123,2012_Q2
2012-06-30 02:00:00,61,44.072163026294973,0,161.21746206715926,58,18,93,2012_Q2
2012-06-30 03:00:00,23,27.550566529199248,0,144.69586557006355,61,8,42,2012_Q2
2012-06-30 04:00:00,18,12.22634932951542,0,129.37164837037972,23,10,19,2012_Q2
2012-06-30 05:00:00,10,11.056034312017099,0,128.20133335288139,18,45,12,2012_Q2
2012-06-30 06:00:00,42,26.293033649852511,0,143.43833269071681,10,163,47,2012_Q2
2012-06-30 07:00:00,92,93.202761634443306,0,210.34806067530761,42,380,78,2012_Q2
2012-06-30 08:00:00,194,182.54194752101208,65.396648480147775,299.68724656187635,92,624,167,2012_Q2
2012-06-30 09:00:00,275,260.83770371103037,143.69240467016607,377.98300275189467,194,300,332,2012_Q2
2012-06-30 10:00:00,404,319.32174130214349,202.17644226127919,436.4670403430078,275,171,494,2012_Q2
2012-06-30 11:00:00,452,377.90021636589495,260.75491732503065,495.04551540675925,404,188,516,2012_Q2
2012-06-30 12:00:00,471,406.52098903194508,289.37568999108078,523.66628807280938,452,226,602,2012_Q2
2012-06-30 13:00:00,428,419.97028125940767,302.82498221854337,537.11558030027197,471,239,564,2012_Q2
2012-06-30 14:00:00,409,412.07002887685752,294.92472983599322,529.21532791772188,428,233,609,2012_Q2
2012-06-30 15:00:00,404,413.58760473140222,296.44230569053792,530.73290377226658,409,230,483,2012_Q2
2012-06-30 16:00:00,373,419.86503614014651,302.71973709928221,537.01033518101076,404,351,513,2012_Q2
2012-06-30 17:00:00,362,375.31123811982684,258.16593907896254,492.45653716069114,373,539,530,2012_Q2
2012-06-30 18:00:00,339,361.19121697371355,244.04591793284925,478.33651601457785,362,464,481,2012_Q2
2012-06-30 19:00:00,374,294.12842874151733,176.98312970065302,411.27372778238163,339,363,425,2012_Q2
2012-06-30 20:00:00,292,301.29026829874499,184.14496925788069,418.43556733960929,374,308,386,2012_Q2
2012-06-30 21:00:00,213,253.34191656743502,136.19661752657072,370.48721560829932,292,236,322,2012_Q2
2012-06-30 22:00:00,172,188.02641463246363,70.881115591599325,305.17171367332793,213,163,279,2012_Q2
2012-06-30 23:00:00,152,151.57223922145269,34.426940180588389,268.71753826231702,172,48,225,2012_Q2
2012-07-01 00:00:00,149,102.04846713455905,24.684641872938016,179.41229239618008,152,69,163,2012_Q3
2012-07-01 01:00:00,93,101.82444019556289,24.460614933941855,179.18826545718392,149,58,127,2012_Q3
2012-07-01 02:00:00,90,77.576652715212333,0.21282745359130217,154.94047797683336,93,61,114,2012_Q3
2012-07-01 03:00:00,33,47.225223785723152,0,124.58904904734419,90,23,60,2012_Q3
2012-07-01 04:00:00,4,12.737704556041066,0,90.101529817662097,33,18,13,2012_Q3
2012-07-01 05:00:00,10,7.6206183025570366,0,84.984443564178065,4,10,8,2012_Q3
2012-07-01 06:00:00,27,26.051638200782829,0,103.41546346240386,10,42,25,2012_Q3
2012-07-01 07:00:00,50,72.437230019162044,0,149.80105528078309,27,92,71,2012_Q3
2012-07-01 08:00:00,142,128.61969563160733,51.255870369986297,205.98352089322836,50,194,141,2012_Q3
2012-07-01 09:00:00,219,237.87469793117523,160.5108726695542,315.23852319279626,142,275,232,2012_Q3
2012-07-01 10:00:00,366,301.95442695988487,224.59060169826384,379.31825222150587,219,404,452,2012_Q3
2012-07-01 11:00:00,377,404.88076219555438,327.51693693393338,482.24458745717538,366,452,506,2012_Q3
2012-07-01 12:00:00,433,413.74236410171369,336.37853884009269,491.10618936333469,377,471,556,2012_Q3
2012-07-01 13:00:00,420,402.71812863736847,325.35430337574746,480.08195389898947,433,428,585,2012_Q3
2012-07-01 14:00:00,444,405.20120554964257,327.83738028802156,482.56503081126357,420,409,551,2012_Q3
2012-07-01 15:00:00,345,400.99158983583072,323.62776457420966,478.35541509745178,444,404,487,2012_Q3
2012-07-01 16:00:00,313,356.22111993831044,278.85729467668943,433.58494519993144,345,373,461,2012_Q3
2012-07-01 17:00:00,413,387.72657017586755,310.36274491424649,465.09039543748861,313,362,532,2012_Q3
2012-07-01 18:00:00,370,423.35012670351659,345.98630144189553,500.71395196513765,413,339,534,2012_Q3
2012-07-01 19:00:00,382,330.96872496648666,253.60489970486563,408.33255022810772,370,374,423,2012_Q3
2012-07-01 20:00:00,332,284.09281163548053,206.7289863738595,361.45663689710159,382,292,332,2012_Q3
2012-07-01 21:00:00,258,255.6835699457281,178.31974468410706,333.04739520734915,332,213,253,2012_Q3
2012-07-01 22:00:00,151,182.86666136178067,105.50283610015964,260.2304866234017,258,172,178,2012_Q3
2012-07-01 23:00:00,110,98.234347487150458,20.870522225529427,175.5981727487715,151,152,87,2012_Q3
2012-07-02 00:00:00,43,54.76181427412395,0,132.12563953574499,110,149,68,2012_Q3
2012-07-02 01:00:00,17,24.479241888768815,0,101.84306715038984,43,93,31,2012_Q3
2012-07-02 02:00:00,15,10.581622125046898,0,87.945447386667922,17,90,14,2012_Q3
2012-07-02 03:00:00,5,6.2366082482191558,0,83.600433509840187,15,33,5,2012_Q3
2012-07-02 04:00:00,12,4.9656158077404076,0,82.329441069361437,5,4,4,2012_Q3
2012-07-02 05:00:00,40,29.389806368903965,0,106.75363163052499,12,10,43,2012_Q3
2012-07-02 06:00:00,136,132.76382486990138,55.399999608280353,210.12765013152242,40,27,158,2012_Q3
2012-07-02 07:00:00,398,406.05778685253523,328.69396159091423,483.42161211415623,136,50,485,2012_Q3
2012-07-02 08:00:00,568,692.98573955948666,615.6219142978656,770.34956482110772,398,142,608,2012_Q3
2012-07-02 09:00:00,295,279.73412544282507,202.37030018120404,357.09795070444613,568,219,268,2012_Q3
2012-07-02 10:00:00,174,225.92692649649481,148.56310123487378,303.29075175811585,295,366,184,2012_Q3
2012-07-02 11:00:00,201,190.24072293979177,112.87689767817074,267.6045482014128,174,377,181,2012_Q3
2012-07-02 12:00:00,257,248.04094732461343,170.6771220629924,325.40477258623446,201,433,270,2012_Q3
2012-07-02 13:00:00,236,273.13878271400722,195.77495745238619,350.50260797562828,257,420,260,2012_Q3
2012-07-02 14:00:00,230,228.09654584298156,150.73272058136052,305.46037110460259,236,444,251,2012_Q3
2012-07-02 15:00:00,234,246.88567301877876,169.52184775715773,324.24949828039979,230,345,233,2012_Q3
2012-07-02 16:00:00,365,367.65508292509458,290.29125766347352,445.01890818671563,234,313,414,2012_Q3
2012-07-02 17:00:00,747,706.86088693061572,629.49706166899466,784.22471219223678,365,413,833,2012_Q3
2012-07-02 18:00:00,730,725.59254940534095,648.22872414371989,802.95637466696201,747,370,791,2012_Q3
2012-07-02 19:00:00,581,510.27230440378344,432.90847914216238,587.6361296654045,730,382,582,2012_Q3
2012-07-02 20:00:00,395,418.0406191955143,340.67679393389324,495.40444445713536,581,332,475,2012_Q3
2012-07-02 21:00:00,258,292.97861927226302,215.61479401064199,370.34244453388408,395,258,331,2012_Q3
2012-07-02 22:00:00,188,191.5654799257608,114.20165466413977,268.92930518738183,258,151,187,2012_Q3
2012-07-02 23:00:00,102,101.18004831630677,23.816223054685736,178.5438735779278,188,110,103,2012_Q3
2012-07-03 00:00:00,53,46.252565002054133,0,123.61639026367516,102,43,37,2012_Q3
2012-07-03 01:00:00,14,24.147166629442005,0,101.51099189106304,53,17,30,2012_Q3
2012-07-03 02:00:00,10,8.1986959976840605,0,85.562521259305086,14,15,9,2012_Q3
2012-07-03 03:00:00,2,4.9905636551984536,0,82.354388916819488,10,5,9,2012_Q3
2012-07-03 04:00:00,6,5.8759044916534897,0,83.239729753274517,2,12,10,2012_Q3
2012-07-03 05:00:00,35,32.051615289706938,0,109.41544055132798,6,40,39,2012_Q3
2012-07-03 06:00:00,154,152.02804405381448,74.664218792193452,229.39186931543551,35,136,188,2012_Q3
2012-07-03 07:00:00,483,520.14312695373212,442.77930169211106,597.50695221535318,154,398,552,2012_Q3
2012-07-03 08:00:00,646,702.0150465152982,624.65122125367714,779.37887177691925,483,568,656,2012_Q3
2012-07-03 09:00:00,272,323.0301151503038,245.66628988868277,400.39394041192486,646,295,328,2012_Q3
2012-07-03 10:00:00,209,160.28135900038873,82.917533738767702,237.64518426200976,272,174,190,2012_Q3
2012-07-03 11:00:00,217,234.18577178027405,156.82194651865302,311.54959704189508,209,201,235,2012_Q3
2012-07-03 12:00:00,272,264.46048917477304,187.09666391315201,341.82431443639405,217,257,308,2012_Q3
2012-07-03 13:00:00,283,301.16067779714484,223.79685253552381,378.52450305876584,272,236,306,2012_Q3
2012-07-03 14:00:00,310,257.7201835282404,180.35635826661937,335.0840087898614,283,230,267,2012_Q3
2012-07-03 15:00:00,401,346.25366584803083,268.88984058640983,423.61749110965184,310,234,317,2012_Q3
2012-07-03 16:00:00,527,445.64301618384803,368.27919092222703,523.00684144546904,401,365,416,2012_Q3
2012-07-03 17:00:00,722,658.97597885360017,581.61215359197911,736.33980411522123,527,747,900,2012_Q3
2012-07-03 18:00:00,627,634.3860434226724,557.02221816105134,711.74986868429346,722,730,824,2012_Q3
2012-07-03 19:00:00,497,545.51991199900749,468.15608673738643,622.88373726062855,627,581,612,2012_Q3
2012-07-03 20:00:00,376,412.94278522177103,335.57895996014997,490.30661048339209,497,395,505,2012_Q3
2012-07-03 21:00:00,196,189.2465744661281,111.88274920450706,266.61039972774915,376,258,328,2012_Q3
2012-07-03 22:00:00,177,164.17032867068798,86.806503409066949,241.53415393230901,196,188,245,2012_Q3
2012-07-03 23:00:00,171,103.14748278281768,25.783657521196645,180.51130804443869,177,102,131,2012_Q3
2012-07-04 00:00:00,159,114.11525264226452,36.751427380643491,191.47907790388555,171,53,54,2012_Q3
2012-07-04 01:00:00,123,82.501540428398954,5.1377151667779231,159.86536569001998,159,14,23,2012_Q3
2012-07-04 02:00:00,93,66.798686455235753,0,144.16251171685678,123,10,14,2012_Q3
2012-07-04 03:00:00,32,35.920266861175023,0,113.28409212279605,93,2,8,2012_Q3
2012-07-04 04:00:00,16,11.078448703965439,0,88.442273965586466,32,6,11,2012_Q3
2012-07-04 05:00:00,19,19.110291749538771,0,96.474117011159805,16,35,36,2012_Q3
2012-07-04 06:00:00,32,78.015411133531032,0.65158587191000095,155.37923639515208,19,154,200,2012_Q3
2012-07-04 07:00:00,72,121.42653395664574,44.06270869502471,198.79035921826676,32,483,527,2012_Q3
2012-07-04 08:00:00,153,209.39854580570324,132.03472054408221,286.76237106732424,72,646,687,2012_Q3
2012-07-04 09:00:00,293,233.9770587669471,156.61323350532606,311.3408840285681,153,272,282,2012_Q3
2012-07-04 10:00:00,447,240.38902744382011,163.02520218219908,317.75285270544111,293,209,172,2012_Q3
2012-07-04 11:00:00,485,383.48585231568217,306.12202705406116,460.84967757730317,447,217,209,2012_Q3
2012-07-04 12:00:00,494,448.97204861809388,371.60822335647288,526.33587387971488,485,272,322,2012_Q3
2012-07-04 13:00:00,499,414.34526536127993,336.98144009965893,491.70909062290093,494,283,321,2012_Q3
2012-07-04 14:00:00,547,463.62506637926845,386.26124111764739,540.98889164088951,499,310,270,2012_Q3
2012-07-04 15:00:00,454,491.78995531274489,414.42613005112389,569.1537805743659,547,401,249,2012_Q3
2012-07-04 16:00:00,389,415.28582816906288,337.92200290744188,492.64965343068388,454,527,392,2012_Q3
2012-07-04 17:00:00,414,516.91273924111704,439.54891397949598,594.2765645027381,389,722,843,2012_Q3
2012-07-04 18:00:00,430,462.78688255649598,385.42305729487498,540.15070781811698,414,627,804,2012_Q3
2012-07-04 19:00:00,432,468.62105346221608,391.25722820059502,545.98487872383714,430,497,643,2012_Q3
2012-07-04 20:00:00,551,336.83343037916563,259.46960511754457,414.19725564078669,432,376,445,2012_Q3
2012-07-04 21:00:00,584,379.78691648130365,302.42309121968265,457.15074174292465,551,196,367,2012_Q3
2012-07-04 22:00:00,502,350.73578087377058,273.37195561214958,428.09960613539158,584,177,297,2012_Q3
2012-07-04 23:00:00,183,235.92506180438696,158.56123654276593,313.28888706600799,502,171,159,2012_Q3
2012-07-05 00:00:00,88,88.947840301875928,11.584015040254897,166.31166556349694,183,159,54,2012_Q3
2012-07-05 01:00:00,30,54.918608439897156,0,132.28243370151819,88,123,25,2012_Q3
2012-07-05 02:00:00,18,14.712013651457893,0,92.075838913078925,30,93,13,2012_Q3
2012-07-05 03:00:00,7,10.242099507182306,0,87.605924768803334,18,32,7,2012_Q3
2012-07-05 04:00:00,7,7.273686861254637,0,84.637512122875663,7,16,11,2012_Q3
2012-07-05 05:00:00,29,31.17308696878462,0,108.53691223040565,7,19,47,2012_Q3
2012-07-05 06:00:00,133,130.85540419105641,53.491578929435377,208.21922945267744,29,32,193,2012_Q3
2012-07-05 07:00:00,343,397.90886475702001,320.54503949539901,475.27269001864101,133,72,508,2012_Q3
2012-07-05 08:00:00,550,674.28358093319775,596.9197556715767,751.64740619481881,343,153,617,2012_Q3
2012-07-05 09:00:00,293,310.31131529874699,232.94749003712596,387.67514056036805,550,293,351,2012_Q3
2012-07-05 10:00:00,186,202.58444751886017,125.22062225723914,279.9482727804812,293,447,184,2012_Q3
2012-07-05 11:00:00,244,186.80219337914951,109.43836811752848,264.16601864077052,186,485,211,2012_Q3
2012-07-05 12:00:00,276,270.36285867555438,192.99903341393335,347.72668393717538,244,494,276,2012_Q3
2012-07-05 13:00:00,310,256.31604843293798,178.95222317131694,333.67987369455898,276,499,236,2012_Q3
2012-07-05 14:00:00,241,298.97420658914848,221.61038132752745,376.33803185076954,310,547,254,2012_Q3
2012-07-05 15:00:00,254,257.22240911178892,179.85858385016789,334.58623437340998,241,454,219,2012_Q3
2012-07-05 16:00:00,433,353.6802252827195,276.3164000210985,431.04405054434051,254,389,387,2012_Q3
2012-07-05 17:00:00,689,659.00916941736625,581.64534415574519,736.37299467898731,433,414,705,2012_Q3
2012-07-05 18:00:00,607,679.30560383011982,601.94177856849876,756.66942909174088,689,430,697,2012_Q3
2012-07-05 19:00:00,503,435.0370394331643,357.67321417154324,512.40086469478535,607,432,571,2012_Q3
2012-07-05 20:00:00,321,401.33082696179378,323.96700170017277,478.69465222341478,503,551,470,2012_Q3
2012-07-05 21:00:00,323,296.94463239444434,219.58080713282331,374.30845765606534,321,584,398,2012_Q3
2012-07-05 22:00:00,225,318.78945709417826,241.42563183255723,396.15328235579932,323,502,274,2012_Q3
2012-07-05 23:00:00,131,155.9844061606675,78.620580899046473,233.34823142228853,225,183,171,2012_Q3
2012-07-06 00:00:00,102,75.436962665783014,0,152.80078792740403,131,88,114,2012_Q3
2012-07-06 01:00:00,29,51.417238272778782,0,128.78106353439981,102,30,42,2012_Q3
2012-07-06 02:00:00,17,15.087416528227529,0,92.451241789848552,29,18,18,2012_Q3
2012-07-06 03:00:00,7,7.2046718258756757,0,84.568497087496709,17,7,8,2012_Q3
2012-07-06 04:00:00,6,6.3293697381313931,0,83.693194999752421,7,7,10,2012_Q3
2012-07-06 05:00:00,35,30.764168449416839,0,108.12799371103787,6,29,45,2012_Q3
2012-07-06 06:00:00,131,141.46243366952976,64.098608407908728,218.82625893115079,35,133,163,2012_Q3
2012-07-06 07:00:00,353,364.09564934786596,286.73182408624496,441.45947460948696,131,343,380,2012_Q3
2012-07-06 08:00:00,585,651.06548502797671,573.70165976635565,728.42931028959777,353,550,624,2012_Q3
2012-07-06 09:00:00,304,309.50510044289013,232.14127518126909,386.86892570451118,585,293,300,2012_Q3
2012-07-06 10:00:00,210,207.63469349663742,130.27086823501639,284.99851875825846,304,186,171,2012_Q3
2012-07-06 11:00:00,233,239.97582627094835,162.61200100932732,317.33965153256941,210,244,188,2012_Q3
2012-07-06 12:00:00,331,279.81124458996453,202.4474193283435,357.17506985158559,233,276,226,2012_Q3
2012-07-06 13:00:00,293,296.81821001124547,219.45438474962444,374.18203527286653,331,310,239,2012_Q3
2012-07-06 14:00:00,275,265.53773531309565,188.17391005147462,342.90156057471665,293,241,233,2012_Q3
2012-07-06 15:00:00,285,255.51388817470979,178.15006291308876,332.87771343633085,275,254,230,2012_Q3
2012-07-06 16:00:00,369,405.54191965374349,328.17809439212249,482.90574491536449,285,433,351,2012_Q3
2012-07-06 17:00:00,576,628.48070632570455,551.11688106408349,705.8445315873256,369,689,539,2012_Q3
2012-07-06 18:00:00,560,564.8111697038446,487.44734444222354,642.17499496546566,576,607,464,2012_Q3
2012-07-06 19:00:00,418,422.77024586273507,345.40642060111406,500.13407112435607,560,503,363,2012_Q3
2012-07-06 20:00:00,336,307.15262596771277,229.78880070609173,384.51645122933382,418,321,308,2012_Q3
2012-07-06 21:00:00,300,278.66355642314829,201.29973116152726,356.02738168476935,336,323,236,2012_Q3
2012-07-06 22:00:00,288,248.83985706824899,171.47603180662796,326.20368232987005,300,225,163,2012_Q3
2012-07-06 23:00:00,164,188.28937360882827,110.92554834720724,265.65319887044927,288,131,48,2012_Q3
2012-07-07 00:00:00,150,119.50914185226208,42.145316590641045,196.87296711388311,164,102,69,2012_Q3
2012-07-07 01:00:00,71,95.256652919142965,17.892827657521934,172.620478180764,150,29,58,2012_Q3
2012-07-07 02:00:00,58,59.468889345486176,0,136.83271460710722,71,17,61,2012_Q3
2012-07-07 03:00:00,31,25.333561915839429,0,102.69738717746046,58,7,23,2012_Q3
2012-07-07 04:00:00,16,13.013655711175188,0,90.377480972796221,31,6,18,2012_Q3
2012-07-07 05:00:00,14,9.483244533284779,0,86.847069794905806,16,35,10,2012_Q3
2012-07-07 06:00:00,31,44.042647631458046,0,121.40647289307907,14,131,42,2012_Q3
2012-07-07 07:00:00,71,77.378941206800519,0.015115945179488222,154.74276646842156,31,353,92,2012_Q3
2012-07-07 08:00:00,152,185.19068393009692,107.82685866847589,262.55450919171795,71,585,194,2012_Q3
2012-07-07 09:00:00,256,226.43292151351366,149.06909625189263,303.79674677513469,152,304,275,2012_Q3
2012-07-07 10:00:00,325,321.69700521549856,244.33317995387753,399.06083047711957,256,210,404,2012_Q3
2012-07-07 11:00:00,367,352.46806722667378,275.10424196505278,429.83189248829478,325,233,452,2012_Q3
2012-07-07 12:00:00,342,410.50658015128971,333.14275488966871,487.87040541291071,367,331,471,2012_Q3
2012-07-07 13:00:00,360,355.75596244659306,278.39213718497206,433.11978770821406,342,293,428,2012_Q3
2012-07-07 14:00:00,308,387.4788268703345,310.11500160871344,464.84265213195556,360,275,409,2012_Q3
2012-07-07 15:00:00,306,376.93152058783397,299.56769532621297,454.29534584945497,308,285,404,2012_Q3
2012-07-07 16:00:00,294,374.99178893761683,297.62796367599583,452.35561419923783,306,369,373,2012_Q3
2012-07-07 17:00:00,279,372.34683525984781,294.98300999822675,449.71066052146887,294,576,362,2012_Q3
2012-07-07 18:00:00,277,361.14339573841187,283.77957047679081,438.50722100003293,279,560,339,2012_Q3
2012-07-07 19:00:00,287,346.04425289987438,268.68042763825338,423.40807816149538,277,418,374,2012_Q3
2012-07-07 20:00:00,276,256.44656143929757,179.08273617767654,333.81038670091857,287,336,292,2012_Q3
2012-07-07 21:00:00,201,231.55753937800273,154.1937141163817,308.92136463962379,276,300,213,2012_Q3
2012-07-07 22:00:00,220,181.21692291415414,103.85309765253311,258.58074817577517,201,288,172,2012_Q3
2012-07-07 23:00:00,148,173.9689813432845,96.605156081663466,251.33280660490553,220,164,152,2012_Q3
2012-07-08 00:00:00,147,114.13531633137602,36.771491069754987,191.49914159299703,148,150,149,2012_Q3
2012-07-08 01:00:00,124,103.56157559590774,26.19775033428671,180.92540085752876,147,71,93,2012_Q3
2012-07-08 02:00:00,70,93.940043523879226,16.576218262258195,171.30386878550024,124,58,90,2012_Q3
2012-07-08 03:00:00,35,38.230642233869624,0,115.59446749549065,70,31,33,2012_Q3
2012-07-08 04:00:00,13,11.003618866584018,0,88.367444128205051,35,16,4,2012_Q3
2012-07-08 05:00:00,6,8.0182611110752742,0,85.382086372696307,13,14,10,2012_Q3
2012-07-08 06:00:00,21,20.108752214923985,0,97.472577476545013,6,31,27,2012_Q3
2012-07-08 07:00:00,52,55.520536092838256,0,132.88436135445929,21,71,50,2012_Q3
2012-07-08 08:00:00,130,119.01906750427356,41.655242242652534,196.38289276589461,52,152,142,2012_Q3
2012-07-08 09:00:00,242,196.90121546602586,119.53739020440483,274.26504072764692,130,256,219,2012_Q3
2012-07-08 10:00:00,319,326.92219853315294,249.55837327153191,404.286023794774,242,325,366,2012_Q3
2012-07-08 11:00:00,389,361.79482692450944,284.43100166288843,439.15865218613044,319,367,377,2012_Q3
2012-07-08 12:00:00,376,380.57467091479111,303.21084565317005,457.93849617641217,389,342,433,2012_Q3
2012-07-08 13:00:00,337,371.92621799272956,294.5623927311085,449.29004325435062,376,360,420,2012_Q3
2012-07-08 14:00:00,312,333.60371256365471,256.23988730203371,410.96753782527571,337,308,444,2012_Q3
2012-07-08 15:00:00,298,342.93168619050107,265.56786092888001,420.29551145212213,312,306,345,2012_Q3
2012-07-08 16:00:00,291,259.96970738229044,182.60588212066941,337.33353264391144,298,294,313,2012_Q3
2012-07-08 17:00:00,270,321.02768251104845,243.66385724942742,398.39150777266946,291,279,413,2012_Q3
2012-07-08 18:00:00,253,316.8824120083645,239.51858674674347,394.2462372699855,270,277,370,2012_Q3
2012-07-08 19:00:00,250,253.09686350815016,175.73303824652913,330.4606887697712,253,287,382,2012_Q3
2012-07-08 20:00:00,285,213.56689758363308,136.20307232201205,290.93072284525408,250,276,332,2012_Q3
2012-07-08 21:00:00,207,231.55164290715555,154.18781764553452,308.91546816877656,285,201,258,2012_Q3
2012-07-08 22:00:00,122,159.96503795026712,82.601212688646086,237.32886321188815,207,220,151,2012_Q3
2012-07-08 23:00:00,123,95.335797186875311,17.97197192525428,172.69962244849634,122,148,110,2012_Q3
2012-07-09 00:00:00,39,56.347052648622572,0,133.7108779102436,123,147,43,2012_Q3
2012-07-09 01:00:00,18,20.542760450559754,0,97.906585712180785,39,124,17,2012_Q3
2012-07-09 02:00:00,5,10.85169767680874,0,88.215522938429771,18,70,15,2012_Q3
2012-07-09 03:00:00,5,3.9378001023789704,0,81.301625364000003,5,35,5,2012_Q3
2012-07-09 04:00:00,2,4.8169332603535384,0,82.180758521974568,5,13,12,2012_Q3
2012-07-09 05:00:00,28,19.537131115581921,0,96.900956377202959,2,6,40,2012_Q3
2012-07-09 06:00:00,92,123.51076646289782,46.146941201276789,200.87459172451884,28,21,136,2012_Q3
2012-07-09 07:00:00,230,300.57723653771762,223.21341127609659,377.94106179933863,92,52,398,2012_Q3
2012-07-09 08:00:00,455,469.98826130870259,392.62443604708153,547.35208657032365,230,130,568,2012_Q3
2012-07-09 09:00:00,363,285.7390585019117,208.37523324029067,363.10288376353276,455,242,295,2012_Q3
2012-07-09 10:00:00,175,223.91990233484373,146.5560770732227,301.28372759646476,363,319,174,2012_Q3
2012-07-09 11:00:00,216,183.89489580207993,106.5310705404589,261.25872106370093,175,389,201,2012_Q3
2012-07-09 12:00:00,266,253.18824786379028,175.82442260216925,330.55207312541131,216,376,257,2012_Q3
2012-07-09 13:00:00,255,269.41384489161373,192.0500196299927,346.77767015323479,266,337,236,2012_Q3
2012-07-09 14:00:00,242,234.33483628032772,156.97101101870669,311.69866154194875,255,312,230,2012_Q3
2012-07-09 15:00:00,280,246.6569177403517,169.29309247873067,324.02074300197273,242,298,234,2012_Q3
2012-07-09 16:00:00,413,378.46058569445381,301.09676043283275,455.82441095607487,280,291,365,2012_Q3
2012-07-09 17:00:00,849,699.83718517953287,622.47335991791181,777.20101044115393,413,270,747,2012_Q3
2012-07-09 18:00:00,872,744.35552504750035,666.99169978587929,821.71935030912141,849,253,730,2012_Q3
2012-07-09 19:00:00,631,539.88411592093246,462.5202906593114,617.24794118255352,872,250,581,2012_Q3
2012-07-09 20:00:00,447,428.89000122336438,351.52617596174332,506.25382648498544,631,285,395,2012_Q3
2012-07-09 21:00:00,331,345.74759890531192,268.38377364369092,423.11142416693292,447,207,258,2012_Q3
2012-07-09 22:00:00,224,226.00460480309727,148.64077954147623,303.36843006471827,331,122,188,2012_Q3
2012-07-09 23:00:00,131,122.32284859601093,44.959023334389897,199.68667385763194,224,123,102,2012_Q3
2012-07-10 00:00:00,69,53.250973313229423,0,130.61479857485045,131,39,53,2012_Q3
2012-07-10 01:00:00,15,24.243264760490284,0,101.60709002211132,69,18,14,2012_Q3
2012-07-10 02:00:00,16,8.1078571972771449,0,85.471682458898172,15,5,10,2012_Q3
2012-07-10 03:00:00,3,4.5937745814825268,0,81.957599843103552,16,5,2,2012_Q3
2012-07-10 04:00:00,4,5.6661782291316696,0,83.030003490752705,3,2,6,2012_Q3
2012-07-10 05:00:00,42,30.241900689726492,0,107.60572595134752,4,28,35,2012_Q3
2012-07-10 06:00:00,187,142.08262814753994,64.718802885918905,219.44645340916097,42,92,154,2012_Q3
2012-07-10 07:00:00,520,524.44052604762112,447.07670078600006,601.80435130924218,187,230,483,2012_Q3
2012-07-10 08:00:00,649,651.5911340627664,574.22730880114534,728.95495932438746,520,455,646,2012_Q3
2012-07-10 09:00:00,331,337.03957254706194,259.67574728544093,414.40339780868294,649,363,272,2012_Q3
2012-07-10 10:00:00,190,203.37326867075421,126.00944340913318,280.73709393237527,331,175,209,2012_Q3
2012-07-10 11:00:00,249,219.65092251589101,142.28709725426998,297.01474777751207,190,216,217,2012_Q3
2012-07-10 12:00:00,272,297.77639476390948,220.41256950228845,375.14022002553054,249,266,272,2012_Q3
2012-07-10 13:00:00,280,287.15123610758286,209.78741084596183,364.51506136920386,272,255,283,2012_Q3
2012-07-10 14:00:00,242,284.90162298404545,207.53779772242441,362.26544824566645,280,242,310,2012_Q3
2012-07-10 15:00:00,265,288.13743971951061,210.77361445788958,365.50126498113161,242,280,401,2012_Q3
2012-07-10 16:00:00,435,537.88846580213442,460.52464054051336,615.25229106375548,265,413,527,2012_Q3
2012-07-10 17:00:00,872,778.69197368424375,701.32814842262269,856.05579894586481,435,849,722,2012_Q3
2012-07-10 18:00:00,819,805.52175659441173,728.15793133279067,882.88558185603279,872,872,627,2012_Q3
2012-07-10 19:00:00,414,464.21129610271953,386.84747084109847,541.57512136434059,819,631,497,2012_Q3
2012-07-10 20:00:00,84,297.57123086909866,220.20740560747763,374.93505613071966,414,447,376,2012_Q3
2012-07-10 21:00:00,90,80.087599893744724,2.7237746321236926,157.45142515536577,84,331,196,2012_Q3
2012-07-10 22:00:00,139,93.313063761160947,15.949238499539916,170.67688902278198,90,224,177,2012_Q3
2012-07-10 23:00:00,103,94.444442943376245,17.080617681755214,171.80826820499726,139,131,171,2012_Q3
2012-07-11 00:00:00,44,66.225398616850654,0,143.58922387847167,103,69,159,2012_Q3
2012-07-11 01:00:00,14,28.837764123863881,0,106.20158938548491,44,15,123,2012_Q3
2012-07-11 02:00:00,5,14.989567079578681,0,92.353392341199708,14,16,93,2012_Q3
2012-07-11 03:00:00,5,9.3767842618722756,0,86.740609523493305,5,3,32,2012_Q3
2012-07-11 04:00:00,7,10.546491392806219,0,87.910316654427248,5,4,16,2012_Q3
2012-07-11 05:00:00,41,32.030702126366101,0,109.39452738798713,7,42,19,2012_Q3
2012-07-11 06:00:00,185,110.63043626207879,33.266611000457758,187.99426152369983,41,187,32,2012_Q3
2012-07-11 07:00:00,497,469.79150894102361,392.42768367940255,547.15533420264467,185,520,72,2012_Q3
2012-07-11 08:00:00,674,570.21215464913814,492.84832938751708,647.5759799107592,497,649,153,2012_Q3
2012-07-11 09:00:00,328,298.06888012036643,220.7050548587454,375.43270538198749,674,331,293,2012_Q3
2012-07-11 10:00:00,195,322.06230250922005,244.69847724759902,399.42612777084105,328,190,447,2012_Q3
2012-07-11 11:00:00,229,287.26442333748724,209.90059807586621,364.62824859910825,195,249,485,2012_Q3
2012-07-11 12:00:00,292,339.03616266084163,261.67233739922062,416.39998792246263,229,272,494,2012_Q3
2012-07-11 13:00:00,273,356.63846084800014,279.27463558637908,434.0022861096212,292,280,499,2012_Q3
2012-07-11 14:00:00,241,351.1101696835463,273.7463444219253,428.47399494516731,273,242,547,2012_Q3
2012-07-11 15:00:00,276,338.63521706977389,261.27139180815288,415.99904233139489,241,265,454,2012_Q3
2012-07-11 16:00:00,411,433.33244799747825,355.96862273585725,510.69627325909926,276,435,389,2012_Q3
2012-07-11 17:00:00,830,644.97071282737352,567.60688756575246,722.33453808899458,411,872,414,2012_Q3
2012-07-11 18:00:00,814,795.3289252549788,717.96509999335774,872.69275051659986,830,819,430,2012_Q3
2012-07-11 19:00:00,633,530.76980120603423,453.40597594441317,608.13362646765529,814,414,432,2012_Q3
2012-07-11 20:00:00,483,554.04081239889922,476.67698713727816,631.40463766052028,633,84,551,2012_Q3
2012-07-11 21:00:00,391,503.62455452438667,426.26072926276561,580.98837978600773,483,90,584,2012_Q3
2012-07-11 22:00:00,244,413.87909748423431,336.51527222261325,491.24292274585537,391,139,502,2012_Q3
2012-07-11 23:00:00,152,148.57532944688336,71.211504185262328,225.93915470850439,244,103,183,2012_Q3
2012-07-12 00:00:00,56,72.965049255388308,0,150.32887451700935,152,44,88,2012_Q3
2012-07-12 01:00:00,21,28.610227207234143,0,105.97405246885518,56,14,30,2012_Q3
2012-07-12 02:00:00,9,14.457570019376124,0,91.821395280997152,21,5,18,2012_Q3
2012-07-12 03:00:00,10,6.6870469563824857,0,84.050872218003519,9,5,7,2012_Q3
2012-07-12 04:00:00,5,6.7871657828628749,0,84.150991044483902,10,7,7,2012_Q3
2012-07-12 05:00:00,44,34.047729381866432,0,111.41155464348746,5,41,29,2012_Q3
2012-07-12 06:00:00,178,146.55829848357882,69.194473221957793,223.92212374519985,44,185,133,2012_Q3
2012-07-12 07:00:00,512,491.72008209523517,414.35625683361411,569.08390735685623,178,497,343,2012_Q3
2012-07-12 08:00:00,702,638.51754575694702,561.15372049532596,715.88137101856807,512,674,550,2012_Q3
2012-07-12 09:00:00,327,318.86111152169866,241.49728626007763,396.22493678331966,702,328,293,2012_Q3
2012-07-12 10:00:00,214,205.27299807683417,127.90917281521314,282.6368233384552,327,195,186,2012_Q3
2012-07-12 11:00:00,215,240.44830361594475,163.08447835432372,317.81212887756578,214,229,244,2012_Q3
2012-07-12 12:00:00,292,271.29471313871807,193.93088787709704,348.65853840033913,215,292,276,2012_Q3
2012-07-12 13:00:00,277,311.89746822184719,234.53364296022616,389.26129348346819,292,273,310,2012_Q3
2012-07-12 14:00:00,209,259.39360324503917,182.02977798341814,336.75742850666018,277,241,241,2012_Q3
2012-07-12 15:00:00,271,257.99670300146624,180.63287773984521,335.3605282630873,209,276,254,2012_Q3
2012-07-12 16:00:00,439,459.29582593192515,381.93200067030409,536.65965119354621,271,411,433,2012_Q3
2012-07-12 17:00:00,795,787.0352041314319,709.67137886981084,864.39902939305296,439,830,689,2012_Q3
2012-07-12 18:00:00,825,828.42665103299134,751.06282577137029,905.7904762946124,795,814,607,2012_Q3
2012-07-12 19:00:00,629,596.49869887181342,519.13487361019236,673.86252413343448,825,633,503,2012_Q3
2012-07-12 20:00:00,514,489.98584315992304,412.62201789830203,567.34966842154404,629,483,321,2012_Q3
2012-07-12 21:00:00,373,413.76840258635747,336.40457732473647,491.13222784797847,514,391,323,2012_Q3
2012-07-12 22:00:00,318,266.65806596570638,189.29424070408535,344.02189122732739,373,244,225,2012_Q3
2012-07-12 23:00:00,211,195.54686874445815,118.18304348283712,272.91069400607921,318,152,131,2012_Q3
2012-07-13 00:00:00,95,102.97454440678669,25.61071914516566,180.33836966840772,211,56,102,2012_Q3
2012-07-13 01:00:00,59,49.19875264096865,0,126.56257790258968,95,21,29,2012_Q3
2012-07-13 02:00:00,17,26.501336886416574,0,103.8651621480376,59,9,17,2012_Q3
2012-07-13 03:00:00,9,8.9492585962001545,0,86.313083857821184,17,10,7,2012_Q3
2012-07-13 04:00:00,11,6.1786417664559288,0,83.542467028076956,9,5,6,2012_Q3
2012-07-13 05:00:00,34,31.461221380983606,0,108.82504664260463,11,44,35,2012_Q3
2012-07-13 06:00:00,127,145.19479596358323,67.830970701962201,222.55862122520426,34,178,131,2012_Q3
2012-07-13 07:00:00,380,408.94448744748223,331.58066218586123,486.30831270910323,127,512,353,2012_Q3
2012-07-13 08:00:00,713,587.4837225580892,510.11989729646814,664.84754781971026,380,702,585,2012_Q3
2012-07-13 09:00:00,414,347.33193033205259,269.96810507043153,424.69575559367365,713,327,304,2012_Q3
2012-07-13 10:00:00,268,233.70649015231152,156.34266489069049,311.07031541393258,414,214,210,2012_Q3
2012-07-13 11:00:00,288,274.90193321301831,197.53810795139728,352.26575847463937,268,215,233,2012_Q3
2012-07-13 12:00:00,379,326.42807408186906,249.06424882024803,403.79189934349006,288,292,331,2012_Q3
2012-07-13 13:00:00,374,371.04743022781588,293.68360496619482,448.41125548943694,379,277,293,2012_Q3
2012-07-13 14:00:00,369,341.11368662264761,263.74986136102655,418.47751188426867,374,209,275,2012_Q3
2012-07-13 15:00:00,353,394.05201320639441,316.6881879447734,471.41583846801541,369,271,285,2012_Q3
2012-07-13 16:00:00,492,456.34989797347555,378.98607271185449,533.71372323509661,353,439,369,2012_Q3
2012-07-13 17:00:00,835,553.75531909195593,476.39149383033487,631.11914435357698,492,795,576,2012_Q3
2012-07-13 18:00:00,631,561.26843520121679,483.90460993959573,638.63226046283785,835,825,560,2012_Q3
2012-07-13 19:00:00,488,567.36062419566645,489.99679893404539,644.72444945728751,631,629,418,2012_Q3
2012-07-13 20:00:00,389,390.55224035798011,313.18841509635911,467.91606561960111,488,514,336,2012_Q3
2012-07-13 21:00:00,299,299.08467698035838,221.72085171873735,376.44850224197944,389,373,300,2012_Q3
2012-07-13 22:00:00,263,253.78441180036017,176.42058653873914,331.14823706198121,299,318,288,2012_Q3
2012-07-13 23:00:00,212,192.77888318698464,115.41505792536361,270.14270844860567,263,211,164,2012_Q3
2012-07-14 00:00:00,191,138.3879829749626,61.024157713341566,215.75180823658363,212,95,150,2012_Q3
2012-07-14 01:00:00,118,123.855317659872,46.491492398250969,201.21914292149302,191,59,71,2012_Q3
2012-07-14 02:00:00,101,77.715167803490985,0.35134254186995406,155.078993065112,118,17,58,2012_Q3
2012-07-14 03:00:00,40,46.241610853197123,0,123.60543611481816,101,9,31,2012_Q3
2012-07-14 04:00:00,9,14.652623199386076,0,92.016448461007101,40,11,16,2012_Q3
2012-07-14 05:00:00,5,11.848014330287171,0,89.211839591908202,9,34,14,2012_Q3
2012-07-14 06:00:00,35,25.042485377529047,0,102.40631063915008,5,127,31,2012_Q3
2012-07-14 07:00:00,48,87.240745522429677,9.8769202608086459,164.60457078405071,35,380,71,2012_Q3
2012-07-14 08:00:00,151,139.32628551270048,61.962460251079449,216.69011077432151,48,713,152,2012_Q3
2012-07-14 09:00:00,282,273.9095850265166,196.54575976489556,351.2734102881376,151,414,256,2012_Q3
2012-07-14 10:00:00,401,385.8222623568733,308.45843709525229,463.1860876184943,282,268,325,2012_Q3
2012-07-14 11:00:00,439,436.34440936018501,358.98058409856401,513.70823462180601,401,288,367,2012_Q3
2012-07-14 12:00:00,499,460.19508987033402,382.83126460871301,537.55891513195502,439,379,342,2012_Q3
2012-07-14 13:00:00,591,449.38534696211053,372.02152170048953,526.74917222373153,499,374,360,2012_Q3
2012-07-14 14:00:00,632,533.65564507507156,456.2918198134505,611.01947033669262,591,369,308,2012_Q3
2012-07-14 15:00:00,560,553.61808013530003,476.25425487367897,630.98190539692109,632,353,306,2012_Q3
2012-07-14 16:00:00,566,540.93492926473584,463.57110400311478,618.2987545263569,560,492,294,2012_Q3
2012-07-14 17:00:00,458,544.77363881294082,467.40981355131976,622.13746407456188,566,835,279,2012_Q3
2012-07-14 18:00:00,351,414.45496471307297,337.09113945145191,491.81878997469403,458,631,277,2012_Q3
2012-07-14 19:00:00,431,333.88859427996539,256.52476901834439,411.25241954158639,351,488,287,2012_Q3
2012-07-14 20:00:00,356,353.5469365308843,276.18311126926324,430.91076179250535,431,389,276,2012_Q3
2012-07-14 21:00:00,269,300.15934734503463,222.7955220834136,377.52317260665563,356,299,201,2012_Q3
2012-07-14 22:00:00,225,237.72186638377821,160.35804112215718,315.08569164539927,269,263,220,2012_Q3
2012-07-14 23:00:00,211,180.47026907348902,103.10644381186799,257.83409433511008,225,212,148,2012_Q3
2012-07-15 00:00:00,187,163.87164459809767,86.507819336476643,241.23546985971871,211,191,147,2012_Q3
2012-07-15 01:00:00,168,121.64767157609634,44.283846314475312,199.01149683771737,187,118,124,2012_Q3
2012-07-15 02:00:00,115,133.07068525192747,55.706859990306441,210.4345105135485,168,101,70,2012_Q3
2012-07-15 03:00:00,57,57.764670335986665,0,135.1284955976077,115,40,35,2012_Q3
2012-07-15 04:00:00,19,15.376766320170299,0,92.740591581791335,57,9,13,2012_Q3
2012-07-15 05:00:00,9,8.490029680651686,0,85.853854942272719,19,5,6,2012_Q3
2012-07-15 06:00:00,15,20.435981148076738,0,97.799806409697766,9,35,21,2012_Q3
2012-07-15 07:00:00,47,41.767105585750762,0,119.13093084737179,15,48,52,2012_Q3
2012-07-15 08:00:00,133,135.41731752285091,58.053492261229877,212.78114278447194,47,151,130,2012_Q3
2012-07-15 09:00:00,221,228.93080048464259,151.56697522302156,306.29462574626359,133,282,242,2012_Q3
2012-07-15 10:00:00,382,335.8469995487867,258.48317428716564,413.21082481040776,221,401,319,2012_Q3
2012-07-15 11:00:00,451,410.40794685419922,333.04412159257822,487.77177211582023,382,439,389,2012_Q3
2012-07-15 12:00:00,489,434.68876874600215,357.32494348438115,512.05259400762316,451,499,376,2012_Q3
2012-07-15 13:00:00,480,496.96173030553871,419.59790504391765,574.32555556715977,489,591,337,2012_Q3
2012-07-15 14:00:00,476,461.61999887944614,384.25617361782508,538.9838241410672,480,632,312,2012_Q3
2012-07-15 15:00:00,489,460.23819678550586,382.87437152388486,537.60202204712687,476,560,298,2012_Q3
2012-07-15 16:00:00,495,478.85295028693986,401.4891250253188,556.21677554856092,489,566,291,2012_Q3
2012-07-15 17:00:00,436,435.74125887788546,358.3774336162644,513.10508413950652,495,458,270,2012_Q3
2012-07-15 18:00:00,312,374.98859731634809,297.62477205472703,452.35242257796915,436,351,253,2012_Q3
2012-07-15 19:00:00,312,256.45856450905484,179.09473924743381,333.82238977067584,312,431,250,2012_Q3
2012-07-15 20:00:00,294,262.1455407283587,184.78171546673767,339.50936598997976,312,356,285,2012_Q3
2012-07-15 21:00:00,223,236.74093980180049,159.37711454017946,314.1047650634215,294,269,207,2012_Q3
2012-07-15 22:00:00,130,170.37082415753108,93.006998895910044,247.73464941915211,223,225,122,2012_Q3
2012-07-15 23:00:00,91,97.000750828440488,19.636925566819457,174.36457609006152,130,211,123,2012_Q3
2012-07-16 00:00:00,43,52.487566774773228,0,129.85139203639426,91,187,39,2012_Q3
2012-07-16 01:00:00,11,21.723477036866324,0,99.087302298487359,43,168,18,2012_Q3
2012-07-16 02:00:00,15,8.5433815843392029,0,85.907206845960232,11,115,5,2012_Q3
2012-07-16 03:00:00,6,6.1630143300026745,0,83.526839591623713,15,57,5,2012_Q3
2012-07-16 04:00:00,12,6.0870142612670524,0,83.450839522888089,6,19,2,2012_Q3
2012-07-16 05:00:00,50,25.699542814692023,0,103.06336807631305,12,9,28,2012_Q3
2012-07-16 06:00:00,140,129.81265993099146,52.448834669370427,207.17648519261249,50,15,92,2012_Q3
2012-07-16 07:00:00,483,380.62290545038394,303.25908018876294,457.98673071200494,140,47,230,2012_Q3
2012-07-16 08:00:00,667,553.37356244105376,476.0097371794327,630.73738770267482,483,133,455,2012_Q3
2012-07-16 09:00:00,348,361.37312647129056,284.0093012096695,438.73695173291162,667,221,363,2012_Q3
2012-07-16 10:00:00,186,258.54642432887368,181.18259906725265,335.91024959049469,348,382,175,2012_Q3
2012-07-16 11:00:00,182,199.43786372433857,122.07403846271754,276.80168898595957,186,451,216,2012_Q3
2012-07-16 12:00:00,237,211.58527313542837,134.22144787380734,288.9490983970494,182,489,266,2012_Q3
2012-07-16 13:00:00,239,221.95178642232332,144.58796116070229,299.31561168394433,237,480,255,2012_Q3
2012-07-16 14:00:00,212,222.44284903083692,145.07902376921589,299.80667429245796,239,476,242,2012_Q3
2012-07-16 15:00:00,237,225.79407811473425,148.43025285311322,303.15790337635531,212,489,280,2012_Q3
2012-07-16 16:00:00,386,353.22421372772618,275.86038846610518,430.58803898934718,237,495,413,2012_Q3
2012-07-16 17:00:00,755,520.88920169048163,443.52537642886057,598.25302695210269,386,436,849,2012_Q3
2012-07-16 18:00:00,794,528.05225264687306,450.688427385252,605.41607790849412,755,312,872,2012_Q3
2012-07-16 19:00:00,595,613.15773351733276,535.7939082557117,690.52155877895382,794,312,631,2012_Q3
2012-07-16 20:00:00,454,408.000728470181,330.63690320855994,485.36455373180206,595,294,447,2012_Q3
2012-07-16 21:00:00,328,330.74531069903372,253.38148543741269,408.10913596065473,454,223,331,2012_Q3
2012-07-16 22:00:00,284,236.17016405495227,158.80633879333124,313.5339893165733,328,130,224,2012_Q3
2012-07-16 23:00:00,166,153.94294586294126,76.579120601320227,231.30677112456229,284,91,131,2012_Q3
2012-07-17 00:00:00,53,70.581215061792463,0,147.94504032341348,166,43,69,2012_Q3
2012-07-17 01:00:00,25,23.256465644653399,0,100.62029090627443,53,11,15,2012_Q3
2012-07-17 02:00:00,7,14.226153244527188,0,91.589978506148213,25,15,16,2012_Q3
2012-07-17 03:00:00,3,5.5085342348836877,0,82.872359496504714,7,6,3,2012_Q3
2012-07-17 04:00:00,7,6.4940371616352017,0,83.857862423256236,3,12,4,2012_Q3
2012-07-17 05:00:00,38,33.30762663412083,0,110.67145189574185,7,50,42,2012_Q3
2012-07-17 06:00:00,213,159.4618570802489,82.098031818627874,236.82568234186994,38,140,187,2012_Q3
2012-07-17 07:00:00,526,603.74499071673233,526.38116545511127,681.10881597835339,213,483,520,2012_Q3
2012-07-17 08:00:00,661,614.82568523376892,537.46185997214786,692.18951049538998,526,667,649,2012_Q3
2012-07-17 09:00:00,320,344.9057820545749,267.5419567929539,422.2696073161959,661,348,331,2012_Q3
2012-07-17 10:00:00,159,191.75287810212046,114.38905284049943,269.11670336374152,320,186,190,2012_Q3
2012-07-17 11:00:00,206,189.65925760330029,112.29543234167926,267.02308286492132,159,182,249,2012_Q3
2012-07-17 12:00:00,254,228.8369839354182,151.47315867379717,306.20080919703923,206,237,272,2012_Q3
2012-07-17 13:00:00,221,224.27538598854662,146.91156072692559,301.63921125016765,254,239,280,2012_Q3
2012-07-17 14:00:00,214,190.07932959734561,112.71550433572457,267.44315485896664,221,212,242,2012_Q3
2012-07-17 15:00:00,244,225.24080136150391,147.87697609988288,302.60462662312494,214,237,265,2012_Q3
2012-07-17 16:00:00,381,364.13204578711276,286.76822052549176,441.49587104873376,244,386,435,2012_Q3
2012-07-17 17:00:00,770,746.67929800641923,669.31547274479817,824.04312326804029,381,755,872,2012_Q3
2012-07-17 18:00:00,772,772.88586687176883,695.52204161014777,850.24969213338989,770,794,819,2012_Q3
2012-07-17 19:00:00,547,568.33059022597172,490.96676496435066,645.69441548759278,772,595,414,2012_Q3
2012-07-17 20:00:00,427,395.40195327193794,318.03812801031688,472.765778533559,547,454,84,2012_Q3
2012-07-17 21:00:00,333,306.77014897377131,229.40632371215028,384.13397423539232,427,328,90,2012_Q3
2012-07-17 22:00:00,244,240.53025681763989,163.16643155601886,317.8940820792609,333,284,139,2012_Q3
2012-07-17 23:00:00,161,143.87819459866387,66.514369337042837,221.2420198602849,244,166,103,2012_Q3
2012-07-18 00:00:00,53,75.705219630261524,0,153.06904489188256,161,53,44,2012_Q3
2012-07-18 01:00:00,16,24.99028165256173,0,102.35410691418276,53,25,14,2012_Q3
2012-07-18 02:00:00,8,8.6243494635683913,0,85.988174725189424,16,7,5,2012_Q3
2012-07-18 03:00:00,4,4.775990249094936,0,82.139815510715962,8,3,5,2012_Q3
2012-07-18 04:00:00,6,6.1452149860294094,0,83.509040247650447,4,7,7,2012_Q3
2012-07-18 05:00:00,46,34.704115160377931,0,112.06794042199897,6,38,41,2012_Q3
2012-07-18 06:00:00,162,164.27279911215777,86.908973850536739,241.6366243737788,46,213,185,2012_Q3
2012-07-18 07:00:00,495,517.44184743250264,440.07802217088158,594.8056726941237,162,526,497,2012_Q3
2012-07-18 08:00:00,679,691.78039073387856,614.4165654722575,769.14421599549962,495,661,674,2012_Q3
2012-07-18 09:00:00,297,313.34469127990855,235.98086601828751,390.70851654152955,679,320,328,2012_Q3
2012-07-18 10:00:00,138,162.52767777447187,85.163852512850838,239.8915030360929,297,159,195,2012_Q3
2012-07-18 11:00:00,183,177.31281218790119,99.948986926280156,254.67663744952222,138,206,229,2012_Q3
2012-07-18 12:00:00,202,215.75005066722909,138.38622540560806,293.11387592885012,183,254,292,2012_Q3
2012-07-18 13:00:00,203,184.84700313858673,107.4831778769657,262.21082840020779,202,221,273,2012_Q3
2012-07-18 14:00:00,170,179.50540445610079,102.14157919447976,256.86922971772185,203,214,241,2012_Q3
2012-07-18 15:00:00,194,193.72442333580753,116.3605980741865,271.08824859742856,170,244,276,2012_Q3
2012-07-18 16:00:00,224,288.38714876952821,211.02332350790718,365.75097403114921,194,381,411,2012_Q3
2012-07-18 17:00:00,370,539.8360014025177,462.47217614089664,617.19982666413875,224,770,830,2012_Q3
2012-07-18 18:00:00,643,627.09103132242365,549.72720606080259,704.45485658404471,370,772,814,2012_Q3
2012-07-18 19:00:00,516,528.7817036315688,451.41787836994774,606.14552889318986,643,547,633,2012_Q3
2012-07-18 20:00:00,366,381.15897816960376,303.7951529079827,458.52280343122482,516,427,483,2012_Q3
2012-07-18 21:00:00,319,296.41669776799273,219.0528725063717,373.78052302961373,366,333,391,2012_Q3
2012-07-18 22:00:00,288,234.28029053893314,156.91646527731211,311.64411580055418,319,244,244,2012_Q3
2012-07-18 23:00:00,131,157.933088755987,80.56926349436597,235.29691401760803,288,161,152,2012_Q3
2012-07-19 00:00:00,66,57.295432348367996,0,134.65925760998903,131,53,56,2012_Q3
2012-07-19 01:00:00,25,29.222222345864637,0,106.58604760748567,66,16,21,2012_Q3
2012-07-19 02:00:00,7,11.36903251628352,0,88.732857777904556,25,8,9,2012_Q3
2012-07-19 03:00:00,5,6.04120283799831,0,83.405028099619344,7,4,10,2012_Q3
2012-07-19 04:00:00,8,6.1027510397218654,0,83.466576301342897,5,6,5,2012_Q3
2012-07-19 05:00:00,40,33.270234101661586,0,110.63405936328262,8,46,44,2012_Q3
2012-07-19 06:00:00,152,139.87878725772578,62.514961996104745,217.24261251934681,40,162,178,2012_Q3
2012-07-19 07:00:00,473,459.45429173597807,382.09046647435707,536.81811699759908,152,495,512,2012_Q3
2012-07-19 08:00:00,657,690.62517608173891,613.26135082011785,767.98900134335997,473,679,702,2012_Q3
2012-07-19 09:00:00,318,293.7002740890498,216.33644882742877,371.06409935067086,657,297,327,2012_Q3
2012-07-19 10:00:00,198,180.74086809888706,103.37704283726603,258.10469336050812,318,138,214,2012_Q3
2012-07-19 11:00:00,216,223.1713702456037,145.80754498398267,300.53519550722473,198,183,215,2012_Q3
2012-07-19 12:00:00,274,254.13739542936534,176.77357016774431,331.50122069098637,216,202,292,2012_Q3
2012-07-19 13:00:00,254,255.1100256251795,177.74620036355847,332.47385088680051,274,203,277,2012_Q3
2012-07-19 14:00:00,197,224.2733326989088,146.90950743728777,301.63715796052986,254,170,209,2012_Q3
2012-07-19 15:00:00,292,203.20085371357646,125.83702845195543,280.56467897519747,197,194,271,2012_Q3
2012-07-19 16:00:00,358,408.20731425848402,330.84348899686302,485.57113952010502,292,224,439,2012_Q3
2012-07-19 17:00:00,771,689.02011526315994,611.65629000153888,766.383940524781,358,370,795,2012_Q3
2012-07-19 18:00:00,777,712.5892880238016,635.22546276218054,789.95311328542266,771,643,825,2012_Q3
2012-07-19 19:00:00,533,572.50821603060012,495.14439076897906,649.87204129222118,777,516,629,2012_Q3
2012-07-19 20:00:00,505,451.94813383520074,374.58430857357973,529.31195909682174,533,366,514,2012_Q3
2012-07-19 21:00:00,332,345.49081224992437,268.12698698830332,422.85463751154543,505,319,373,2012_Q3
2012-07-19 22:00:00,68,200.28644907473321,122.92262381311218,277.65027433635424,332,288,318,2012_Q3
2012-07-19 23:00:00,65,61.205172451493716,0,138.56899771311475,68,131,211,2012_Q3
2012-07-20 00:00:00,34,45.234150303411298,0,122.59797556503233,65,66,95,2012_Q3
2012-07-20 01:00:00,11,26.023432117984644,0,103.38725737960567,34,25,59,2012_Q3
2012-07-20 02:00:00,19,10.318227858391975,0,87.682053120013009,11,7,17,2012_Q3
2012-07-20 03:00:00,36,7.6685457700864861,0,85.032371031707513,19,5,9,2012_Q3
2012-07-20 04:00:00,9,11.640596190428779,0,89.004421452049812,36,8,11,2012_Q3
2012-07-20 05:00:00,42,24.97073533522283,0,102.33456059684386,9,40,34,2012_Q3
2012-07-20 06:00:00,126,122.80925695047925,45.445431688858221,200.17308221210027,42,152,127,2012_Q3
2012-07-20 07:00:00,360,381.63767743736986,304.27385217574886,459.00150269899086,126,473,380,2012_Q3
2012-07-20 08:00:00,691,627.83739161156836,550.4735663499473,705.20121687318942,360,657,713,2012_Q3
2012-07-20 09:00:00,373,406.37658080190477,329.01275554028371,483.74040606352582,691,318,414,2012_Q3
2012-07-20 10:00:00,233,271.09194222962498,193.72811696800395,348.45576749124598,373,198,268,2012_Q3
2012-07-20 11:00:00,212,248.60138995425984,171.23756469263881,325.9652152158809,233,216,288,2012_Q3
2012-07-20 12:00:00,274,212.71270939479439,135.34888413317336,290.07653465641545,212,274,379,2012_Q3
2012-07-20 13:00:00,156,259.75775280061055,182.39392753898952,337.12157806223161,274,254,374,2012_Q3
2012-07-20 14:00:00,229,150.55871676930835,73.194891507687316,227.92254203092938,156,197,369,2012_Q3
2012-07-20 15:00:00,216,257.78270153169643,180.4188762700754,335.14652679331743,229,292,353,2012_Q3
2012-07-20 16:00:00,436,376.03984132644047,298.67601606481946,453.40366658806147,216,358,492,2012_Q3
2012-07-20 17:00:00,715,668.65189130020087,591.28806603857981,746.01571656182193,436,771,835,2012_Q3
2012-07-20 18:00:00,622,554.29589964014735,476.93207437852629,631.65972490176841,715,777,631,2012_Q3
2012-07-20 19:00:00,402,421.08038762319939,343.71656236157833,498.44421288482044,622,533,488,2012_Q3
2012-07-20 20:00:00,251,290.70867887623359,213.34485361461256,368.07250413785459,402,505,389,2012_Q3
2012-07-20 21:00:00,122,145.55965776899438,68.195832507373353,222.92348303061542,251,332,299,2012_Q3
2012-07-20 22:00:00,135,122.54660066420243,45.182775402581399,199.91042592582346,122,68,263,2012_Q3
2012-07-20 23:00:00,166,116.58751045169727,39.223685190076239,193.95133571331831,135,65,212,2012_Q3
2012-07-21 00:00:00,103,176.39733075973214,99.033505498111111,253.76115602135317,166,34,191,2012_Q3
2012-07-21 01:00:00,72,77.94739484341811,0.58356958179707874,155.31122010503913,103,11,118,2012_Q3
2012-07-21 02:00:00,60,60.84116870544819,0,138.20499396706921,72,19,101,2012_Q3
2012-07-21 03:00:00,25,31.10510983139114,0,108.46893509301216,60,36,40,2012_Q3
2012-07-21 04:00:00,16,7.7762332134123975,0,85.140058475033427,25,9,9,2012_Q3
2012-07-21 05:00:00,17,8.1577964201702731,0,85.521621681791302,16,42,5,2012_Q3
2012-07-21 06:00:00,15,50.341458585278112,0,127.70528384689914,17,126,35,2012_Q3
2012-07-21 07:00:00,37,43.801429093331869,0,121.16525435495291,15,360,48,2012_Q3
2012-07-21 08:00:00,112,100.74194053447721,23.378115272856178,178.10576579609824,37,691,151,2012_Q3
2012-07-21 09:00:00,207,227.44486634449879,150.08104108287776,304.80869160611985,112,373,282,2012_Q3
2012-07-21 10:00:00,268,322.01484798281615,244.65102272119512,399.37867324443721,207,233,401,2012_Q3
2012-07-21 11:00:00,305,272.19635000551369,194.83252474389266,349.5601752671347,268,212,439,2012_Q3
2012-07-21 12:00:00,457,387.25881485512576,309.89498959350476,464.62264011674677,305,274,499,2012_Q3
2012-07-21 13:00:00,354,421.29018543774737,343.92636017612631,498.65401069936843,457,156,591,2012_Q3
2012-07-21 14:00:00,343,376.77454374722242,299.41071848560136,454.13836900884348,354,229,632,2012_Q3
2012-07-21 15:00:00,380,388.03535572771057,310.67153046608951,465.39918098933163,343,216,560,2012_Q3
2012-07-21 16:00:00,326,342.62631792534603,265.26249266372497,419.99014318696709,380,436,566,2012_Q3
2012-07-21 17:00:00,241,300.8545618837403,223.49073662211927,378.21838714536136,326,715,458,2012_Q3
2012-07-21 18:00:00,177,223.95418400978392,146.59035874816288,301.31800927140495,241,622,351,2012_Q3
2012-07-21 19:00:00,238,198.80987832317135,121.44605306155032,276.17370358479241,177,402,431,2012_Q3
2012-07-21 20:00:00,214,212.45544235519372,135.09161709357269,289.81926761681473,238,251,356,2012_Q3
2012-07-21 21:00:00,163,155.85479384478577,78.490968583164744,233.21861910640681,214,122,269,2012_Q3
2012-07-21 22:00:00,180,161.04187882159204,83.678053559971005,238.40570408321307,163,135,225,2012_Q3
2012-07-21 23:00:00,149,158.30788428137507,80.944059019754036,235.6717095429961,180,166,211,2012_Q3
2012-07-22 00:00:00,113,137.47091680534933,60.107091543728302,214.83474206697036,149,103,187,2012_Q3
2012-07-22 01:00:00,130,97.133683980184401,19.76985871856337,174.49750924180543,113,72,168,2012_Q3
2012-07-22 02:00:00,122,96.850741227688928,19.486915966067897,174.21456648930996,130,60,115,2012_Q3
2012-07-22 03:00:00,43,65.724018739863993,0,143.08784400148502,122,25,57,2012_Q3
2012-07-22 04:00:00,16,16.153269475242791,0,93.517094736863825,43,16,19,2012_Q3
2012-07-22 05:00:00,6,9.8146718739093117,0,87.178497135530336,16,17,9,2012_Q3
2012-07-22 06:00:00,19,14.767543885645081,0,92.131369147266113,6,15,15,2012_Q3
2012-07-22 07:00:00,38,50.620036534712533,0,127.98386179633357,19,37,47,2012_Q3
2012-07-22 08:00:00,153,111.58708661081394,34.22326134919291,188.95091187243497,38,112,133,2012_Q3
2012-07-22 09:00:00,258,283.43867088597648,206.07484562435545,360.80249614759748,153,207,221,2012_Q3
2012-07-22 10:00:00,379,386.92551459230464,309.56168933068363,464.28933985392564,258,268,382,2012_Q3
2012-07-22 11:00:00,505,424.00554262223255,346.64171736061155,501.36936788385356,379,305,451,2012_Q3
2012-07-22 12:00:00,504,457.70628156437033,380.34245630274927,535.07010682599139,505,457,489,2012_Q3
2012-07-22 13:00:00,626,448.30713714963844,370.94331188801743,525.67096241125944,504,354,480,2012_Q3
2012-07-22 14:00:00,616,557.05026633869818,479.68644107707712,634.41409160031924,626,343,476,2012_Q3
2012-07-22 15:00:00,624,505.67594118510345,428.31211592348245,583.03976644672446,616,380,489,2012_Q3
2012-07-22 16:00:00,628,492.37937125227631,415.01554599065526,569.74319651389737,624,326,495,2012_Q3
2012-07-22 17:00:00,556,518.66587028143169,441.30204501981063,596.02969554305275,628,241,436,2012_Q3
2012-07-22 18:00:00,515,427.34216858836731,349.97834332674631,504.70599384998832,556,177,312,2012_Q3
2012-07-22 19:00:00,522,373.55240846569529,296.18858320407423,450.91623372731635,515,238,312,2012_Q3
2012-07-22 20:00:00,378,351.48885188447139,274.12502662285033,428.85267714609245,522,214,294,2012_Q3
2012-07-22 21:00:00,345,258.76214307907537,181.39831781745434,336.12596834069643,378,163,223,2012_Q3
2012-07-22 22:00:00,191,241.28828634315059,163.92446108152956,318.65211160477162,345,180,130,2012_Q3
2012-07-22 23:00:00,123,127.25520330540014,49.891378043779113,204.61902856702119,191,149,91,2012_Q3
2012-07-23 00:00:00,47,64.514557276210482,0,141.8783825378315,123,113,43,2012_Q3
2012-07-23 01:00:00,27,22.512150643051285,0,99.875975904672316,47,130,11,2012_Q3
2012-07-23 02:00:00,17,14.684411198538431,0,92.048236460159458,27,122,15,2012_Q3
2012-07-23 03:00:00,2,7.9071664057454241,0,85.270991667366459,17,43,6,2012_Q3
2012-07-23 04:00:00,8,6.4501045130378776,0,83.813929774658902,2,16,12,2012_Q3
2012-07-23 05:00:00,51,34.097764644655314,0,111.46158990627634,8,6,50,2012_Q3
2012-07-23 06:00:00,157,144.72450666864447,67.360681407023435,222.0883319302655,51,19,140,2012_Q3
2012-07-23 07:00:00,421,480.11390484383946,402.7500795822184,557.47773010546052,157,38,483,2012_Q3
2012-07-23 08:00:00,738,651.8386447521209,574.47481949049984,729.20247001374196,421,153,667,2012_Q3
2012-07-23 09:00:00,345,351.29640209722947,273.93257683560842,428.66022735885053,738,258,348,2012_Q3
2012-07-23 10:00:00,200,247.00984198879115,169.64601672717012,324.37366725041215,345,379,186,2012_Q3
2012-07-23 11:00:00,198,209.39821870332335,132.03439344170232,286.76204396494438,200,505,182,2012_Q3
2012-07-23 12:00:00,314,237.74839379816248,160.38456853654145,315.11221905978351,198,504,237,2012_Q3
2012-07-23 13:00:00,240,327.49338185485766,250.12955659323663,404.85720711647866,314,626,239,2012_Q3
2012-07-23 14:00:00,271,243.61164613152647,166.24782086990544,320.97547139314747,240,616,212,2012_Q3
2012-07-23 15:00:00,281,283.20944923147385,205.84562396985282,360.57327449309491,271,624,237,2012_Q3
2012-07-23 16:00:00,457,411.19365703938831,333.82983177776725,488.55748230100937,281,628,386,2012_Q3
2012-07-23 17:00:00,847,712.62059334767798,635.25676808605692,789.98441860929904,457,556,755,2012_Q3
2012-07-23 18:00:00,741,720.17998854917664,642.81616328755558,797.5438138107977,847,515,794,2012_Q3
2012-07-23 19:00:00,582,540.63065809570696,463.2668328340859,617.99448335732802,741,522,595,2012_Q3
2012-07-23 20:00:00,403,431.46297579631778,354.09915053469672,508.82680105793884,582,378,454,2012_Q3
2012-07-23 21:00:00,296,311.76946226928368,234.40563700766265,389.13328753090468,403,345,328,2012_Q3
2012-07-23 22:00:00,209,243.16312641063527,165.79930114901424,320.5269516722563,296,191,284,2012_Q3
2012-07-23 23:00:00,114,120.18787031700452,42.824045055383493,197.55169557862556,209,123,166,2012_Q3
2012-07-24 00:00:00,64,54.156039657043415,0,131.51986491866444,114,47,53,2012_Q3
2012-07-24 01:00:00,17,29.781691634531789,0,107.14551689615283,64,27,25,2012_Q3
2012-07-24 02:00:00,16,8.6719208723783776,0,86.03574613399941,17,17,7,2012_Q3
2012-07-24 03:00:00,6,5.088458367099487,0,82.452283628720522,16,2,3,2012_Q3
2012-07-24 04:00:00,6,5.8607195427718741,0,83.224544804392906,6,8,7,2012_Q3
2012-07-24 05:00:00,50,31.00917688619851,0,108.37300214781953,6,51,38,2012_Q3
2012-07-24 06:00:00,190,174.07876801582537,96.714942754204344,251.44259327744641,50,157,213,2012_Q3
2012-07-24 07:00:00,516,542.56179150080766,465.1979662391866,619.92561676242872,190,421,526,2012_Q3
2012-07-24 08:00:00,743,697.57467429032602,620.21084902870496,774.93849955194707,516,738,661,2012_Q3
2012-07-24 09:00:00,339,369.32515946409552,291.96133420247452,446.68898472571652,743,345,320,2012_Q3
2012-07-24 10:00:00,218,199.1784629465842,121.81463768496317,276.54228820820526,339,200,159,2012_Q3
2012-07-24 11:00:00,201,207.25505721336722,129.89123195174619,284.61888247498825,218,198,206,2012_Q3
2012-07-24 12:00:00,229,207.94032165455963,130.57649639293859,285.30414691618068,201,314,254,2012_Q3
2012-07-24 13:00:00,273,208.15548624188742,130.79166098026639,285.51931150350845,229,240,221,2012_Q3
2012-07-24 14:00:00,244,223.1928658136363,145.82904055201527,300.55669107525733,273,271,214,2012_Q3
2012-07-24 15:00:00,285,248.1032098835216,170.73938462190057,325.46703514514263,244,281,244,2012_Q3
2012-07-24 16:00:00,455,410.80879044270284,333.44496518108178,488.1726157043239,285,457,381,2012_Q3
2012-07-24 17:00:00,869,768.06136536773079,690.69754010610973,845.42519062935185,455,847,770,2012_Q3
2012-07-24 18:00:00,877,781.80177885878425,704.43795359716319,859.16560412040531,869,741,772,2012_Q3
2012-07-24 19:00:00,632,539.63267575141163,462.26885048979057,616.99650101303268,877,582,547,2012_Q3
2012-07-24 20:00:00,523,471.10671739030346,393.74289212868246,548.47054265192446,632,403,427,2012_Q3
2012-07-24 21:00:00,378,381.72263726870216,304.35881200708116,459.08646253032316,523,296,333,2012_Q3
2012-07-24 22:00:00,269,277.0422794736694,199.67845421204836,354.40610473529046,378,209,244,2012_Q3
2012-07-24 23:00:00,192,158.75143687924347,81.38761161762244,236.1152621408645,269,114,161,2012_Q3
2012-07-25 00:00:00,66,80.958618807430511,3.5947935458094804,158.32244406905153,192,64,53,2012_Q3
2012-07-25 01:00:00,28,29.238540637608153,0,106.60236589922918,66,17,16,2012_Q3
2012-07-25 02:00:00,12,11.902903335356008,0,89.266728596977032,28,16,8,2012_Q3
2012-07-25 03:00:00,12,6.5613503620326794,0,83.925175623653715,12,6,4,2012_Q3
2012-07-25 04:00:00,4,6.1675721588074515,0,83.531397420428476,12,6,6,2012_Q3
2012-07-25 05:00:00,59,34.80536572643085,0,112.16919098805188,4,50,46,2012_Q3
2012-07-25 06:00:00,190,184.43394052844133,107.0701152668203,261.79776579006239,59,190,162,2012_Q3
2012-07-25 07:00:00,507,523.36866373457042,446.00483847294936,600.73248899619148,190,516,495,2012_Q3
2012-07-25 08:00:00,788,693.60708099221176,616.2432557305907,770.97090625383282,507,743,679,2012_Q3
2012-07-25 09:00:00,342,347.65042707220556,270.28660181058456,425.01425233382656,788,339,297,2012_Q3
2012-07-25 10:00:00,231,207.27628217085143,129.9124569092304,284.64010743247246,342,218,138,2012_Q3
2012-07-25 11:00:00,281,257.0448647394461,179.68103947782507,334.40869000106716,231,201,183,2012_Q3
2012-07-25 12:00:00,310,278.10478587852037,200.74096061689934,355.46861114014143,281,229,202,2012_Q3
2012-07-25 13:00:00,312,281.85822023414221,204.49439497252118,359.22204549576327,310,273,203,2012_Q3
2012-07-25 14:00:00,247,275.82825526019548,198.46442999857445,353.19208052181648,312,244,170,2012_Q3
2012-07-25 15:00:00,317,299.62584844652315,222.26202318490212,376.98967370814421,247,285,194,2012_Q3
2012-07-25 16:00:00,484,427.55981509343326,350.1959898318122,504.92364035505432,317,455,224,2012_Q3
2012-07-25 17:00:00,913,634.64890744877175,557.28508218715069,712.01273271039281,484,869,370,2012_Q3
2012-07-25 18:00:00,891,802.66275291248178,725.29892765086072,880.02657817410284,913,877,643,2012_Q3
2012-07-25 19:00:00,698,559.61431822508644,482.25049296346538,636.97814348670749,891,632,516,2012_Q3
2012-07-25 20:00:00,567,516.34739553004033,438.98357026841927,593.71122079166139,698,523,366,2012_Q3
2012-07-25 21:00:00,397,417.72022062753484,340.35639536591384,495.08404588915585,567,378,319,2012_Q3
2012-07-25 22:00:00,278,307.02879048037909,229.66496521875806,384.39261574200009,397,269,288,2012_Q3
2012-07-25 23:00:00,239,168.8100052814375,91.446180019816467,246.17383054305853,278,192,131,2012_Q3
2012-07-26 00:00:00,92,110.07628319416484,32.712457932543813,187.44010845578589,239,66,66,2012_Q3
2012-07-26 01:00:00,29,43.370109852792211,0,120.73393511441324,92,28,25,2012_Q3
2012-07-26 02:00:00,21,11.480998838869256,0,88.844824100490285,29,12,7,2012_Q3
2012-07-26 03:00:00,8,9.340841180530095,0,86.704666442151122,21,12,5,2012_Q3
2012-07-26 04:00:00,4,5.6853075076234614,0,83.049132769244494,8,4,8,2012_Q3
2012-07-26 05:00:00,42,33.06702361588718,0,110.43084887750821,4,59,40,2012_Q3
2012-07-26 06:00:00,181,137.98671779025699,60.622892528635958,215.35054305187802,42,190,152,2012_Q3
2012-07-26 07:00:00,495,446.50549003729401,369.14166477567301,523.86931529891501,181,507,473,2012_Q3
2012-07-26 08:00:00,729,638.59335095257563,561.22952569095457,715.95717621419669,495,788,657,2012_Q3
2012-07-26 09:00:00,344,321.5955915712911,244.23176630967006,398.9594168329121,729,342,318,2012_Q3
2012-07-26 10:00:00,222,194.45750638043401,117.09368111881298,271.82133164205504,344,231,198,2012_Q3
2012-07-26 11:00:00,212,246.27318618136871,168.90936091974768,323.63701144298977,222,281,216,2012_Q3
2012-07-26 12:00:00,279,225.59926806603994,148.23544280441891,302.963093327661,212,310,274,2012_Q3
2012-07-26 13:00:00,242,230.31200663013863,152.9481813685176,307.67583189175969,279,312,254,2012_Q3
2012-07-26 14:00:00,213,202.06970573180169,124.70588047018066,279.43353099342272,242,247,197,2012_Q3
2012-07-26 15:00:00,238,215.89288991318804,138.52906465156701,293.25671517480907,213,317,292,2012_Q3
2012-07-26 16:00:00,374,339.91055928911413,262.54673402749313,417.27438455073514,238,484,358,2012_Q3
2012-07-26 17:00:00,738,644.04499143798694,566.68116617636588,721.408816699608,374,913,771,2012_Q3
2012-07-26 18:00:00,688,710.40288375770501,633.03905849608395,787.76670901932607,738,891,777,2012_Q3
2012-07-26 19:00:00,614,498.32015771529632,420.95633245367526,575.68398297691738,688,698,533,2012_Q3
2012-07-26 20:00:00,446,437.41995455222303,360.05612929060203,514.78377981384403,614,567,505,2012_Q3
2012-07-26 21:00:00,271,328.30492272361465,250.94109746199362,405.66874798523565,446,397,332,2012_Q3
2012-07-26 22:00:00,234,202.85937541419563,125.49555015257459,280.22320067581666,271,278,68,2012_Q3
2012-07-26 23:00:00,145,154.5362081287825,77.172382867161474,231.90003339040354,234,239,65,2012_Q3
2012-07-27 00:00:00,97,79.365251225135765,2.001425963514734,156.72907648675681,145,92,34,2012_Q3
2012-07-27 01:00:00,54,44.855404608388021,0,122.21922987000906,97,29,11,2012_Q3
2012-07-27 02:00:00,26,27.30181087047448,0,104.66563613209551,54,21,19,2012_Q3
2012-07-27 03:00:00,12,16.236074639029571,0,93.599899900650598,26,8,36,2012_Q3
2012-07-27 04:00:00,8,6.2049789434629457,0,83.568804205083978,12,4,9,2012_Q3
2012-07-27 05:00:00,37,30.553593110537371,0,107.91741837215841,8,42,42,2012_Q3
2012-07-27 06:00:00,139,135.02058258315029,57.656757321529255,212.38440784477132,37,181,126,2012_Q3
2012-07-27 07:00:00,410,381.18408606968831,303.82026080806725,458.54791133130936,139,495,360,2012_Q3
2012-07-27 08:00:00,676,655.53606724580936,578.1722419841883,732.89989250743042,410,729,691,2012_Q3
2012-07-27 09:00:00,363,412.90418339159851,335.54035812997745,490.26800865321957,676,344,373,2012_Q3
2012-07-27 10:00:00,231,229.03698184189315,151.67315658027212,306.40080710351418,363,222,233,2012_Q3
2012-07-27 11:00:00,251,270.52269555802178,193.15887029640075,347.88652081964278,231,212,212,2012_Q3
2012-07-27 12:00:00,299,261.10682695699489,183.74300169537386,338.4706522186159,251,279,274,2012_Q3
2012-07-27 13:00:00,314,246.36514707551748,169.00132181389645,323.72897233713854,299,242,156,2012_Q3
2012-07-27 14:00:00,326,269.44149675690949,192.07767149528846,346.80532201853055,314,213,229,2012_Q3
2012-07-27 15:00:00,323,265.50380057772838,188.13997531610735,342.86762583934944,326,238,216,2012_Q3
2012-07-27 16:00:00,499,398.48580081774321,321.12197555612215,475.84962607936427,323,374,436,2012_Q3
2012-07-27 17:00:00,699,687.69467428665155,610.33084902503049,765.05849954827261,499,738,715,2012_Q3
2012-07-27 18:00:00,622,690.28343420008412,612.91960893846306,767.64725946170518,699,688,622,2012_Q3
2012-07-27 19:00:00,516,531.91758235044597,454.55375708882491,609.28140761206703,622,614,402,2012_Q3
2012-07-27 20:00:00,354,436.38491853480724,359.02109327318624,513.74874379642824,516,446,251,2012_Q3
2012-07-27 21:00:00,260,292.09275316200439,214.72892790038335,369.45657842362539,354,271,122,2012_Q3
2012-07-27 22:00:00,199,216.12223837903011,138.75841311740908,293.48606364065114,260,234,135,2012_Q3
2012-07-27 23:00:00,189,155.3782094022587,78.014384140637674,232.74203466387974,199,145,166,2012_Q3
2012-07-28 00:00:00,191,125.65957335149773,48.295748089876696,203.02339861311876,189,97,103,2012_Q3
2012-07-28 01:00:00,80,122.8907566989828,45.526931437361768,200.25458196060384,191,54,72,2012_Q3
2012-07-28 02:00:00,90,62.297127695861839,0,139.66095295748286,80,26,60,2012_Q3
2012-07-28 03:00:00,43,40.855191697992723,0,118.21901695961375,90,12,25,2012_Q3
2012-07-28 04:00:00,11,14.753365790923118,0,92.117191052544143,43,8,16,2012_Q3
2012-07-28 05:00:00,14,14.225592135786643,0,91.589417397407672,11,37,17,2012_Q3
2012-07-28 06:00:00,50,29.420228243187182,0,106.78405350480821,14,139,15,2012_Q3
2012-07-28 07:00:00,76,99.006097400814355,21.642272139193324,176.36992266243539,50,410,37,2012_Q3
2012-07-28 08:00:00,163,172.45872804603974,95.094902784418707,249.82255330766077,76,676,112,2012_Q3
2012-07-28 09:00:00,337,266.09391116441486,188.73008590279383,343.45773642603592,163,363,207,2012_Q3
2012-07-28 10:00:00,395,329.67275683198085,252.30893157035982,407.03658209360185,337,231,268,2012_Q3
2012-07-28 11:00:00,457,417.56398421868664,340.20015895706558,494.9278094803077,395,251,305,2012_Q3
2012-07-28 12:00:00,487,463.76838548746906,386.40456022584806,541.13221074909006,457,299,457,2012_Q3
2012-07-28 13:00:00,498,443.81039651700598,366.44657125538492,521.17422177862704,487,314,354,2012_Q3
2012-07-28 14:00:00,494,446.09742859471839,368.73360333309734,523.46125385633945,498,326,343,2012_Q3
2012-07-28 15:00:00,497,455.53249015260104,378.16866489098004,532.89631541422204,494,323,380,2012_Q3
2012-07-28 16:00:00,487,462.92333503537748,385.55950977375642,540.28716029699854,497,499,326,2012_Q3
2012-07-28 17:00:00,479,486.79197395387564,409.42814869225458,564.1557992154967,487,699,241,2012_Q3
2012-07-28 18:00:00,481,438.38694704273439,361.02312178111333,515.75077230435545,479,622,177,2012_Q3
2012-07-28 19:00:00,338,410.67809786519376,333.3142726035727,488.04192312681482,481,516,238,2012_Q3
2012-07-28 20:00:00,233,296.77317081078132,219.40934554916029,374.13699607240233,338,354,214,2012_Q3
2012-07-28 21:00:00,300,219.4642825014358,142.10045723981477,296.82810776305683,233,260,163,2012_Q3
2012-07-28 22:00:00,276,272.10976574061186,194.74594047899083,349.47359100223287,300,199,180,2012_Q3
2012-07-28 23:00:00,208,205.24965587785283,127.8858306162318,282.61348113947383,276,189,149,2012_Q3
2012-07-29 00:00:00,188,142.51330230390604,65.149477042285014,219.87712756552708,208,191,113,2012_Q3
2012-07-29 01:00:00,158,124.67994822690035,47.31612296527932,202.04377348852137,188,80,130,2012_Q3
2012-07-29 02:00:00,112,108.9546542691932,31.590829007572168,186.31847953081422,158,90,122,2012_Q3
2012-07-29 03:00:00,55,56.138899796093504,0,133.50272505771454,112,43,43,2012_Q3
2012-07-29 04:00:00,13,17.597418384841319,0,94.96124364646235,55,11,16,2012_Q3
2012-07-29 05:00:00,17,8.514392005550846,0,85.878217267171877,13,14,6,2012_Q3
2012-07-29 06:00:00,18,36.747692379136254,0,114.11151764075728,17,50,19,2012_Q3
2012-07-29 07:00:00,40,46.632787078117566,0,123.99661233973859,18,76,38,2012_Q3
2012-07-29 08:00:00,127,102.072784431507,24.708959169885972,179.43660969312805,40,163,153,2012_Q3
2012-07-29 09:00:00,226,223.52162570186459,146.15780044024356,300.8854509634856,127,337,258,2012_Q3
2012-07-29 10:00:00,381,320.22185063592156,242.85802537430052,397.58567589754261,226,395,379,2012_Q3
2012-07-29 11:00:00,509,462.31110431140746,384.9472790497864,539.67492957302852,381,457,505,2012_Q3
2012-07-29 12:00:00,511,499.42783000691514,422.06400474529414,576.79165526853615,509,487,504,2012_Q3
2012-07-29 13:00:00,483,516.94085145687291,439.57702619525185,594.30467671849397,511,498,626,2012_Q3
2012-07-29 14:00:00,522,503.29111529531247,425.92729003369141,580.65494055693352,483,494,616,2012_Q3
2012-07-29 15:00:00,501,522.22211200014613,444.85828673852507,599.58593726176719,522,497,624,2012_Q3
2012-07-29 16:00:00,521,541.52595969685922,464.16213443523816,618.88978495848028,501,487,628,2012_Q3
2012-07-29 17:00:00,531,499.8124856267724,422.44866036515134,577.17631088839346,521,479,556,2012_Q3
2012-07-29 18:00:00,419,479.24199905622544,401.87817379460444,556.60582431784644,531,481,515,2012_Q3
2012-07-29 19:00:00,443,415.60295736005321,338.23913209843215,492.96678262167427,419,338,522,2012_Q3
2012-07-29 20:00:00,303,327.64784093656499,250.28401567494396,405.01166619818605,443,233,378,2012_Q3
2012-07-29 21:00:00,271,253.18376190567076,175.81993664404973,330.54758716729179,303,300,345,2012_Q3
2012-07-29 22:00:00,148,201.28976318663982,123.92593792501879,278.65358844826085,271,276,191,2012_Q3
2012-07-29 23:00:00,100,103.04539853541289,25.681573273791855,180.40922379703392,148,208,123,2012_Q3
2012-07-30 00:00:00,58,59.729484266722046,0,137.09330952834307,100,188,47,2012_Q3
2012-07-30 01:00:00,19,29.560925250558505,0,106.92475051217954,58,158,27,2012_Q3
2012-07-30 02:00:00,8,13.100256501187959,0,90.464081762808988,19,112,17,2012_Q3
2012-07-30 03:00:00,3,5.5153935199934816,0,82.879218781614512,8,55,2,2012_Q3
2012-07-30 04:00:00,5,5.872381019651491,0,83.236206281272516,3,13,8,2012_Q3
2012-07-30 05:00:00,47,32.975237092240654,0,110.33906235386169,5,17,51,2012_Q3
2012-07-30 06:00:00,161,151.41820550148091,74.054380239859881,228.78203076310194,47,18,157,2012_Q3
2012-07-30 07:00:00,469,430.1537570495089,352.78993178788789,507.5175823111299,161,40,421,2012_Q3
2012-07-30 08:00:00,751,690.6069962444152,613.24317098279414,767.97082150603626,469,127,738,2012_Q3
2012-07-30 09:00:00,293,307.7162399431989,230.35241468157787,385.0800652048199,751,226,345,2012_Q3
2012-07-30 10:00:00,189,221.26949940226564,143.90567414064461,298.6333246638867,293,381,200,2012_Q3
2012-07-30 11:00:00,215,200.26946733156976,122.90564206994873,277.63329259319079,189,509,198,2012_Q3
2012-07-30 12:00:00,278,247.26053378676301,169.89670852514197,324.62435904838401,215,511,314,2012_Q3
2012-07-30 13:00:00,226,277.00577544129567,199.64195017967464,354.36960070291673,278,483,240,2012_Q3
2012-07-30 14:00:00,254,205.62490370626099,128.26107844463996,282.98872896788203,226,522,271,2012_Q3
2012-07-30 15:00:00,236,267.2488524285194,189.88502716689837,344.61267769014046,254,501,281,2012_Q3
2012-07-30 16:00:00,425,449.99836475921438,372.63453949759332,527.36219002083544,236,521,457,2012_Q3
2012-07-30 17:00:00,827,732.23057998254706,654.866754720926,809.59440524416812,425,531,847,2012_Q3
2012-07-30 18:00:00,812,754.23327500446646,676.8694497428454,831.59710026608752,827,419,741,2012_Q3
2012-07-30 19:00:00,665,484.63415309867992,407.27032783705886,561.99797836030098,812,443,582,2012_Q3
2012-07-30 20:00:00,462,449.84156829292971,372.47774303130871,527.20539355455071,665,303,403,2012_Q3
2012-07-30 21:00:00,322,341.05660565662413,263.69278039500307,418.42043091824519,462,271,296,2012_Q3
2012-07-30 22:00:00,230,220.89039958311525,143.52657432149422,298.25422484473631,322,148,209,2012_Q3
2012-07-30 23:00:00,150,134.9287233275758,57.564898065954765,212.29254858919683,230,100,114,2012_Q3
2012-07-31 00:00:00,38,68.588699886038683,0,145.95252514765971,150,58,64,2012_Q3
2012-07-31 01:00:00,21,20.106775880359869,0,97.470601141980893,38,19,17,2012_Q3
2012-07-31 02:00:00,8,14.499005468544533,0,91.86283073016557,21,8,16,2012_Q3
2012-07-31 03:00:00,6,5.4669046625212934,0,82.830729924142318,8,3,6,2012_Q3
2012-07-31 04:00:00,6,6.1907972630430601,0,83.554622524664097,6,5,6,2012_Q3
2012-07-31 05:00:00,45,37.751733052575155,0,115.11555831419619,6,47,50,2012_Q3
2012-07-31 06:00:00,194,169.54936696493226,92.18554170331123,246.91319222655329,45,161,190,2012_Q3
2012-07-31 07:00:00,513,550.14053106228789,472.77670580066683,627.50435632390895,194,469,516,2012_Q3
2012-07-31 08:00:00,760,713.86490898350428,636.50108372188322,791.22873424512534,513,751,743,2012_Q3
2012-07-31 09:00:00,333,325.00206181004461,247.63823654842358,402.36588707166561,760,293,339,2012_Q3
2012-07-31 10:00:00,227,211.59263207461976,134.22880681299873,288.95645733624076,333,189,218,2012_Q3
2012-07-31 11:00:00,224,239.5434056174235,162.17958035580247,316.9072308790445,227,215,201,2012_Q3
2012-07-31 12:00:00,248,259.0198441574268,181.65601889580577,336.38366941904781,224,278,229,2012_Q3
2012-07-31 13:00:00,288,247.75947247127743,170.3956472096564,325.12329773289844,248,226,273,2012_Q3
2012-07-31 14:00:00,260,240.43146079811248,163.06763553649145,317.79528605973348,288,254,244,2012_Q3
2012-07-31 15:00:00,144,288.38054298775666,211.01671772613562,365.74436824937766,260,236,285,2012_Q3
2012-07-31 16:00:00,402,322.00592685349744,244.64210159187641,399.36975211511844,144,425,455,2012_Q3
2012-07-31 17:00:00,820,768.12612916798003,690.76230390635897,845.48995442960108,402,827,869,2012_Q3
2012-07-31 18:00:00,857,793.04629259980982,715.68246733818876,870.41011786143088,820,812,877,2012_Q3
2012-07-31 19:00:00,614,624.32159363079484,546.95776836917378,701.6854188924159,857,665,632,2012_Q3
2012-07-31 20:00:00,452,354.40666253995141,277.04283727833035,431.77048780157247,614,462,523,2012_Q3
2012-07-31 21:00:00,352,310.4553417820386,233.09151652041757,387.8191670436596,452,322,378,2012_Q3
2012-07-31 22:00:00,257,278.33618220096776,200.97235693934672,355.70000746258881,352,230,269,2012_Q3
2012-07-31 23:00:00,147,151.56329485571101,74.199469594089976,228.92712011733204,257,150,192,2012_Q3
2012-08-01 00:00:00,47,72.781393556882421,0,150.14521881850345,147,38,66,2012_Q3
2012-08-01 01:00:00,33,27.727657127042388,0,105.09148238866342,47,21,28,2012_Q3
2012-08-01 02:00:00,13,14.45563704321644,0,91.819462304837472,33,8,12,2012_Q3
2012-08-01 03:00:00,7,8.6866835966567297,0,86.050508858277766,13,6,12,2012_Q3
2012-08-01 04:00:00,4,6.3217185108442653,0,83.685543772465294,7,6,4,2012_Q3
2012-08-01 05:00:00,49,35.870335465539519,0,113.23416072716054,4,45,59,2012_Q3
2012-08-01 06:00:00,185,175.74439132826578,98.380566066644747,253.10821658988681,49,194,190,2012_Q3
2012-08-01 07:00:00,487,530.56716872986783,453.20334346824677,607.93099399148889,185,513,507,2012_Q3
2012-08-01 08:00:00,681,614.29151584311535,536.92769058149429,691.65534110473641,487,760,788,2012_Q3
2012-08-01 09:00:00,350,317.8945544295122,240.53072916789117,395.2583796911332,681,333,342,2012_Q3
2012-08-01 10:00:00,236,212.2170259739959,134.85320071237487,289.58085123561693,350,227,231,2012_Q3
2012-08-01 11:00:00,234,266.37235184540964,189.00852658378861,343.7361771070307,236,224,281,2012_Q3
2012-08-01 12:00:00,284,278.31747293466015,200.95364767303911,355.6812981962812,234,248,310,2012_Q3
2012-08-01 13:00:00,280,299.35393909823631,221.99011383661528,376.71776435985737,284,288,312,2012_Q3
2012-08-01 14:00:00,263,251.61216789555499,174.24834263393396,328.97599315717605,280,260,247,2012_Q3
2012-08-01 15:00:00,295,312.80720894912082,235.44338368749979,390.17103421074182,263,144,317,2012_Q3
2012-08-01 16:00:00,479,476.52251630162363,399.15869104000262,553.88634156324463,295,402,484,2012_Q3
2012-08-01 17:00:00,837,755.10181941329097,677.73799415166991,832.46564467491203,479,820,913,2012_Q3
2012-08-01 18:00:00,891,761.46576409679017,684.10193883516911,838.82958935841123,837,857,891,2012_Q3
2012-08-01 19:00:00,652,464.51693428861341,387.15310902699241,541.88075955023442,891,614,698,2012_Q3
2012-08-01 20:00:00,513,463.23409939566102,385.87027413403996,540.59792465728208,652,452,567,2012_Q3
2012-08-01 21:00:00,320,389.07459015328311,311.71076489166205,466.43841541490417,513,352,397,2012_Q3
2012-08-01 22:00:00,288,266.23208017748067,188.86825491585964,343.59590543910167,320,257,278,2012_Q3
2012-08-01 23:00:00,152,181.52650118655239,104.16267592493136,258.89032644817343,288,147,239,2012_Q3
2012-08-02 00:00:00,63,74.174380624327,0,151.53820588594803,152,47,92,2012_Q3
2012-08-02 01:00:00,42,29.757855479935124,0,107.12168074155616,63,33,29,2012_Q3
2012-08-02 02:00:00,11,22.909393273735024,0,100.27321853535605,42,13,21,2012_Q3
2012-08-02 03:00:00,6,7.5810397983429372,0,84.944865059963973,11,7,8,2012_Q3
2012-08-02 04:00:00,9,5.8333127234111926,0,83.197137985032228,6,4,4,2012_Q3
2012-08-02 05:00:00,41,36.21171441698349,0,113.57553967860451,9,49,42,2012_Q3
2012-08-02 06:00:00,183,151.38910500392342,74.025279742302388,228.75293026554445,41,185,181,2012_Q3
2012-08-02 07:00:00,473,502.14402268093397,424.78019741931291,579.50784794255503,183,487,495,2012_Q3
2012-08-02 08:00:00,739,702.13311628060353,624.76929101898247,779.49694154222459,473,681,729,2012_Q3
2012-08-02 09:00:00,343,343.5628408774831,266.19901561586209,420.9266661391041,739,350,344,2012_Q3
2012-08-02 10:00:00,181,206.98268757396244,129.61886231234141,284.34651283558344,343,236,222,2012_Q3
2012-08-02 11:00:00,226,221.17424471938963,143.8104194577686,298.53806998101066,181,234,212,2012_Q3
2012-08-02 12:00:00,286,264.58502038806006,187.22119512643903,341.94884564968106,226,284,279,2012_Q3
2012-08-02 13:00:00,310,262.83683149716535,185.47300623554432,340.20065675878641,286,280,242,2012_Q3
2012-08-02 14:00:00,225,251.27823467371343,173.9144094120924,328.64205993533449,310,263,213,2012_Q3
2012-08-02 15:00:00,270,229.55366463349401,152.18983937187298,306.91748989511507,225,295,238,2012_Q3
2012-08-02 16:00:00,406,411.48916981138956,334.12534454976856,488.85299507301056,270,479,374,2012_Q3
2012-08-02 17:00:00,865,755.33419993236794,677.97037467074688,832.698025193989,406,837,738,2012_Q3
2012-08-02 18:00:00,767,747.11968900224895,669.75586374062789,824.48351426387001,865,891,688,2012_Q3
2012-08-02 19:00:00,607,622.16555169647552,544.80172643485446,699.52937695809658,767,652,614,2012_Q3
2012-08-02 20:00:00,427,501.65922012386687,424.29539486224587,579.02304538548788,607,513,446,2012_Q3
2012-08-02 21:00:00,342,334.13233591432027,256.76851065269921,411.49616117594132,427,320,271,2012_Q3
2012-08-02 22:00:00,262,279.51627892055154,202.15245365893051,356.88010418217254,342,288,234,2012_Q3
2012-08-02 23:00:00,177,175.77011920778619,98.406293946165164,253.13394446940723,262,152,145,2012_Q3
2012-08-03 00:00:00,71,94.281014406038153,16.917189144417122,171.6448396676592,177,63,97,2012_Q3
2012-08-03 01:00:00,43,46.935676616734483,0,124.29950187835551,71,42,54,2012_Q3
2012-08-03 02:00:00,14,25.556040209580683,0,102.91986547120172,43,11,26,2012_Q3
2012-08-03 03:00:00,6,9.9562368938582786,0,87.320062155479306,14,6,12,2012_Q3
2012-08-03 04:00:00,12,6.1542143026195788,0,83.51803956424061,6,9,8,2012_Q3
2012-08-03 05:00:00,37,34.828536888707283,0,112.19236215032831,12,41,37,2012_Q3
2012-08-03 06:00:00,163,150.35112544131016,72.987300179689129,227.71495070293119,37,183,139,2012_Q3
2012-08-03 07:00:00,421,476.70970222309103,399.34587696147003,554.07352748471203,163,473,410,2012_Q3
2012-08-03 08:00:00,668,718.30503905213686,640.9412137905158,795.66886431375792,421,739,676,2012_Q3
2012-08-03 09:00:00,396,431.9398577358852,354.57603247426414,509.30368299750626,668,343,363,2012_Q3
2012-08-03 10:00:00,249,240.50879173116638,163.14496646954535,317.87261699278741,396,181,231,2012_Q3
2012-08-03 11:00:00,263,252.03906464894555,174.67523938732452,329.40288991056661,249,226,251,2012_Q3
2012-08-03 12:00:00,338,272.28715691273788,194.92333165111685,349.65098217435889,263,286,299,2012_Q3
2012-08-03 13:00:00,345,294.74650923501821,217.38268397339718,372.11033449663921,338,310,314,2012_Q3
2012-08-03 14:00:00,331,276.37334334628048,199.00951808465945,353.73716860790148,345,225,326,2012_Q3
2012-08-03 15:00:00,380,315.48436983683132,238.12054457521029,392.84819509845238,331,270,323,2012_Q3
2012-08-03 16:00:00,492,507.54187470606848,430.17804944444742,584.90569996768954,380,406,499,2012_Q3
2012-08-03 17:00:00,741,617.87983104272178,540.51600578110072,695.24365630434284,492,865,699,2012_Q3
2012-08-03 18:00:00,671,566.29526510756739,488.93143984594633,643.65909036918845,741,767,622,2012_Q3
2012-08-03 19:00:00,469,415.32898094565098,337.96515568402992,492.69280620727204,671,607,516,2012_Q3
2012-08-03 20:00:00,389,333.46698784638681,256.10316258476576,410.83081310800787,469,427,354,2012_Q3
2012-08-03 21:00:00,278,320.09645122547482,242.73262596385379,397.46027648709583,389,342,260,2012_Q3
2012-08-03 22:00:00,202,236.81554326683485,159.45171800521382,314.17936852845588,278,262,199,2012_Q3
2012-08-03 23:00:00,196,160.14786846299208,82.784043201371048,237.51169372461311,202,177,189,2012_Q3
2012-08-04 00:00:00,161,177.01339163529545,99.649566373674418,254.37721689691648,196,71,191,2012_Q3
2012-08-04 01:00:00,122,117.81853481815014,40.45470955652911,195.18236007977117,161,43,80,2012_Q3
2012-08-04 02:00:00,84,82.277465894070673,4.913640632449642,159.6412911556917,122,14,90,2012_Q3
2012-08-04 03:00:00,30,44.116274231375151,0,121.48009949299617,84,6,43,2012_Q3
2012-08-04 04:00:00,13,10.931499711578184,0,88.295324973199214,30,12,11,2012_Q3
2012-08-04 05:00:00,17,12.967159938265368,0,90.330985199886399,13,37,14,2012_Q3
2012-08-04 06:00:00,49,55.631424046003026,0,132.99524930762405,17,163,50,2012_Q3
2012-08-04 07:00:00,67,106.82381645296259,29.459991191341558,184.18764171458361,49,421,76,2012_Q3
2012-08-04 08:00:00,181,167.53567172758449,90.171846465963455,244.89949698920552,67,668,163,2012_Q3
2012-08-04 09:00:00,278,307.44391153772199,230.08008627610096,384.80773679934305,181,396,337,2012_Q3
2012-08-04 10:00:00,396,392.51547001419368,315.15164475257268,469.87929527581468,278,249,395,2012_Q3
2012-08-04 11:00:00,470,447.0575310999609,369.69370583833984,524.42135636158196,396,263,457,2012_Q3
2012-08-04 12:00:00,547,442.56597286218204,365.20214760056103,519.92979812380304,470,338,487,2012_Q3
2012-08-04 13:00:00,527,438.80897331033788,361.44514804871687,516.17279857195888,547,345,498,2012_Q3
2012-08-04 14:00:00,472,440.84561970958612,363.48179444796506,518.20944497120718,527,331,494,2012_Q3
2012-08-04 15:00:00,489,433.13757030252515,355.77374504090415,510.50139556414615,472,380,497,2012_Q3
2012-08-04 16:00:00,450,456.0891434574043,378.7253181957833,533.45296871902531,489,492,487,2012_Q3
2012-08-04 17:00:00,492,452.00104461614882,374.63721935452782,529.36486987776982,450,741,479,2012_Q3
2012-08-04 18:00:00,490,491.45802304461597,414.09419778299491,568.82184830623703,492,671,481,2012_Q3
2012-08-04 19:00:00,397,373.95662598644566,296.59280072482466,451.32045124806666,490,469,338,2012_Q3
2012-08-04 20:00:00,312,308.63303202686649,231.26920676524546,385.99685728848749,397,389,233,2012_Q3
2012-08-04 21:00:00,289,256.21493884150999,178.85111357988896,333.57876410313099,312,278,300,2012_Q3
2012-08-04 22:00:00,269,256.87861697077074,179.5147917091497,334.2424422323918,289,202,276,2012_Q3
2012-08-04 23:00:00,222,215.59106306458034,138.22723780295931,292.9548883262014,269,196,208,2012_Q3
2012-08-05 00:00:00,153,148.49629487060719,71.132469608986156,225.86012013222822,222,161,188,2012_Q3
2012-08-05 01:00:00,87,110.69069202492359,33.326866763302561,188.05451728654464,153,122,158,2012_Q3
2012-08-05 02:00:00,73,80.314851530885974,2.9510262692649434,157.67867679250702,87,84,112,2012_Q3
2012-08-05 03:00:00,41,40.996907144426643,0,118.36073240604767,73,30,55,2012_Q3
2012-08-05 04:00:00,14,12.812398638539637,0,90.176223900160664,41,13,13,2012_Q3
2012-08-05 05:00:00,19,14.192351061736458,0,91.556176323357491,14,17,17,2012_Q3
2012-08-05 06:00:00,19,41.196812903589787,0,118.56063816521082,19,49,18,2012_Q3
2012-08-05 07:00:00,68,54.171029669790485,0,131.53485493141153,19,67,40,2012_Q3
2012-08-05 08:00:00,108,153.93635735720849,76.572532095587462,231.30018261882952,68,181,127,2012_Q3
2012-08-05 09:00:00,229,192.64604173895574,115.28221647733471,270.00986700057678,108,278,226,2012_Q3
2012-08-05 10:00:00,364,339.55172451426324,262.18789925264218,416.9155497758843,229,396,381,2012_Q3
2012-08-05 11:00:00,437,445.77597649883245,368.41215123721145,523.13980176045345,364,470,509,2012_Q3
2012-08-05 12:00:00,491,450.22066631363117,372.85684105201017,527.58449157525217,437,547,511,2012_Q3
2012-08-05 13:00:00,523,419.55739442151082,342.19356915988976,496.92121968313188,491,527,483,2012_Q3
2012-08-05 14:00:00,526,443.8298589955329,366.4660337339119,521.1936842571539,523,472,522,2012_Q3
2012-08-05 15:00:00,450,428.14110761351964,350.77728235189863,505.50493287514064,526,489,501,2012_Q3
2012-08-05 16:00:00,421,447.3581246944737,369.9942994328527,524.7219499560947,450,450,521,2012_Q3
2012-08-05 17:00:00,382,455.01044324320412,377.64661798158306,532.37426850482518,421,492,531,2012_Q3
2012-08-05 18:00:00,229,366.28676444667491,288.92293918505391,443.65058970829591,382,490,419,2012_Q3
2012-08-05 19:00:00,185,220.0748705909007,142.71104532927967,297.43869585252173,229,397,443,2012_Q3
2012-08-05 20:00:00,193,162.73081775492338,85.366992493302348,240.09464301654441,185,312,303,2012_Q3
2012-08-05 21:00:00,208,183.14352131700642,105.77969605538539,260.50734657862745,193,289,271,2012_Q3
2012-08-05 22:00:00,157,175.76204338450259,98.398218122881559,253.12586864612362,208,269,148,2012_Q3
2012-08-05 23:00:00,87,100.23464598788817,22.870820726267141,177.5984712495092,157,222,100,2012_Q3
2012-08-06 00:00:00,33,54.49899340405527,0,131.86281866567629,87,153,58,2012_Q3
2012-08-06 01:00:00,11,18.113960013372022,0,95.477785274993053,33,87,19,2012_Q3
2012-08-06 02:00:00,5,8.4098480040163697,0,85.773673265637399,11,73,8,2012_Q3
2012-08-06 03:00:00,5,4.6232358260219018,0,81.987061087642928,5,41,3,2012_Q3
2012-08-06 04:00:00,11,5.7500408092951663,0,83.113866070916202,5,14,5,2012_Q3
2012-08-06 05:00:00,25,32.539662666005022,0,109.90348792762606,11,19,47,2012_Q3
2012-08-06 06:00:00,141,136.1420279633692,58.778202701748171,213.50585322499023,25,19,161,2012_Q3
2012-08-06 07:00:00,407,375.80038793979207,298.43656267817107,453.16421320141308,141,68,469,2012_Q3
2012-08-06 08:00:00,605,547.52221910712319,470.15839384550213,624.88604436874425,407,108,751,2012_Q3
2012-08-06 09:00:00,276,284.19508711999168,206.83126185837065,361.55891238161269,605,229,293,2012_Q3
2012-08-06 10:00:00,213,161.50855671737654,84.144731455755505,238.87238197899757,276,364,189,2012_Q3
2012-08-06 11:00:00,260,231.39743364515354,154.03360838353251,308.76125890677457,213,437,215,2012_Q3
2012-08-06 12:00:00,285,309.89420221023681,232.53037694861578,387.25802747185787,260,491,278,2012_Q3
2012-08-06 13:00:00,289,279.5683582942076,202.20453303258657,356.9321835558286,285,523,226,2012_Q3
2012-08-06 14:00:00,287,300.83146916734876,223.46764390572773,378.19529442896976,289,526,254,2012_Q3
2012-08-06 15:00:00,274,302.09302143550815,224.72919617388712,379.45684669712921,287,450,236,2012_Q3
2012-08-06 16:00:00,451,411.71384705415221,334.35002179253115,489.07767231577327,274,421,425,2012_Q3
2012-08-06 17:00:00,858,703.5401673374173,626.17634207579624,780.90399259903836,451,382,827,2012_Q3
2012-08-06 18:00:00,843,764.80847212591243,687.44464686429137,842.17229738753349,858,229,812,2012_Q3
2012-08-06 19:00:00,640,614.34162580285533,536.97780054123427,691.70545106447639,843,185,665,2012_Q3
2012-08-06 20:00:00,457,498.94533652227119,421.58151126065013,576.30916178389225,640,193,462,2012_Q3
2012-08-06 21:00:00,317,328.81685641192331,251.45303115030228,406.18068167354431,457,208,322,2012_Q3
2012-08-06 22:00:00,207,237.30891169107588,159.94508642945485,314.67273695269694,317,157,230,2012_Q3
2012-08-06 23:00:00,113,120.9122903921546,43.548465130533572,198.27611565377563,207,87,150,2012_Q3
2012-08-07 00:00:00,47,52.761775631739418,0,130.12560089336046,113,33,38,2012_Q3
2012-08-07 01:00:00,18,23.547335212386127,0,100.91116047400716,47,11,21,2012_Q3
2012-08-07 02:00:00,13,9.3685942279650156,0,86.73241948958605,18,5,8,2012_Q3
2012-08-07 03:00:00,6,5.5636157477261525,0,82.927441009347177,13,5,6,2012_Q3
2012-08-07 04:00:00,9,6.5303776463177643,0,83.894202907938791,6,11,6,2012_Q3
2012-08-07 05:00:00,36,36.924202747749725,0,114.28802800937075,9,25,45,2012_Q3
2012-08-07 06:00:00,179,164.85099267863563,87.487167417014604,242.21481794025667,36,141,194,2012_Q3
2012-08-07 07:00:00,502,515.53255199772491,438.16872673610385,592.89637725934597,179,407,513,2012_Q3
2012-08-07 08:00:00,705,618.37070204347083,541.00687678184977,695.73452730509189,502,605,760,2012_Q3
2012-08-07 09:00:00,327,324.56477166036308,247.20094639874205,401.92859692198408,705,276,333,2012_Q3
2012-08-07 10:00:00,250,204.60006619763573,127.2362409360147,281.96389145925673,327,213,227,2012_Q3
2012-08-07 11:00:00,214,268.69033454651975,191.32650928489872,346.05415980814075,250,260,224,2012_Q3
2012-08-07 12:00:00,283,236.26865278989479,158.90482752827376,313.63247805151582,214,285,248,2012_Q3
2012-08-07 13:00:00,253,278.54593203059835,201.18210676897732,355.90975729221941,283,289,288,2012_Q3
2012-08-07 14:00:00,261,229.98299218881056,152.61916692718953,307.34681745043156,253,287,260,2012_Q3
2012-08-07 15:00:00,306,274.74827255519585,197.38444729357482,352.11209781681691,261,274,144,2012_Q3
2012-08-07 16:00:00,445,479.27084559794639,401.90702033632533,556.63467085956745,306,451,402,2012_Q3
2012-08-07 17:00:00,868,579.99922923437919,502.63540397275813,657.36305449600025,445,858,820,2012_Q3
2012-08-07 18:00:00,814,672.26981142426098,594.90598616263992,749.63363668588204,868,843,857,2012_Q3
2012-08-07 19:00:00,610,555.9191624989644,478.55533723734334,633.28298776058546,814,640,614,2012_Q3
2012-08-07 20:00:00,448,453.54700281278753,376.18317755116652,530.91082807440853,610,457,452,2012_Q3
2012-08-07 21:00:00,317,343.29655406044134,265.93272879882034,420.66037932206234,448,317,352,2012_Q3
2012-08-07 22:00:00,224,264.33551580685111,186.97169054523008,341.69934106847211,317,207,257,2012_Q3
2012-08-07 23:00:00,138,134.05442852630267,56.690603264681641,211.4182537879237,224,113,147,2012_Q3
2012-08-08 00:00:00,58,74.023583972255594,0,151.38740923387661,138,47,47,2012_Q3
2012-08-08 01:00:00,23,30.207118266938622,0,107.57094352855965,58,18,33,2012_Q3
2012-08-08 02:00:00,6,15.050553284898218,0,92.414378546519245,23,13,13,2012_Q3
2012-08-08 03:00:00,7,6.5131460587267958,0,83.87697132034782,6,6,7,2012_Q3
2012-08-08 04:00:00,7,6.2362037112190185,0,83.60002897284005,7,9,4,2012_Q3
2012-08-08 05:00:00,43,38.252727325805587,0,115.61655258742661,7,36,49,2012_Q3
2012-08-08 06:00:00,173,153.06952323500428,75.705697973383252,230.43334849662531,43,179,185,2012_Q3
2012-08-08 07:00:00,482,510.76920594851282,433.40538068689182,588.13303121013382,173,502,487,2012_Q3
2012-08-08 08:00:00,737,585.39272372730261,508.02889846568155,662.75654898892367,482,705,681,2012_Q3
2012-08-08 09:00:00,341,334.58869631076635,257.22487104914535,411.95252157238735,737,327,350,2012_Q3
2012-08-08 10:00:00,214,207.65726860998828,130.29344334836725,285.02109387160931,341,250,236,2012_Q3
2012-08-08 11:00:00,239,233.76022475851491,156.39639949689388,311.12405002013594,214,214,234,2012_Q3
2012-08-08 12:00:00,280,272.85761264331103,195.49378738169,350.22143790493203,239,283,284,2012_Q3
2012-08-08 13:00:00,313,270.19337893693125,192.82955367531022,347.55720419855231,280,253,280,2012_Q3
2012-08-08 14:00:00,236,273.77570945883741,196.41188419721638,351.13953472045841,313,261,263,2012_Q3
2012-08-08 15:00:00,278,253.39296099479625,176.02913573317522,330.75678625641729,236,306,295,2012_Q3
2012-08-08 16:00:00,441,426.38671976116001,349.02289449953901,503.75054502278101,278,445,479,2012_Q3
2012-08-08 17:00:00,858,642.61518530207445,565.25136004045339,719.97901056369551,441,868,837,2012_Q3
2012-08-08 18:00:00,862,649.74940445922164,572.38557919760058,727.1132297208427,858,814,891,2012_Q3
2012-08-08 19:00:00,686,540.70418974873166,463.34036448711061,618.06801501035272,862,610,652,2012_Q3
2012-08-08 20:00:00,500,469.68483579952544,392.32101053790439,547.0486610611465,686,448,513,2012_Q3
2012-08-08 21:00:00,381,362.10258279980803,284.73875753818697,439.46640806142909,500,317,320,2012_Q3
2012-08-08 22:00:00,233,292.34003653650149,214.97621127488046,369.70386179812249,381,224,288,2012_Q3
2012-08-08 23:00:00,136,154.96971173874269,77.605886477121658,232.33353700036372,233,138,152,2012_Q3
2012-08-09 00:00:00,67,72.65356675408276,0,150.01739201570379,136,58,63,2012_Q3
2012-08-09 01:00:00,28,37.170341979507008,0,114.53416724112805,67,23,42,2012_Q3
2012-08-09 02:00:00,14,13.683068616913783,0,91.046893878534817,28,6,11,2012_Q3
2012-08-09 03:00:00,6,7.4593524971339553,0,84.82317775875498,14,7,6,2012_Q3
2012-08-09 04:00:00,10,6.0012711994217973,0,83.365096461042825,6,7,9,2012_Q3
2012-08-09 05:00:00,41,34.890692280271601,0,112.25451754189262,10,43,41,2012_Q3
2012-08-09 06:00:00,167,150.19139734712462,72.82757208550359,227.55522260874565,41,173,183,2012_Q3
2012-08-09 07:00:00,475,500.656995014117,423.29316975249594,578.02082027573806,167,482,473,2012_Q3
2012-08-09 08:00:00,698,593.16832464678123,515.80449938516017,670.53214990840229,475,737,739,2012_Q3
2012-08-09 09:00:00,353,338.12923644233337,260.76541118071236,415.49306170395437,698,341,343,2012_Q3
2012-08-09 10:00:00,205,203.1188610253688,125.75503576374777,280.48268628698986,353,214,181,2012_Q3
2012-08-09 11:00:00,260,233.34128240939654,155.97745714777551,310.70510767101757,205,239,226,2012_Q3
2012-08-09 12:00:00,277,306.85147185876906,229.48764659714803,384.21529712039012,260,280,286,2012_Q3
2012-08-09 13:00:00,281,297.41040383970841,220.04657857808738,374.77422910132941,277,313,310,2012_Q3
2012-08-09 14:00:00,247,236.90403835399067,159.54021309236964,314.2678636156117,281,236,225,2012_Q3
2012-08-09 15:00:00,267,265.64477046803,188.28094520640897,343.00859572965101,247,278,270,2012_Q3
2012-08-09 16:00:00,417,439.14312198732881,361.77929672570781,516.50694724894981,267,441,406,2012_Q3
2012-08-09 17:00:00,810,749.00784046992987,671.64401520830882,826.37166573155093,417,858,865,2012_Q3
2012-08-09 18:00:00,811,780.78070728993418,703.41688202831313,858.14453255155524,810,862,767,2012_Q3
2012-08-09 19:00:00,623,522.17345314734121,444.80962788572015,599.53727840896227,811,686,607,2012_Q3
2012-08-09 20:00:00,478,506.64598384036981,429.28215857874875,584.00980910199087,623,500,427,2012_Q3
2012-08-09 21:00:00,336,343.23265445018023,265.86882918855918,420.59647971180129,478,381,342,2012_Q3
2012-08-09 22:00:00,259,277.16458890074779,199.80076363912676,354.52841416236879,336,233,262,2012_Q3
2012-08-09 23:00:00,156,180.64242791174078,103.27860265011975,258.00625317336181,259,136,177,2012_Q3
2012-08-10 00:00:00,85,83.530855117940348,6.1670298563193171,160.89468037956138,156,67,71,2012_Q3
2012-08-10 01:00:00,41,50.067251756812745,0,127.43107701843377,85,28,43,2012_Q3
2012-08-10 02:00:00,20,20.34398155628109,0,97.707806817902124,41,14,14,2012_Q3
2012-08-10 03:00:00,9,10.138959999495386,0,87.502785261116415,20,6,6,2012_Q3
2012-08-10 04:00:00,7,7.481627593305201,0,84.845452854926236,9,10,12,2012_Q3
2012-08-10 05:00:00,33,30.178525978951122,0,107.54235124057215,7,41,37,2012_Q3
2012-08-10 06:00:00,44,137.25555530591168,59.891730044290654,214.61938056753272,33,167,163,2012_Q3
2012-08-10 07:00:00,133,119.27462555987545,41.910800298254415,196.63845082149646,44,475,421,2012_Q3
2012-08-10 08:00:00,119,358.34615382237644,280.98232856075538,435.7099790839975,133,698,668,2012_Q3
2012-08-10 09:00:00,220,146.24857108048013,68.884745818859102,223.61239634210116,119,353,396,2012_Q3
2012-08-10 10:00:00,193,227.81513803817668,150.45131277655565,305.17896329979772,220,205,249,2012_Q3
2012-08-10 11:00:00,251,231.54210749664568,154.17828223502465,308.90593275826672,193,260,263,2012_Q3
2012-08-10 12:00:00,315,244.63178116700686,167.26795590538583,321.99560642862787,251,277,338,2012_Q3
2012-08-10 13:00:00,290,308.09477906115495,230.73095379953392,385.45860432277595,315,281,345,2012_Q3
2012-08-10 14:00:00,307,268.4218793855423,191.05805412392127,345.78570464716336,290,247,331,2012_Q3
2012-08-10 15:00:00,324,368.29796432547317,290.93413906385217,445.66178958709418,307,267,380,2012_Q3
2012-08-10 16:00:00,467,482.7511063074532,405.3872810458322,560.1149315690742,324,417,492,2012_Q3
2012-08-10 17:00:00,730,703.98666594973372,626.62284068811266,781.35049121135478,467,810,741,2012_Q3
2012-08-10 18:00:00,640,708.71268574042017,631.34886047879911,786.07651100204123,730,811,671,2012_Q3
2012-08-10 19:00:00,492,484.89790832001063,407.53408305838957,562.26173358163169,640,623,469,2012_Q3
2012-08-10 20:00:00,370,341.68621939017635,264.32239412855529,419.05004465179741,492,478,389,2012_Q3
2012-08-10 21:00:00,286,314.04228018733784,236.67845492571681,391.4061054489589,370,336,278,2012_Q3
2012-08-10 22:00:00,218,237.65438054832762,160.29055528670659,315.01820580994865,286,259,202,2012_Q3
2012-08-10 23:00:00,192,173.29321125403894,95.929385992417906,250.65703651565997,218,156,196,2012_Q3
2012-08-11 00:00:00,180,142.87692984639881,65.513104584777778,220.24075510801984,192,85,161,2012_Q3
2012-08-11 01:00:00,116,133.54592896945857,56.182103707837541,210.9097542310796,180,41,122,2012_Q3
2012-08-11 02:00:00,85,85.438857336314655,8.0750320746936239,162.8026825979357,116,20,84,2012_Q3
2012-08-11 03:00:00,21,38.836076546390345,0,116.19990180801138,85,9,30,2012_Q3
2012-08-11 04:00:00,10,10.823984313783487,0,88.187809575404515,21,7,13,2012_Q3
2012-08-11 05:00:00,11,15.009231177820466,0,92.373056439441498,10,33,17,2012_Q3
2012-08-11 06:00:00,23,30.379795549329124,0,107.74362081095015,11,44,49,2012_Q3
2012-08-11 07:00:00,62,61.783240557136622,0,139.14706581875765,23,133,67,2012_Q3
2012-08-11 08:00:00,162,169.52885060649805,92.165025344877023,246.89267586811908,62,119,181,2012_Q3
2012-08-11 09:00:00,271,290.54431048968797,213.18048522806694,367.90813575130903,162,220,278,2012_Q3
2012-08-11 10:00:00,407,396.13775426978356,318.77392900816255,473.50157953140456,271,193,396,2012_Q3
2012-08-11 11:00:00,499,491.16078341018203,413.79695814856098,568.52460867180309,407,251,470,2012_Q3
2012-08-11 12:00:00,546,536.72169677416298,459.35787151254192,614.08552203578404,499,315,547,2012_Q3
2012-08-11 13:00:00,569,501.31097173396654,423.94714647234548,578.6747969955876,546,290,527,2012_Q3
2012-08-11 14:00:00,538,475.97927703704681,398.61545177542575,553.34310229866787,569,307,472,2012_Q3
2012-08-11 15:00:00,562,499.40768773585563,422.04386247423463,576.77151299747663,538,324,489,2012_Q3
2012-08-11 16:00:00,531,493.66925170669651,416.30542644507545,571.03307696831757,562,467,450,2012_Q3
2012-08-11 17:00:00,512,519.94942366503153,442.58559840341047,597.31324892665259,531,730,492,2012_Q3
2012-08-11 18:00:00,300,392.89368097838656,315.5298557167655,470.25750624000761,512,640,490,2012_Q3
2012-08-11 19:00:00,275,295.36176006416252,217.99793480254149,372.72558532578353,300,492,397,2012_Q3
2012-08-11 20:00:00,160,271.46052689940961,194.09670163778858,348.82435216103067,275,370,312,2012_Q3
2012-08-11 21:00:00,128,116.08686161205102,38.723036350429993,193.45068687367205,160,286,289,2012_Q3
2012-08-11 22:00:00,168,145.72508702052471,68.36126175890368,223.08891228214574,128,218,269,2012_Q3
2012-08-11 23:00:00,163,158.29937558733624,80.935550325715212,235.66320084895727,168,192,222,2012_Q3
2012-08-12 00:00:00,120,138.74749075695212,61.383665495331087,216.11131601857315,163,180,153,2012_Q3
2012-08-12 01:00:00,113,99.370222139946279,22.006396878325248,176.7340474015673,120,116,87,2012_Q3
2012-08-12 02:00:00,86,84.055698171114713,6.6918729094936822,161.41952343273573,113,85,73,2012_Q3
2012-08-12 03:00:00,48,48.119616058423134,0,125.48344132004416,86,21,41,2012_Q3
2012-08-12 04:00:00,10,15.712683296190926,0,93.076508557811962,48,10,14,2012_Q3
2012-08-12 05:00:00,10,13.045402837611997,0,90.409228099233033,10,11,19,2012_Q3
2012-08-12 06:00:00,16,18.933341101323609,0,96.297166362944637,10,23,19,2012_Q3
2012-08-12 07:00:00,39,45.154173758817301,0,122.51799902043834,16,62,68,2012_Q3
2012-08-12 08:00:00,119,101.21262571589426,23.848800454273231,178.57645097751529,39,162,108,2012_Q3
2012-08-12 09:00:00,217,215.55812138759501,138.19429612597398,292.92194664921601,119,271,229,2012_Q3
2012-08-12 10:00:00,328,356.94239838749888,279.57857312587782,434.30622364911994,217,407,364,2012_Q3
2012-08-12 11:00:00,449,446.16393189010029,368.80010662847928,523.52775715172129,328,499,437,2012_Q3
2012-08-12 12:00:00,505,532.28821326249442,454.92438800087336,609.65203852411548,449,546,491,2012_Q3
2012-08-12 13:00:00,543,530.61589939128839,453.25207412966734,607.97972465290945,505,569,523,2012_Q3
2012-08-12 14:00:00,579,499.28022301994901,421.916397758328,576.64404828157001,543,538,526,2012_Q3
2012-08-12 15:00:00,577,504.46701341683502,427.10318815521396,581.83083867845608,579,562,450,2012_Q3
2012-08-12 16:00:00,513,518.77743772606698,441.41361246444592,596.14126298768804,577,531,421,2012_Q3
2012-08-12 17:00:00,505,464.28168382298531,386.91785856136426,541.64550908460637,513,512,382,2012_Q3
2012-08-12 18:00:00,491,477.70482275580065,400.34099749417965,555.06864801742165,505,300,229,2012_Q3
2012-08-12 19:00:00,465,383.07737352337352,305.71354826175252,460.44119878499453,491,275,185,2012_Q3
2012-08-12 20:00:00,300,318.42902652493763,241.0652012633166,395.79285178655869,465,160,193,2012_Q3
2012-08-12 21:00:00,220,228.61447681513323,151.2506515535122,305.97830207675429,300,128,208,2012_Q3
2012-08-12 22:00:00,181,161.63175307144704,84.267927809826006,238.99557833306807,220,168,157,2012_Q3
2012-08-12 23:00:00,110,112.79733044104655,35.433505179425524,190.1611557026676,181,163,87,2012_Q3
2012-08-13 00:00:00,47,51.713275696883819,0,129.07710095850484,110,120,33,2012_Q3
2012-08-13 01:00:00,14,19.972781745752965,0,97.336607007373999,47,113,11,2012_Q3
2012-08-13 02:00:00,9,9.009814320476492,0,86.373639582097525,14,86,5,2012_Q3
2012-08-13 03:00:00,6,5.2164090728296681,0,82.580234334450694,9,48,5,2012_Q3
2012-08-13 04:00:00,11,6.8096845721295898,0,84.173509833750614,6,10,11,2012_Q3
2012-08-13 05:00:00,36,27.20384853821114,0,104.56767379983216,11,10,25,2012_Q3
2012-08-13 06:00:00,159,127.94081392994903,50.576988668327999,205.30463919157006,36,16,141,2012_Q3
2012-08-13 07:00:00,436,399.2617927593588,321.8979674977378,476.6256180209798,159,39,407,2012_Q3
2012-08-13 08:00:00,673,663.47900402794517,586.11517876632411,740.84282928956623,436,119,605,2012_Q3
2012-08-13 09:00:00,305,294.49868500143612,217.13485973981508,371.86251026305717,673,217,276,2012_Q3
2012-08-13 10:00:00,199,217.48771119323112,140.12388593161009,294.85153645485218,305,328,213,2012_Q3
2012-08-13 11:00:00,245,219.48346146511159,142.11963620349056,296.84728672673259,199,449,260,2012_Q3
2012-08-13 12:00:00,276,288.74559876652086,211.38177350489983,366.10942402814192,245,505,285,2012_Q3
2012-08-13 13:00:00,254,304.73042913723748,227.36660387561645,382.09425439885854,276,543,289,2012_Q3
2012-08-13 14:00:00,248,225.50970740999074,148.14588214836971,302.87353267161177,254,579,287,2012_Q3
2012-08-13 15:00:00,274,275.62442658330468,198.26060132168365,352.98825184492568,248,577,274,2012_Q3
2012-08-13 16:00:00,464,453.63917275615859,376.27534749453753,531.00299801777965,274,513,451,2012_Q3
2012-08-13 17:00:00,818,703.95330930197167,626.58948404035061,781.31713456359273,464,505,858,2012_Q3
2012-08-13 18:00:00,812,737.28126578938327,659.91744052776221,814.64509105100433,818,491,843,2012_Q3
2012-08-13 19:00:00,555,582.07046541320472,504.70664015158366,659.43429067482577,812,465,640,2012_Q3
2012-08-13 20:00:00,432,433.79576112170724,356.43193586008624,511.15958638332825,555,300,457,2012_Q3
2012-08-13 21:00:00,290,325.09619614865886,247.73237088703783,402.46002141027986,432,220,317,2012_Q3
2012-08-13 22:00:00,192,212.50819209738211,135.14436683576108,289.87201735900317,290,181,207,2012_Q3
2012-08-13 23:00:00,128,108.5972166858312,31.233391424210168,185.96104194745223,192,110,113,2012_Q3
2012-08-14 00:00:00,60,59.343863247110576,0,136.70768850873162,128,47,47,2012_Q3
2012-08-14 01:00:00,27,24.474500854224328,0,101.83832611584536,60,14,18,2012_Q3
2012-08-14 02:00:00,11,14.420856538756196,0,91.784681800377228,27,9,13,2012_Q3
2012-08-14 03:00:00,3,6.6578810503295243,0,84.021706311950553,11,6,6,2012_Q3
2012-08-14 04:00:00,5,5.8732836999001217,0,83.237108961521159,3,11,9,2012_Q3
2012-08-14 05:00:00,36,33.199884794146463,0,110.5637100557675,5,36,36,2012_Q3
2012-08-14 06:00:00,64,149.39087504498889,72.027049783367858,226.75470030660992,36,159,179,2012_Q3
2012-08-14 07:00:00,179,221.48675127637725,144.12292601475622,298.85057653799828,64,436,502,2012_Q3
2012-08-14 08:00:00,618,494.39446730842286,417.03064204680186,571.75829257004386,179,673,705,2012_Q3
2012-08-14 09:00:00,402,335.7461353639776,258.38231010235654,413.10996062559866,618,305,327,2012_Q3
2012-08-14 10:00:00,208,276.89342609469975,199.52960083307872,354.25725135632081,402,199,250,2012_Q3
2012-08-14 11:00:00,196,233.74370816666251,156.37988290504148,311.10753342828355,208,245,214,2012_Q3
2012-08-14 12:00:00,300,259.84452013691185,182.48069487529082,337.20834539853286,196,276,283,2012_Q3
2012-08-14 13:00:00,286,289.59340437299937,212.22957911137834,366.95722963462038,300,254,253,2012_Q3
2012-08-14 14:00:00,255,257.12057529403063,179.7567500324096,334.48440055565163,286,248,261,2012_Q3
2012-08-14 15:00:00,283,295.28312849325584,217.91930323163481,372.6469537548769,255,274,306,2012_Q3
2012-08-14 16:00:00,458,427.35529077703967,349.99146551541867,504.71911603866067,283,464,445,2012_Q3
2012-08-14 17:00:00,812,778.51510359574411,701.15127833412305,855.87892885736517,458,818,868,2012_Q3
2012-08-14 18:00:00,854,594.25289086323357,516.88906560161251,671.61671612485463,812,812,814,2012_Q3
2012-08-14 19:00:00,627,591.59540168185811,514.23157642023705,668.95922694347917,854,555,610,2012_Q3
2012-08-14 20:00:00,436,457.3767076822997,380.01288242067869,534.7405329439207,627,432,448,2012_Q3
2012-08-14 21:00:00,308,333.63194494568262,256.26811968406162,410.99577020730362,436,290,317,2012_Q3
2012-08-14 22:00:00,189,232.84870390839549,155.48487864677446,310.21252917001652,308,192,224,2012_Q3
2012-08-14 23:00:00,167,114.06640324087554,36.702577979254514,191.43022850249656,189,128,138,2012_Q3
2012-08-15 00:00:00,60,83.416915896375244,6.0530906347542128,160.78074115799626,167,60,58,2012_Q3
2012-08-15 01:00:00,37,29.12874691308086,0,106.49257217470189,60,27,23,2012_Q3
2012-08-15 02:00:00,8,14.829019079630219,0,92.192844341251245,37,11,6,2012_Q3
2012-08-15 03:00:00,11,6.809322560585322,0,84.173147822206346,8,3,7,2012_Q3
2012-08-15 04:00:00,4,6.3397853872805152,0,83.703610648901545,11,5,7,2012_Q3
2012-08-15 05:00:00,39,35.357471044868035,0,112.72129630648907,4,36,43,2012_Q3
2012-08-15 06:00:00,172,159.29654721137686,81.93272194975583,236.66037247299789,39,64,173,2012_Q3
2012-08-15 07:00:00,492,535.45559523875295,458.09176997713189,612.81942050037401,172,179,482,2012_Q3
2012-08-15 08:00:00,682,625.74223292255738,548.37840766093632,703.10605818417844,492,618,737,2012_Q3
2012-08-15 09:00:00,367,379.47801992128836,302.11419465966731,456.84184518290942,682,402,341,2012_Q3
2012-08-15 10:00:00,233,218.09449546893651,140.73067020731548,295.45832073055755,367,208,214,2012_Q3
2012-08-15 11:00:00,235,261.72577866158474,184.36195339996371,339.0896039232058,233,196,239,2012_Q3
2012-08-15 12:00:00,307,260.79494970144026,183.43112443981923,338.15877496306132,235,300,280,2012_Q3
2012-08-15 13:00:00,294,325.92327911346808,248.55945385184705,403.28710437508914,307,286,313,2012_Q3
2012-08-15 14:00:00,255,255.26152315731568,177.89769789569465,332.62534841893671,294,255,236,2012_Q3
2012-08-15 15:00:00,266,286.07017396864774,208.70634870702671,363.4339992302688,255,283,278,2012_Q3
2012-08-15 16:00:00,431,438.96291690544115,361.59909164382009,516.32674216706221,266,458,441,2012_Q3
2012-08-15 17:00:00,851,783.34511992165199,705.98129466003093,860.70894518327304,431,812,858,2012_Q3
2012-08-15 18:00:00,848,781.91616121304241,704.55233595142136,859.27998647466347,851,854,862,2012_Q3
2012-08-15 19:00:00,649,635.18804465631354,557.82421939469248,712.5518699179346,848,627,686,2012_Q3
2012-08-15 20:00:00,427,459.06402210146052,381.70019683983946,536.42784736308158,649,436,500,2012_Q3
2012-08-15 21:00:00,315,349.77881211339229,272.41498685177123,427.14263737501335,427,308,381,2012_Q3
2012-08-15 22:00:00,226,249.0826384901215,171.71881322850047,326.4464637517425,315,189,233,2012_Q3
2012-08-15 23:00:00,138,143.3322431991115,65.968417937490472,220.69606846073253,226,167,136,2012_Q3
2012-08-16 00:00:00,76,75.304735496682881,0,152.6685607583039,138,60,67,2012_Q3
2012-08-16 01:00:00,21,38.887318697266089,0,116.25114395888713,76,37,28,2012_Q3
2012-08-16 02:00:00,15,14.858099244052237,0,92.221924505673272,21,8,14,2012_Q3
2012-08-16 03:00:00,4,7.6189655862876764,0,84.982790847908703,15,11,6,2012_Q3
2012-08-16 04:00:00,5,6.7547431336482617,0,84.118568395269293,4,4,10,2012_Q3
2012-08-16 05:00:00,37,35.519337603230959,0,112.88316286485198,5,39,41,2012_Q3
2012-08-16 06:00:00,165,164.2360926825277,86.872267420906667,241.59991794414873,37,172,167,2012_Q3
2012-08-16 07:00:00,464,495.21998609236437,417.85616083074331,572.58381135398542,165,492,475,2012_Q3
2012-08-16 08:00:00,682,719.85671539869395,642.49289013707289,797.22054066031501,464,682,698,2012_Q3
2012-08-16 09:00:00,337,426.66142161953576,349.2975963579147,504.02524688115682,682,367,353,2012_Q3
2012-08-16 10:00:00,199,209.66123661878257,132.29741135716154,287.0250618804036,337,233,205,2012_Q3
2012-08-16 11:00:00,274,237.51102510932719,160.14719984770616,314.87485037094825,199,235,260,2012_Q3
2012-08-16 12:00:00,343,327.3635538893796,249.99972862775857,404.7273791510006,274,307,277,2012_Q3
2012-08-16 13:00:00,300,318.29279856781801,240.92897330619698,395.65662382943901,343,294,281,2012_Q3
2012-08-16 14:00:00,248,276.48734710667571,199.12352184505468,353.85117236829672,300,255,247,2012_Q3
2012-08-16 15:00:00,260,269.74451104523706,192.38068578361603,347.10833630685806,248,266,267,2012_Q3
2012-08-16 16:00:00,419,427.45642299892751,350.09259773730651,504.82024826054851,260,431,417,2012_Q3
2012-08-16 17:00:00,897,781.01139520411107,703.64756994249001,858.37522046573213,419,851,810,2012_Q3
2012-08-16 18:00:00,832,785.51697556687827,708.15315030525721,862.88080082849933,897,848,811,2012_Q3
2012-08-16 19:00:00,677,647.69988789283366,570.3360626312126,725.06371315445472,832,649,623,2012_Q3
2012-08-16 20:00:00,514,479.53233715424659,402.16851189262559,556.89616241586759,677,427,478,2012_Q3
2012-08-16 21:00:00,356,365.96166621223261,288.59784095061161,443.32549147385362,514,315,336,2012_Q3
2012-08-16 22:00:00,254,287.53718779837453,210.1733625367535,364.90101305999553,356,226,259,2012_Q3
2012-08-16 23:00:00,226,173.87801640681894,96.514191145197913,251.24184166843997,254,138,156,2012_Q3
2012-08-17 00:00:00,88,99.400296382916778,22.036471121295747,176.76412164453779,226,76,85,2012_Q3
2012-08-17 01:00:00,54,48.27766460047102,0,125.64148986209204,88,21,41,2012_Q3
2012-08-17 02:00:00,19,25.522112409057137,0,102.88593767067817,54,15,20,2012_Q3
2012-08-17 03:00:00,6,8.7949309546509706,0,86.158756216271996,19,4,9,2012_Q3
2012-08-17 04:00:00,9,5.4702448058971544,0,82.834070067518184,6,5,7,2012_Q3
2012-08-17 05:00:00,36,27.785614505381474,0,105.14943976700251,9,37,33,2012_Q3
2012-08-17 06:00:00,157,124.96378314081207,47.599957879191038,202.3276084024331,36,165,44,2012_Q3
2012-08-17 07:00:00,379,364.57809411258108,287.21426885096002,441.94191937420214,157,464,133,2012_Q3
2012-08-17 08:00:00,668,524.07475896492303,446.71093370330198,601.43858422654409,379,682,119,2012_Q3
2012-08-17 09:00:00,378,369.58179033280891,292.2179650711879,446.94561559442991,668,337,220,2012_Q3
2012-08-17 10:00:00,231,220.20288291250145,142.83905765088042,297.56670817412248,378,199,193,2012_Q3
2012-08-17 11:00:00,303,258.05771632513665,180.69389106351562,335.42154158675771,231,274,251,2012_Q3
2012-08-17 12:00:00,365,340.15986865332997,262.79604339170896,417.52369391495097,303,343,315,2012_Q3
2012-08-17 13:00:00,357,351.40078842124711,274.03696315962611,428.76461368286812,365,300,290,2012_Q3
2012-08-17 14:00:00,328,317.09652520350994,239.73269994188891,394.460350465131,357,248,307,2012_Q3
2012-08-17 15:00:00,383,326.58347118601358,249.21964592439255,403.94729644763459,328,260,324,2012_Q3
2012-08-17 16:00:00,488,463.05950336700022,385.69567810537922,540.42332862862122,383,419,467,2012_Q3
2012-08-17 17:00:00,791,587.32210282611834,509.95827756449728,664.6859280877394,488,897,730,2012_Q3
2012-08-17 18:00:00,669,671.86313303728537,594.49930777566431,749.22695829890642,791,832,640,2012_Q3
2012-08-17 19:00:00,491,426.90758701117994,349.54376174955894,504.27141227280094,669,677,492,2012_Q3
2012-08-17 20:00:00,359,305.24938606853874,227.88556080691771,382.61321133015974,491,514,370,2012_Q3
2012-08-17 21:00:00,255,275.50210085136996,198.13827558974893,352.86592611299102,359,356,286,2012_Q3
2012-08-17 22:00:00,213,216.30090747682556,138.93708221520453,293.66473273844656,255,254,218,2012_Q3
2012-08-17 23:00:00,121,148.5929980031834,71.229172741562365,225.95682326480443,213,226,192,2012_Q3
2012-08-18 00:00:00,105,106.18626028539386,28.822435023772826,183.55008554701487,121,88,180,2012_Q3
2012-08-18 01:00:00,92,85.741820661150072,8.3779953995290413,163.10564592277109,105,54,116,2012_Q3
2012-08-18 02:00:00,43,60.435353663258681,0,137.7991789248797,92,19,85,2012_Q3
2012-08-18 03:00:00,30,18.503439654891192,0,95.867264916512227,43,6,21,2012_Q3
2012-08-18 04:00:00,13,9.1651964738276401,0,86.529021735448666,30,9,10,2012_Q3
2012-08-18 05:00:00,9,12.033169398273742,0,89.396994659894773,13,36,11,2012_Q3
2012-08-18 06:00:00,27,25.781872373186957,0,103.14569763480799,9,157,23,2012_Q3
2012-08-18 07:00:00,64,67.785563229327252,0,145.1493884909483,27,379,62,2012_Q3
2012-08-18 08:00:00,189,150.89303080771484,73.529205546093806,228.25685606933587,64,668,162,2012_Q3
2012-08-18 09:00:00,292,294.90841470443786,217.54458944281683,372.27223996605892,189,378,271,2012_Q3
2012-08-18 10:00:00,480,396.79315760461157,319.42933234299051,474.15698286623262,292,231,407,2012_Q3
2012-08-18 11:00:00,536,480.92422647566013,403.56040121403908,558.28805173728119,480,303,499,2012_Q3
2012-08-18 12:00:00,654,552.01532232697502,474.65149706535396,629.37914758859608,536,365,546,2012_Q3
2012-08-18 13:00:00,644,601.67088211353246,524.3070568519114,679.03470737515352,654,357,569,2012_Q3
2012-08-18 14:00:00,598,598.78243736791353,521.41861210629247,676.14626262953459,644,328,538,2012_Q3
2012-08-18 15:00:00,596,576.49939745245422,499.13557219083316,653.86322271407528,598,383,562,2012_Q3
2012-08-18 16:00:00,641,560.45514226680245,483.09131700518139,637.81896752842351,596,488,531,2012_Q3
2012-08-18 17:00:00,635,591.20898727689905,513.84516201527799,668.57281253852011,641,791,512,2012_Q3
2012-08-18 18:00:00,554,619.43896975719542,542.07514449557436,696.80279501881648,635,669,300,2012_Q3
2012-08-18 19:00:00,488,478.08492147917093,400.72109621754987,555.44874674079199,554,491,275,2012_Q3
2012-08-18 20:00:00,341,333.57127394314642,256.20744868152542,410.93509920476743,488,359,160,2012_Q3
2012-08-18 21:00:00,338,290.54531992962455,213.18149466800352,367.90914519124556,341,255,128,2012_Q3
2012-08-18 22:00:00,261,286.32537674671948,208.96155148509845,363.68920200834054,338,213,168,2012_Q3
2012-08-18 23:00:00,235,192.77871420634585,115.41488894472482,270.14253946796691,261,121,163,2012_Q3
2012-08-19 00:00:00,187,144.09385746265636,66.730032201035328,221.45768272427739,235,105,120,2012_Q3
2012-08-19 01:00:00,131,119.20856637028891,41.844741108667876,196.57239163190994,187,92,113,2012_Q3
2012-08-19 02:00:00,119,82.445527779397196,5.081702517776165,159.80935304101823,131,43,86,2012_Q3
2012-08-19 03:00:00,55,55.92584660175217,0,133.2896718633732,119,30,48,2012_Q3
2012-08-19 04:00:00,26,13.899644426616703,0,91.263469688237734,55,13,10,2012_Q3
2012-08-19 05:00:00,11,9.3316241669354341,0,86.695449428556458,26,9,10,2012_Q3
2012-08-19 06:00:00,20,20.338227125071842,0,97.70205238669287,11,27,16,2012_Q3
2012-08-19 07:00:00,41,48.372058127402198,0,125.73588338902323,20,64,39,2012_Q3
2012-08-19 08:00:00,124,101.14619993349025,23.782374671869221,178.51002519511127,41,189,119,2012_Q3
2012-08-19 09:00:00,270,198.1111656111602,120.74734034953917,275.47499087278123,124,292,217,2012_Q3
2012-08-19 10:00:00,425,385.65252541234503,308.28870015072403,463.01635067396603,270,480,328,2012_Q3
2012-08-19 11:00:00,272,438.34034732956553,360.97652206794453,515.70417259118653,425,536,449,2012_Q3
2012-08-19 12:00:00,298,278.49227202129998,201.12844675967895,355.85609728292104,272,654,505,2012_Q3
2012-08-19 13:00:00,162,346.32802818779373,268.96420292617267,423.69185344941479,298,644,543,2012_Q3
2012-08-19 14:00:00,149,189.23708375437502,111.87325849275399,266.60090901599608,162,598,579,2012_Q3
2012-08-19 15:00:00,276,186.79686689802128,109.43304163640025,264.16069215964228,149,596,577,2012_Q3
2012-08-19 16:00:00,356,389.94889647773755,312.58507121611649,467.31272173935861,276,641,513,2012_Q3
2012-08-19 17:00:00,343,452.68210793285601,375.31828267123501,530.04593319447702,356,635,505,2012_Q3
2012-08-19 18:00:00,377,336.48714516336599,259.12331990174494,413.85097042498705,343,554,491,2012_Q3
2012-08-19 19:00:00,341,306.08125892594563,228.7174336643246,383.44508418756664,377,488,465,2012_Q3
2012-08-19 20:00:00,274,269.3810326752976,192.01720741367657,346.74485793691861,341,341,300,2012_Q3
2012-08-19 21:00:00,190,223.29450653522289,145.93068127360186,300.65833179684392,274,338,220,2012_Q3
2012-08-19 22:00:00,56,123.25912659865295,45.895301337031924,200.62295186027399,190,261,181,2012_Q3
2012-08-19 23:00:00,46,52.853308596678929,0,130.21713385829997,56,235,110,2012_Q3
2012-08-20 00:00:00,26,27.904104809243009,0,105.26793007086404,46,187,47,2012_Q3
2012-08-20 01:00:00,10,13.319144741753018,0,90.682970003374052,26,131,14,2012_Q3
2012-08-20 02:00:00,5,6.7780508104271018,0,84.141876072048134,10,119,9,2012_Q3
2012-08-20 03:00:00,3,4.3113033476956044,0,81.67512860931663,5,55,6,2012_Q3
2012-08-20 04:00:00,7,6.6523721010400987,0,84.016197362661131,3,26,11,2012_Q3
2012-08-20 05:00:00,37,28.331753834726534,0,105.69557909634756,7,11,36,2012_Q3
2012-08-20 06:00:00,161,134.03759914331411,56.67377388169308,211.40142440493514,37,20,159,2012_Q3
2012-08-20 07:00:00,442,371.82439924254265,294.46057398092159,449.18822450416371,161,41,436,2012_Q3
2012-08-20 08:00:00,655,586.62216661111756,509.2583413494965,663.98599187273862,442,124,673,2012_Q3
2012-08-20 09:00:00,357,313.33734806101546,235.97352279939443,390.70117332263646,655,270,305,2012_Q3
2012-08-20 10:00:00,193,283.54966335103654,206.18583808941551,360.9134886126576,357,425,199,2012_Q3
2012-08-20 11:00:00,241,210.92406567719345,133.56024041557242,288.28789093881448,193,272,245,2012_Q3
2012-08-20 12:00:00,282,282.54552827995394,205.18170301833291,359.909353541575,241,298,276,2012_Q3
2012-08-20 13:00:00,291,238.49378841818813,161.1299631565671,315.85761367980916,282,162,254,2012_Q3
2012-08-20 14:00:00,275,238.5791128618869,161.21528760026587,315.94293812350793,291,149,248,2012_Q3
2012-08-20 15:00:00,309,296.06711052426448,218.70328526264345,373.43093578588548,275,276,274,2012_Q3
2012-08-20 16:00:00,460,442.06771527859962,364.70389001697856,519.43154054022068,309,356,464,2012_Q3
2012-08-20 17:00:00,893,704.47646620225714,627.11264094063608,781.8402914638782,460,343,818,2012_Q3
2012-08-20 18:00:00,815,747.45115668437029,670.08733142274923,824.81498194599135,893,377,812,2012_Q3
2012-08-20 19:00:00,299,491.3167583571464,413.9529330955254,568.6805836187674,815,341,555,2012_Q3
2012-08-20 20:00:00,261,284.43903057602461,207.07520531440358,361.80285583764567,299,274,432,2012_Q3
2012-08-20 21:00:00,245,209.03088266006438,131.66705739844335,286.39470792168538,261,190,290,2012_Q3
2012-08-20 22:00:00,161,181.82864006607088,104.46481480444984,259.19246532769193,245,56,192,2012_Q3
2012-08-20 23:00:00,102,90.677831221681359,13.314005960060328,168.0416564833024,161,46,128,2012_Q3
2012-08-21 00:00:00,59,45.869271510346415,0,123.23309677196744,102,26,60,2012_Q3
2012-08-21 01:00:00,33,25.83049583495853,0,103.19432109657956,59,10,27,2012_Q3
2012-08-21 02:00:00,8,12.811850940309364,0,90.175676201930401,33,5,11,2012_Q3
2012-08-21 03:00:00,3,5.5741917694045675,0,82.938017031025595,8,3,3,2012_Q3
2012-08-21 04:00:00,4,5.772969805049617,0,83.136795066670643,3,7,5,2012_Q3
2012-08-21 05:00:00,34,31.846383675393792,0,109.21020893701483,4,37,36,2012_Q3
2012-08-21 06:00:00,169,129.02147133849974,51.657646076878706,206.38529660012077,34,161,64,2012_Q3
2012-08-21 07:00:00,519,409.66282186366084,332.29899660203978,487.0266471252819,169,442,179,2012_Q3
2012-08-21 08:00:00,723,683.63185156794987,606.26802630632881,760.99567682957093,519,655,618,2012_Q3
2012-08-21 09:00:00,328,386.35628740991501,308.99246214829395,463.72011267153607,723,357,402,2012_Q3
2012-08-21 10:00:00,178,210.30703184234056,132.94320658071953,287.67085710396157,328,193,208,2012_Q3
2012-08-21 11:00:00,256,219.18184583133552,141.81802056971449,296.54567109295658,178,241,196,2012_Q3
2012-08-21 12:00:00,305,312.39353943664582,235.02971417502479,389.75736469826688,256,282,300,2012_Q3
2012-08-21 13:00:00,331,296.98959181296738,219.62576655134635,374.35341707458838,305,291,286,2012_Q3
2012-08-21 14:00:00,302,278.79852093509646,201.43469567347543,356.16234619671752,331,275,255,2012_Q3
2012-08-21 15:00:00,302,324.68396000608402,247.32013474446299,402.04778526770508,302,309,283,2012_Q3
2012-08-21 16:00:00,467,490.12276893582163,412.75894367420062,567.48659419744263,302,460,458,2012_Q3
2012-08-21 17:00:00,878,774.21238676912515,696.84856150750409,851.57621203074621,467,893,812,2012_Q3
2012-08-21 18:00:00,625,780.44059696595764,703.07677170433658,857.8044222275787,878,815,854,2012_Q3
2012-08-21 19:00:00,476,597.9137883981673,520.54996313654624,675.27761365978836,625,299,627,2012_Q3
2012-08-21 20:00:00,358,333.63803144949145,256.27420618787039,411.00185671111251,476,261,436,2012_Q3
2012-08-21 21:00:00,280,308.78941983278497,231.42559457116394,386.15324509440597,358,245,308,2012_Q3
2012-08-21 22:00:00,232,202.30484419456528,124.94101893294425,279.66866945618631,280,161,189,2012_Q3
2012-08-21 23:00:00,136,149.76835284849832,72.404527586877293,227.13217811011936,232,102,167,2012_Q3
2012-08-22 00:00:00,55,69.772846680092258,0,147.1366719417133,136,59,60,2012_Q3
2012-08-22 01:00:00,21,30.519747740218488,0,107.88357300183952,55,33,37,2012_Q3
2012-08-22 02:00:00,17,11.582200983602045,0,88.946026245223081,21,8,8,2012_Q3
2012-08-22 03:00:00,7,8.5353095508215837,0,85.899134812442611,17,3,11,2012_Q3
2012-08-22 04:00:00,8,5.1889322139044483,0,82.552757475525482,7,4,4,2012_Q3
2012-08-22 05:00:00,40,32.343077708512617,0,109.70690297013365,8,34,39,2012_Q3
2012-08-22 06:00:00,187,150.51548493688978,73.151659675268746,227.87931019851081,40,169,172,2012_Q3
2012-08-22 07:00:00,553,509.36991344747014,432.00608818584908,586.7337387090912,187,519,492,2012_Q3
2012-08-22 08:00:00,740,650.75419048765673,573.39036522603567,728.11801574927779,553,723,682,2012_Q3
2012-08-22 09:00:00,376,389.88533546999685,312.52151020837584,467.24916073161785,740,328,367,2012_Q3
2012-08-22 10:00:00,225,238.37111766262777,161.00729240100674,315.7349429242488,376,178,233,2012_Q3
2012-08-22 11:00:00,267,240.02703135879864,162.66320609717761,317.39085662041964,225,256,235,2012_Q3
2012-08-22 12:00:00,312,318.71166373039455,241.34783846877352,396.07548899201561,267,305,307,2012_Q3
2012-08-22 13:00:00,316,292.58114209747998,215.21731683585895,369.94496735910104,312,331,294,2012_Q3
2012-08-22 14:00:00,266,272.64499539891204,195.28117013729101,350.00882066053305,316,302,255,2012_Q3
2012-08-22 15:00:00,316,286.19323614131741,208.82941087969638,363.55706140293842,266,302,266,2012_Q3
2012-08-22 16:00:00,460,461.92902434800089,384.56519908637983,539.29284960962195,316,467,431,2012_Q3
2012-08-22 17:00:00,783,526.12815078382926,448.7643255222082,603.49197604545031,460,878,851,2012_Q3
2012-08-22 18:00:00,683,555.55427497854191,478.19044971692085,632.91810024016297,783,625,848,2012_Q3
2012-08-22 19:00:00,580,429.81603617090974,352.45221090928874,507.17986143253074,683,476,649,2012_Q3
2012-08-22 20:00:00,391,401.30775522134667,323.94392995972566,478.67158048296767,580,358,427,2012_Q3
2012-08-22 21:00:00,351,315.56873428374928,238.20490902212825,392.93255954537028,391,280,315,2012_Q3
2012-08-22 22:00:00,281,261.01431943258365,183.65049417096262,338.37814469420471,351,232,226,2012_Q3
2012-08-22 23:00:00,140,172.21608313897241,94.852257877351377,249.57990840059344,281,136,138,2012_Q3
2012-08-23 00:00:00,60,75.199717971680656,0,152.56354323330169,140,55,76,2012_Q3
2012-08-23 01:00:00,25,28.784354169769717,0,106.14817943139074,60,21,21,2012_Q3
2012-08-23 02:00:00,20,15.827002759590671,0,93.190828021211701,25,17,15,2012_Q3
2012-08-23 03:00:00,9,9.988430320480477,0,87.352255582101506,20,7,4,2012_Q3
2012-08-23 04:00:00,6,7.1968353116576056,0,84.560660573278639,9,8,5,2012_Q3
2012-08-23 05:00:00,37,33.240295411686532,0,110.60412067330756,6,40,37,2012_Q3
2012-08-23 06:00:00,192,160.50092704906959,83.137101787448557,237.86475231069062,37,187,165,2012_Q3
2012-08-23 07:00:00,481,487.9621953207556,410.5983700591346,565.3260205823766,192,553,464,2012_Q3
2012-08-23 08:00:00,707,626.49952812893957,549.13570286731851,703.86335339056063,481,740,682,2012_Q3
2012-08-23 09:00:00,412,357.96500223145478,280.60117696983377,435.32882749307578,707,376,337,2012_Q3
2012-08-23 10:00:00,233,228.36084199910238,150.99701673748135,305.72466726072344,412,225,199,2012_Q3
2012-08-23 11:00:00,278,261.44683573489419,184.08301047327316,338.81066099651525,233,267,274,2012_Q3
2012-08-23 12:00:00,332,321.87168992409158,244.50786466247055,399.23551518571264,278,312,343,2012_Q3
2012-08-23 13:00:00,346,313.24429567009554,235.88047040847451,390.6081209317166,332,316,300,2012_Q3
2012-08-23 14:00:00,305,292.10101144265627,214.73718618103524,369.46483670427733,346,266,248,2012_Q3
2012-08-23 15:00:00,305,324.46100870196136,247.09718344034033,401.82483396358236,305,316,260,2012_Q3
2012-08-23 16:00:00,465,475.82818702946463,398.46436176784357,553.19201229108569,305,460,419,2012_Q3
2012-08-23 17:00:00,820,738.47467624274168,661.11085098112062,815.83850150436274,465,783,897,2012_Q3
2012-08-23 18:00:00,941,783.71305537371882,706.34923011209776,861.07688063533988,820,683,832,2012_Q3
2012-08-23 19:00:00,633,594.44232193232619,517.07849667070514,671.80614719394725,941,580,677,2012_Q3
2012-08-23 20:00:00,474,480.13743614041636,402.77361087879535,557.50126140203736,633,391,514,2012_Q3
2012-08-23 21:00:00,329,355.55837395185932,278.19454869023832,432.92219921348033,474,351,356,2012_Q3
2012-08-23 22:00:00,198,260.76402330801153,183.4001980463905,338.12784856963253,329,281,254,2012_Q3
2012-08-23 23:00:00,157,163.52292521115015,86.159099949529121,240.88675047277118,198,140,226,2012_Q3
2012-08-24 00:00:00,111,86.656062949852171,9.2922376882311397,164.01988821147319,157,60,88,2012_Q3
2012-08-24 01:00:00,42,57.749411960379504,0,135.11323722200052,111,25,54,2012_Q3
2012-08-24 02:00:00,16,25.270931206791293,0,102.63475646841232,42,20,19,2012_Q3
2012-08-24 03:00:00,8,8.946312600348362,0,86.310137861969395,16,9,6,2012_Q3
2012-08-24 04:00:00,8,6.1253333650770134,0,83.489158626698043,8,6,9,2012_Q3
2012-08-24 05:00:00,38,32.985838249259764,0,110.34966351088079,8,37,36,2012_Q3
2012-08-24 06:00:00,151,161.81706731687902,84.453242055257988,239.18089257850005,38,192,157,2012_Q3
2012-08-24 07:00:00,425,471.30320539276278,393.93938013114177,548.66703065438378,151,481,379,2012_Q3
2012-08-24 08:00:00,744,634.18926883147549,556.82544356985443,711.55309409309655,425,707,668,2012_Q3
2012-08-24 09:00:00,389,452.23271428610235,374.86888902448129,529.59653954772341,744,412,378,2012_Q3
2012-08-24 10:00:00,262,230.8239338832808,153.46010862165977,308.18775914490186,389,233,231,2012_Q3
2012-08-24 11:00:00,281,319.35538615975094,241.9915608981299,396.71921142137194,262,278,303,2012_Q3
2012-08-24 12:00:00,371,324.81051535459602,247.44669009297499,402.17434061621702,281,332,365,2012_Q3
2012-08-24 13:00:00,351,356.69645676602545,279.33263150440439,434.06028202764651,371,346,357,2012_Q3
2012-08-24 14:00:00,338,317.9857490533613,240.62192379174027,395.34957431498231,351,305,328,2012_Q3
2012-08-24 15:00:00,350,377.45949669175246,300.09567143013146,454.82332195337347,338,305,383,2012_Q3
2012-08-24 16:00:00,515,472.18756179188546,394.82373653026445,549.55138705350646,350,465,488,2012_Q3
2012-08-24 17:00:00,812,627.88876278829684,550.52493752667579,705.2525880499179,515,820,791,2012_Q3
2012-08-24 18:00:00,736,646.52702500376358,569.16319974214252,723.89085026538464,812,941,669,2012_Q3
2012-08-24 19:00:00,536,458.434107265031,381.07028200340994,535.79793252665206,736,633,491,2012_Q3
2012-08-24 20:00:00,363,384.2302701945253,306.8664449329043,461.59409545614631,536,474,359,2012_Q3
2012-08-24 21:00:00,306,293.90607213155556,216.54224686993453,371.26989739317662,363,329,255,2012_Q3
2012-08-24 22:00:00,251,247.58311246447437,170.21928720285334,324.94693772609537,306,198,213,2012_Q3
2012-08-24 23:00:00,178,180.59991567204693,103.2360904104259,257.96374093366796,251,157,121,2012_Q3
2012-08-25 00:00:00,135,135.89595977581664,58.532134514195604,213.25978503743767,178,111,105,2012_Q3
2012-08-25 01:00:00,115,92.190565328364528,14.826740066743497,169.55439058998556,135,42,92,2012_Q3
2012-08-25 02:00:00,79,70.883815560240862,0,148.24764082186189,115,16,43,2012_Q3
2012-08-25 03:00:00,38,35.710447255902928,0,113.07427251752395,79,8,30,2012_Q3
2012-08-25 04:00:00,12,11.978837529647972,0,89.342662791269007,38,8,13,2012_Q3
2012-08-25 05:00:00,14,10.923585509411957,0,88.287410771032995,12,38,9,2012_Q3
2012-08-25 06:00:00,30,39.241975054166431,0,116.60580031578746,14,151,27,2012_Q3
2012-08-25 07:00:00,102,76.056176238873363,0,153.42000150049438,30,425,64,2012_Q3
2012-08-25 08:00:00,162,244.21371219271637,166.84988693109534,321.5775374543374,102,744,189,2012_Q3
2012-08-25 09:00:00,288,300.24939272854652,222.88556746692549,377.61321799016753,162,389,292,2012_Q3
2012-08-25 10:00:00,442,423.46411024829757,346.10028498667657,500.82793550991858,288,262,480,2012_Q3
2012-08-25 11:00:00,457,489.57318319870535,412.20935793708429,566.93700846032641,442,281,536,2012_Q3
2012-08-25 12:00:00,584,505.89319070243499,428.52936544081399,583.257015964056,457,371,654,2012_Q3
2012-08-25 13:00:00,517,449.15114739925832,371.78732213763726,526.51497266087938,584,351,644,2012_Q3
2012-08-25 14:00:00,482,505.78371056811636,428.4198853064953,583.14753582973742,517,338,598,2012_Q3
2012-08-25 15:00:00,233,418.6958336777418,341.33200841612074,496.05965893936286,482,350,596,2012_Q3
2012-08-25 16:00:00,434,290.81943902456931,213.45561376294827,368.18326428619037,233,515,641,2012_Q3
2012-08-25 17:00:00,403,482.90480061308654,405.54097535146548,560.2686258747076,434,812,635,2012_Q3
2012-08-25 18:00:00,383,420.37013402390738,343.00630876228638,497.73395928552839,403,736,554,2012_Q3
2012-08-25 19:00:00,354,287.21831657775493,209.8544913161339,364.58214183937594,383,536,488,2012_Q3
2012-08-25 20:00:00,241,280.4287127639177,203.06488750229667,357.79253802553876,354,363,341,2012_Q3
2012-08-25 21:00:00,208,163.0427454255906,85.678920163969565,240.40657068721163,241,306,338,2012_Q3
2012-08-25 22:00:00,182,201.40784877257968,124.04402351095865,278.77167403420071,208,251,261,2012_Q3
2012-08-25 23:00:00,158,154.24609546152629,76.882270199905264,231.60992072314733,182,178,235,2012_Q3
2012-08-26 00:00:00,134,136.51179677692576,59.147971515304732,213.87562203854679,158,135,187,2012_Q3
2012-08-26 01:00:00,134,95.382665141703384,18.018839880082353,172.7464904033244,134,115,131,2012_Q3
2012-08-26 02:00:00,116,92.825726519397321,15.46190125777629,170.18955178101834,134,79,119,2012_Q3
2012-08-26 03:00:00,53,58.04454858490169,0,135.40837384652272,116,38,55,2012_Q3
2012-08-26 04:00:00,16,18.258308117881235,0,95.622133379502259,53,12,26,2012_Q3
2012-08-26 05:00:00,16,9.0486235094625247,0,86.412448771083561,16,14,11,2012_Q3
2012-08-26 06:00:00,21,33.213991097697395,0,110.57781635931843,16,30,20,2012_Q3
2012-08-26 07:00:00,34,55.633491340943117,0,132.99731660256415,21,102,41,2012_Q3
2012-08-26 08:00:00,133,106.21929222448446,28.855466962863431,183.58311748610549,34,162,124,2012_Q3
2012-08-26 09:00:00,263,237.74176801253472,160.37794275091369,315.10559327415575,133,288,270,2012_Q3
2012-08-26 10:00:00,385,401.1221326831714,323.7583074215504,478.4859579447924,263,442,425,2012_Q3
2012-08-26 11:00:00,482,395.59252793185379,318.22870267023279,472.9563531934748,385,457,272,2012_Q3
2012-08-26 12:00:00,626,522.19562650951059,444.83180124788953,599.55945177113165,482,584,298,2012_Q3
2012-08-26 13:00:00,541,535.41225563407431,458.04843037245325,612.77608089569537,626,517,162,2012_Q3
2012-08-26 14:00:00,377,462.25050903285023,384.88668377122917,539.61433429447129,541,482,149,2012_Q3
2012-08-26 15:00:00,391,427.35056962163878,349.98674436001772,504.71439488325984,377,233,276,2012_Q3
2012-08-26 16:00:00,173,329.43761858349507,252.07379332187404,406.80144384511607,391,434,356,2012_Q3
2012-08-26 17:00:00,233,138.46314368517346,61.099318423552432,215.82696894679449,173,403,343,2012_Q3
2012-08-26 18:00:00,264,264.37439432386174,187.01056906224071,341.73821958548274,233,383,377,2012_Q3
2012-08-26 19:00:00,292,274.99332574859778,197.62950048697675,352.35715101021879,264,354,341,2012_Q3
2012-08-26 20:00:00,211,219.4111827512636,142.04735748964256,296.77500801288465,292,241,274,2012_Q3
2012-08-26 21:00:00,166,161.24141327732042,83.877588015699388,238.60523853894145,211,208,190,2012_Q3
2012-08-26 22:00:00,114,140.62990891242916,63.266083650808127,217.99373417405019,166,182,56,2012_Q3
2012-08-26 23:00:00,80,77.659876775351833,0.29605151373080218,155.02370203697285,114,158,46,2012_Q3
2012-08-27 00:00:00,32,39.424867205050539,0,116.78869246667156,80,134,26,2012_Q3
2012-08-27 01:00:00,7,14.703722265899843,0,92.067547527520873,32,134,10,2012_Q3
2012-08-27 02:00:00,8,7.1571340976823059,0,84.520959359303333,7,116,5,2012_Q3
2012-08-27 03:00:00,4,4.9820450173358735,0,82.345870278956909,8,53,3,2012_Q3
2012-08-27 04:00:00,12,6.5344109815643296,0,83.898236243185366,4,16,7,2012_Q3
2012-08-27 05:00:00,36,32.545387718231424,0,109.90921297985246,12,16,37,2012_Q3
2012-08-27 06:00:00,145,147.169834603369,69.806009341747966,224.53365986499003,36,21,161,2012_Q3
2012-08-27 07:00:00,433,422.57849683598641,345.21467157436541,499.94232209760742,145,34,442,2012_Q3
2012-08-27 08:00:00,699,728.40561306074119,651.04178779912013,805.76943832236225,433,133,655,2012_Q3
2012-08-27 09:00:00,342,372.13131133557238,294.76748607395132,449.49513659719344,699,263,357,2012_Q3
2012-08-27 10:00:00,206,275.59198297736458,198.22815771574355,352.95580823898558,342,385,193,2012_Q3
2012-08-27 11:00:00,229,221.37690140726451,144.01307614564348,298.74072666888554,206,482,241,2012_Q3
2012-08-27 12:00:00,283,282.32224722654774,204.95842196492671,359.68607248816875,229,626,282,2012_Q3
2012-08-27 13:00:00,288,321.70346559357995,244.33964033195892,399.06729085520101,283,541,291,2012_Q3
2012-08-27 14:00:00,246,266.80066339438309,189.43683813276206,344.1644886560041,288,377,275,2012_Q3
2012-08-27 15:00:00,282,268.58102772640132,191.21720246478029,345.94485298802238,246,391,309,2012_Q3
2012-08-27 16:00:00,444,419.06888325624527,341.70505799462421,496.43270851786633,282,173,460,2012_Q3
2012-08-27 17:00:00,845,727.24854263151383,649.88471736989277,804.61236789313489,444,233,893,2012_Q3
2012-08-27 18:00:00,834,740.67338815344158,663.30956289182052,818.03721341506264,845,264,815,2012_Q3
2012-08-27 19:00:00,573,432.31690966733004,354.95308440570898,509.6807349289511,834,292,299,2012_Q3
2012-08-27 20:00:00,416,415.61204068912213,338.24821542750112,492.97586595074313,573,211,261,2012_Q3
2012-08-27 21:00:00,278,309.75163410253845,232.38780884091742,387.11545936415951,416,166,245,2012_Q3
2012-08-27 22:00:00,161,197.40646871859653,120.0426434569755,274.77029398021756,278,114,161,2012_Q3
2012-08-27 23:00:00,114,102.25989436652236,24.896069104901329,179.62371962814339,161,80,102,2012_Q3
2012-08-28 00:00:00,38,51.028912938095658,0,128.39273819971669,114,32,59,2012_Q3
2012-08-28 01:00:00,21,20.387109003577841,0,97.750934265198879,38,7,33,2012_Q3
2012-08-28 02:00:00,15,10.000841912683672,0,87.364667174304699,21,8,8,2012_Q3
2012-08-28 03:00:00,4,6.0501346829283902,0,83.413959944549418,15,4,3,2012_Q3
2012-08-28 04:00:00,8,6.089485841282861,0,83.453311102903896,4,12,4,2012_Q3
2012-08-28 05:00:00,42,35.071086701774227,0,112.43491196339525,8,36,34,2012_Q3
2012-08-28 06:00:00,147,154.45320405565309,77.089378794032058,231.81702931727412,42,145,169,2012_Q3
2012-08-28 07:00:00,269,526.15439979709879,448.79057453547773,603.51822505871985,147,433,519,2012_Q3
2012-08-28 08:00:00,693,506.31216644424734,428.94834118262634,583.67599170586834,269,699,723,2012_Q3
2012-08-28 09:00:00,395,353.84895897900719,276.48513371738613,431.21278424062825,693,342,328,2012_Q3
2012-08-28 10:00:00,204,220.68441296234113,143.3205877007201,298.04823822396213,395,206,178,2012_Q3
2012-08-28 11:00:00,218,229.32925500203316,151.96542974041213,306.69308026365422,204,229,256,2012_Q3
2012-08-28 12:00:00,297,273.50695202947924,196.14312676785821,350.87077729110024,218,283,305,2012_Q3
2012-08-28 13:00:00,288,288.81507611999274,211.45125085837171,366.17890138161374,297,288,331,2012_Q3
2012-08-28 14:00:00,251,264.99798823414693,187.6341629725259,342.36181349576793,288,246,302,2012_Q3
2012-08-28 15:00:00,317,269.95109410244959,192.58726884082856,347.31491936407065,251,282,302,2012_Q3
2012-08-28 16:00:00,480,490.83918803361752,413.47536277199652,568.20301329523852,317,444,467,2012_Q3
2012-08-28 17:00:00,864,749.52517930382658,672.16135404220552,826.88900456544764,480,845,878,2012_Q3
2012-08-28 18:00:00,818,771.95737023506308,694.59354497344202,849.32119549668414,864,834,625,2012_Q3
2012-08-28 19:00:00,597,556.53127511733646,479.1674498557154,633.89510037895752,818,573,476,2012_Q3
2012-08-28 20:00:00,435,462.52320095312751,385.15937569150651,539.88702621474852,597,416,358,2012_Q3
2012-08-28 21:00:00,314,331.35556867260664,253.99174341098561,408.7193939342277,435,278,280,2012_Q3
2012-08-28 22:00:00,216,241.26163751655258,163.89781225493155,318.62546277817364,314,161,232,2012_Q3
2012-08-28 23:00:00,109,130.04317061949371,52.679345357872677,207.40699588111474,216,114,136,2012_Q3
2012-08-29 00:00:00,47,54.73509421216707,0,132.0989194737881,109,38,55,2012_Q3
2012-08-29 01:00:00,14,25.470417133818064,0,102.83424239543909,47,21,21,2012_Q3
2012-08-29 02:00:00,6,11.623775339759263,0,88.987600601380294,14,15,17,2012_Q3
2012-08-29 03:00:00,9,5.3032484258128685,0,82.667073687433898,6,4,7,2012_Q3
2012-08-29 04:00:00,10,6.3733982820324062,0,83.737223543653442,9,8,8,2012_Q3
2012-08-29 05:00:00,40,37.986440971620823,0,115.35026623324185,10,42,40,2012_Q3
2012-08-29 06:00:00,181,167.11914136787271,89.755316106251684,244.48296662949375,40,147,187,2012_Q3
2012-08-29 07:00:00,554,561.20986286323387,483.84603760161281,638.57368812485493,181,269,553,2012_Q3
2012-08-29 08:00:00,808,706.40663551089926,629.0428102492782,783.77046077252032,554,693,740,2012_Q3
2012-08-29 09:00:00,348,444.28263815232947,366.91881289070841,521.64646341395053,808,395,376,2012_Q3
2012-08-29 10:00:00,178,222.06888220605759,144.70505694443656,299.4327074676786,348,204,225,2012_Q3
2012-08-29 11:00:00,253,227.99506228580597,150.63123702418494,305.358887547427,178,218,267,2012_Q3
2012-08-29 12:00:00,360,305.31059333984103,227.94676807822,382.67441860146209,253,297,312,2012_Q3
2012-08-29 13:00:00,300,359.98053649358474,282.61671123196368,437.3443617552058,360,288,316,2012_Q3
2012-08-29 14:00:00,301,276.31334807035762,198.94952280873659,353.67717333197868,300,251,266,2012_Q3
2012-08-29 15:00:00,338,346.51526396879365,269.15143870717259,423.87908923041471,301,317,316,2012_Q3
2012-08-29 16:00:00,493,496.1418356539964,418.77801039237534,573.50566091561745,338,480,460,2012_Q3
2012-08-29 17:00:00,870,772.20007852764945,694.83625326602839,849.56390378927051,493,864,783,2012_Q3
2012-08-29 18:00:00,812,798.42458058304442,721.06075532142336,875.78840584466548,870,818,683,2012_Q3
2012-08-29 19:00:00,643,557.42824200312384,480.06441674150278,634.7920672647449,812,597,580,2012_Q3
2012-08-29 20:00:00,427,480.21754343095347,402.85371816933241,557.58136869257453,643,435,391,2012_Q3
2012-08-29 21:00:00,313,339.76639392482002,262.40256866319896,417.13021918644108,427,314,351,2012_Q3
2012-08-29 22:00:00,235,271.70496750969784,194.34114224807681,349.06879277131884,313,216,281,2012_Q3
2012-08-29 23:00:00,157,149.96702013781228,72.603194876191253,227.33084539943331,235,109,140,2012_Q3
2012-08-30 00:00:00,65,70.829496111780514,0,148.19332137340155,157,47,60,2012_Q3
2012-08-30 01:00:00,23,28.77828281960138,0,106.1421080812224,65,14,25,2012_Q3
2012-08-30 02:00:00,17,15.050886713166244,0,92.414711974787281,23,6,20,2012_Q3
2012-08-30 03:00:00,5,8.0775599080085048,0,85.441385169629541,17,9,9,2012_Q3
2012-08-30 04:00:00,8,6.6461184160252564,0,84.009943677646291,5,10,6,2012_Q3
2012-08-30 05:00:00,35,32.394878788029729,0,109.75870404965076,8,40,37,2012_Q3
2012-08-30 06:00:00,163,155.15160208730023,77.787776825679202,232.51542734892126,35,181,192,2012_Q3
2012-08-30 07:00:00,532,457.3407870872868,379.97696182566574,534.70461234890786,163,554,481,2012_Q3
2012-08-30 08:00:00,754,661.73653493163545,584.37270967001439,739.10036019325651,532,808,707,2012_Q3
2012-08-30 09:00:00,396,396.90165884707363,319.53783358545263,474.26548410869464,754,348,412,2012_Q3
2012-08-30 10:00:00,234,243.11218535535977,165.74836009373874,320.47601061698083,396,178,233,2012_Q3
2012-08-30 11:00:00,276,263.79816348490539,186.43433822328436,341.16198874652639,234,253,278,2012_Q3
2012-08-30 12:00:00,294,321.64527003900042,244.28144477737939,399.00909530062142,276,360,332,2012_Q3
2012-08-30 13:00:00,290,273.10094099875494,195.73711573713391,350.464766260376,294,300,346,2012_Q3
2012-08-30 14:00:00,273,277.92927562495311,200.56545036333208,355.29310088657417,290,301,305,2012_Q3
2012-08-30 15:00:00,338,336.61735232515031,259.2535270635293,413.98117758677131,273,338,305,2012_Q3
2012-08-30 16:00:00,482,479.86587088038891,402.50204561876785,557.22969614200997,338,493,465,2012_Q3
2012-08-30 17:00:00,844,750.89617424697019,673.53234898534913,828.25999950859125,482,870,820,2012_Q3
2012-08-30 18:00:00,853,774.18064714821423,696.81682188659317,851.54447240983529,844,812,941,2012_Q3
2012-08-30 19:00:00,610,645.49298058608315,568.12915532446209,722.85680584770421,853,643,633,2012_Q3
2012-08-30 20:00:00,471,468.18956052488835,390.82573526326735,545.55338578650935,610,427,474,2012_Q3
2012-08-30 21:00:00,307,339.46959831493251,262.10577305331151,416.83342357655351,471,313,329,2012_Q3
2012-08-30 22:00:00,291,232.91513225704799,155.55130699542696,310.27895751866902,307,235,198,2012_Q3
2012-08-30 23:00:00,152,189.7547151942712,112.39088993265017,267.11854045589223,291,157,157,2012_Q3
2012-08-31 00:00:00,82,84.640219435432954,7.2763941738119229,162.00404469705398,152,65,111,2012_Q3
2012-08-31 01:00:00,32,45.370794153354545,0,122.73461941497558,82,23,42,2012_Q3
2012-08-31 02:00:00,20,17.187098003838521,0,94.550923265459545,32,17,16,2012_Q3
2012-08-31 03:00:00,5,9.0943186064412753,0,86.458143868062308,20,5,8,2012_Q3
2012-08-31 04:00:00,7,5.7992946918729222,0,83.163119953493947,5,8,8,2012_Q3
2012-08-31 05:00:00,29,31.529076028607861,0,108.89290129022889,7,35,38,2012_Q3
2012-08-31 06:00:00,108,134.07458374202304,56.710758480402006,211.43840900364407,29,163,151,2012_Q3
2012-08-31 07:00:00,421,330.54846373322783,253.1846384716068,407.91228899484884,108,532,425,2012_Q3
2012-08-31 08:00:00,690,599.38063943482177,522.01681417320071,676.74446469644283,421,754,744,2012_Q3
2012-08-31 09:00:00,398,419.35045096129807,341.98662569967701,496.71427622291912,690,396,389,2012_Q3
2012-08-31 10:00:00,256,282.31892443283033,204.9550991712093,359.68274969445133,398,234,262,2012_Q3
2012-08-31 11:00:00,309,302.82677790641469,225.46295264479366,380.19060316803575,256,276,281,2012_Q3
2012-08-31 12:00:00,410,351.53777952036319,274.17395425874213,428.90160478198425,309,294,371,2012_Q3
2012-08-31 13:00:00,368,358.16703962289131,280.80321436127031,435.53086488451231,410,290,351,2012_Q3
2012-08-31 14:00:00,436,354.15269676156277,276.78887149994171,431.51652202318382,368,273,338,2012_Q3
2012-08-31 15:00:00,526,388.70396205759164,311.34013679597058,466.0677873192127,436,338,350,2012_Q3
2012-08-31 16:00:00,528,525.00355737423683,447.63973211261577,602.36738263585789,526,482,515,2012_Q3
2012-08-31 17:00:00,617,648.75408564579152,571.39026038417046,726.11791090741258,528,844,812,2012_Q3
2012-08-31 18:00:00,546,690.70665154261224,613.34282628099118,768.07047680423329,617,853,736,2012_Q3
2012-08-31 19:00:00,452,483.01646453803613,405.65263927641513,560.38028979965713,546,610,536,2012_Q3
2012-08-31 20:00:00,356,337.78568695138694,260.42186168976593,415.14951221300794,452,471,363,2012_Q3
2012-08-31 21:00:00,303,294.21844188644656,216.85461662482552,371.58226714806756,356,307,306,2012_Q3
2012-08-31 22:00:00,277,251.4726210291806,174.10879576755957,328.83644629080163,303,291,251,2012_Q3
2012-08-31 23:00:00,174,190.4644465754358,113.10062131381477,267.82827183705683,277,152,178,2012_Q3
2012-09-01 00:00:00,168,127.89371356215885,50.52988830053782,205.2575388237799,174,82,135,2012_Q3
2012-09-01 01:00:00,79,132.34146129692039,54.977636035299355,209.70528655854142,168,32,115,2012_Q3
2012-09-01 02:00:00,69,64.590193450371984,0,141.954018711993,79,20,79,2012_Q3
2012-09-01 03:00:00,35,31.808289883435243,0,109.17211514505627,69,5,38,2012_Q3
2012-09-01 04:00:00,12,9.9860842388654234,0,87.349909500486461,35,7,12,2012_Q3
2012-09-01 05:00:00,22,13.204407540005455,0,90.568232801626493,12,29,14,2012_Q3
2012-09-01 06:00:00,36,51.986461197700002,0,129.35028645932104,22,108,30,2012_Q3
2012-09-01 07:00:00,66,100.69182508072872,23.327999819107688,178.05565034234974,36,421,102,2012_Q3
2012-09-01 08:00:00,162,151.62835437689233,74.264529115271301,228.99217963851336,66,690,162,2012_Q3
2012-09-01 09:00:00,237,296.77095242372428,219.40712716210325,374.13477768534528,162,398,288,2012_Q3
2012-09-01 10:00:00,417,307.31290185611891,229.94907659449788,384.67672711773992,237,256,442,2012_Q3
2012-09-01 11:00:00,492,410.73144543037358,333.36762016875252,488.09527069199464,417,309,457,2012_Q3
2012-09-01 12:00:00,471,475.97266978559935,398.60884452397829,553.33649504722041,492,410,584,2012_Q3
2012-09-01 13:00:00,504,459.36614190327339,382.00231664165233,536.72996716489445,471,368,517,2012_Q3
2012-09-01 14:00:00,514,434.98762022569753,357.62379496407652,512.35144548731853,504,436,482,2012_Q3
2012-09-01 15:00:00,563,542.97791602965196,465.61409076803091,620.34174129127302,514,526,233,2012_Q3
2012-09-01 16:00:00,462,478.13195405779067,400.76812879616966,555.49577931941167,563,528,434,2012_Q3
2012-09-01 17:00:00,463,421.94830780169923,344.58448254007817,499.31213306332029,462,617,403,2012_Q3
2012-09-01 18:00:00,442,433.87182450762816,356.5079992460071,511.23564976924922,463,546,383,2012_Q3
2012-09-01 19:00:00,392,383.35528294796666,305.9914576863456,460.71910820958772,442,452,354,2012_Q3
2012-09-01 20:00:00,207,282.61793650839167,205.25411124677063,359.98176177001267,392,356,241,2012_Q3
2012-09-01 21:00:00,104,150.50277799097049,73.138952729349455,227.86660325259152,207,303,208,2012_Q3
2012-09-01 22:00:00,78,97.902897627598136,20.539072365977106,175.26672288921918,104,277,182,2012_Q3
2012-09-01 23:00:00,145,71.173677512581364,0,148.53750277420238,78,174,158,2012_Q3
2012-09-02 00:00:00,99,115.86132609371997,38.497500832098936,193.22515135534098,145,168,134,2012_Q3
2012-09-02 01:00:00,73,87.13523808159583,9.7714128199747989,164.49906334321685,99,79,134,2012_Q3
2012-09-02 02:00:00,84,64.13318837777058,0,141.49701363939161,73,69,116,2012_Q3
2012-09-02 03:00:00,42,43.486217703750889,0,120.85004296537193,84,35,53,2012_Q3
2012-09-02 04:00:00,22,14.621665592814271,0,91.985490854435298,42,12,16,2012_Q3
2012-09-02 05:00:00,12,14.179602504894463,0,91.543427766515492,22,22,16,2012_Q3
2012-09-02 06:00:00,15,25.08292803165055,0,102.44675329327158,12,36,21,2012_Q3
2012-09-02 07:00:00,42,38.265110683079222,0,115.62893594470026,15,66,34,2012_Q3
2012-09-02 08:00:00,129,108.03487260897064,30.671047347349614,185.39869787059166,42,162,133,2012_Q3
2012-09-02 09:00:00,232,231.53397172866892,154.17014646704789,308.89779699028998,129,237,263,2012_Q3
2012-09-02 10:00:00,388,362.99680373229859,285.63297847067759,440.36062899391959,232,417,385,2012_Q3
2012-09-02 11:00:00,489,411.6731495837181,334.30932432209704,489.03697484533916,388,492,482,2012_Q3
2012-09-02 12:00:00,545,477.60424443776486,400.24041917614386,554.96806969938586,489,471,626,2012_Q3
2012-09-02 13:00:00,493,401.63564533807067,324.27182007644967,478.99947059969168,545,504,541,2012_Q3
2012-09-02 14:00:00,457,417.90832789536603,340.54450263374497,495.27215315698709,493,514,377,2012_Q3
2012-09-02 15:00:00,355,406.87108305214315,329.50725779052209,484.23490831376421,457,563,391,2012_Q3
2012-09-02 16:00:00,474,355.76226503983105,278.39843977820999,433.12609030145211,355,462,173,2012_Q3
2012-09-02 17:00:00,503,458.88507016892339,381.52124490730239,536.24889543054439,474,463,233,2012_Q3
2012-09-02 18:00:00,500,481.98221694226777,404.61839168064671,559.34604220388883,503,442,264,2012_Q3
2012-09-02 19:00:00,292,393.26382130872031,315.89999604709931,470.62764657034131,500,392,292,2012_Q3
2012-09-02 20:00:00,104,228.99737920540474,151.63355394378371,306.3612044670258,292,207,211,2012_Q3
2012-09-02 21:00:00,171,89.314139323642323,11.950314062021292,166.67796458526334,104,104,166,2012_Q3
2012-09-02 22:00:00,166,127.00074594098727,49.636920679366241,204.36457120260832,171,78,114,2012_Q3
2012-09-02 23:00:00,123,108.74063725871071,31.376811997089675,186.10446252033174,166,145,80,2012_Q3
2012-09-03 00:00:00,104,81.730144467609847,4.3663192059888161,159.09396972923088,123,99,32,2012_Q3
2012-09-03 01:00:00,55,78.378358894723149,1.0145336331021184,155.74218415634419,104,73,7,2012_Q3
2012-09-03 02:00:00,40,30.263556721094567,0,107.6273819827156,55,84,8,2012_Q3
2012-09-03 03:00:00,28,15.496477894437211,0,92.860303156058237,40,42,4,2012_Q3
2012-09-03 04:00:00,11,10.693464529696664,0,88.0572897913177,28,22,12,2012_Q3
2012-09-03 05:00:00,4,17.023058950433892,0,94.386884212054923,11,12,36,2012_Q3
2012-09-03 06:00:00,15,19.230973138545789,0,96.594798400166823,4,15,145,2012_Q3
2012-09-03 07:00:00,43,42.812292726404756,0,120.17611798802579,15,42,433,2012_Q3
2012-09-03 08:00:00,127,123.44767624556279,46.083850983941758,200.81150150718383,43,129,699,2012_Q3
2012-09-03 09:00:00,229,209.32918309858772,131.96535783696669,286.69300836020875,127,232,342,2012_Q3
2012-09-03 10:00:00,359,275.92485923753702,198.56103397591599,353.28868449915808,229,388,206,2012_Q3
2012-09-03 11:00:00,459,371.12459228654313,293.76076702492207,448.48841754816419,359,489,229,2012_Q3
2012-09-03 12:00:00,543,477.93673985025657,400.57291458863551,555.30056511187763,459,545,283,2012_Q3
2012-09-03 13:00:00,566,507.52808636781583,430.16426110619477,584.89191162943689,543,493,288,2012_Q3
2012-09-03 14:00:00,512,503.86847337964201,426.50464811802101,581.23229864126301,566,457,246,2012_Q3
2012-09-03 15:00:00,449,508.43968429432419,431.07585903270319,585.8035095559452,512,355,282,2012_Q3
2012-09-03 16:00:00,500,440.83339864417371,363.46957338255265,518.19722390579477,449,474,444,2012_Q3
2012-09-03 17:00:00,498,526.84977705129756,449.48595178967651,604.21360231291862,500,503,845,2012_Q3
2012-09-03 18:00:00,482,538.48254730961139,461.11872204799033,615.84637257123245,498,500,834,2012_Q3
2012-09-03 19:00:00,374,455.42239557630518,378.05857031468418,532.78622083792618,482,292,573,2012_Q3
2012-09-03 20:00:00,261,336.99740727934523,259.63358201772417,414.36123254096628,374,104,416,2012_Q3
2012-09-03 21:00:00,184,223.30927350739057,145.94544824576954,300.67309876901163,261,171,278,2012_Q3
2012-09-03 22:00:00,121,153.13487810565383,75.771052844032795,230.49870336727486,184,166,161,2012_Q3
2012-09-03 23:00:00,70,82.138222009330661,4.7743967477096305,159.50204727095169,121,123,114,2012_Q3
2012-09-04 00:00:00,29,40.869144389043562,0,118.23296965066459,70,104,38,2012_Q3
2012-09-04 01:00:00,24,16.429841392137217,0,93.793666653758251,29,55,21,2012_Q3
2012-09-04 02:00:00,5,14.261801539231319,0,91.625626800852345,24,40,15,2012_Q3
2012-09-04 03:00:00,10,5.2590550052376717,0,82.622880266858701,5,28,4,2012_Q3
2012-09-04 04:00:00,8,7.3038448642552698,0,84.667670125876299,10,11,8,2012_Q3
2012-09-04 05:00:00,38,28.670494184507362,0,106.03431944612839,8,4,42,2012_Q3
2012-09-04 06:00:00,172,143.40014915491375,66.036323893292717,220.76397441653478,38,15,147,2012_Q3
2012-09-04 07:00:00,493,388.16839634199414,310.80457108037308,465.5322216036152,172,43,269,2012_Q3
2012-09-04 08:00:00,632,631.62415118770434,554.26032592608328,708.9879764493254,493,127,693,2012_Q3
2012-09-04 09:00:00,323,347.27109289950891,269.90726763788791,424.63491816112992,632,229,395,2012_Q3
2012-09-04 10:00:00,172,258.34823319212234,180.98440793050131,335.71205845374334,323,359,204,2012_Q3
2012-09-04 11:00:00,198,214.77787032917777,137.41404506755674,292.1416955907988,172,459,218,2012_Q3
2012-09-04 12:00:00,287,262.87472539631204,185.51090013469101,340.23855065793305,198,543,297,2012_Q3
2012-09-04 13:00:00,275,325.96006581847308,248.59624055685205,403.32389108009409,287,566,288,2012_Q3
2012-09-04 14:00:00,274,278.5709721793242,201.20714691770317,355.9347974409452,275,512,251,2012_Q3
2012-09-04 15:00:00,292,333.32081574391594,255.95699048229491,410.68464100553695,274,449,317,2012_Q3
2012-09-04 16:00:00,458,494.04655922132633,416.68273395970527,571.41038448294739,292,500,480,2012_Q3
2012-09-04 17:00:00,856,706.95856781402745,629.59474255240639,784.32239307564851,458,498,864,2012_Q3
2012-09-04 18:00:00,839,713.57023143760205,636.20640617598099,790.93405669922311,856,482,818,2012_Q3
2012-09-04 19:00:00,552,627.41187483600834,550.04804957438728,704.7757000976294,839,374,597,2012_Q3
2012-09-04 20:00:00,385,411.35815679326885,333.99433153164784,488.72198205488985,552,261,435,2012_Q3
2012-09-04 21:00:00,268,314.6637309782426,237.29990571662157,392.02755623986366,385,184,314,2012_Q3
2012-09-04 22:00:00,179,205.00408536092391,127.64026009930288,282.36791062254497,268,121,216,2012_Q3
2012-09-04 23:00:00,95,105.18246175780311,27.81863649618208,182.54628701942414,179,70,109,2012_Q3
2012-09-05 00:00:00,37,46.234284866155804,0,123.59811012777683,95,29,47,2012_Q3
2012-09-05 01:00:00,13,18.816256068517731,0,96.180081330138762,37,24,14,2012_Q3
2012-09-05 02:00:00,9,8.4697595479821626,0,85.833584809603195,13,5,6,2012_Q3
2012-09-05 03:00:00,4,5.8036716428542938,0,83.167496904475328,9,10,9,2012_Q3
2012-09-05 04:00:00,5,6.7556919874648482,0,84.119517249085874,4,8,10,2012_Q3
2012-09-05 05:00:00,40,37.122148737651081,0,114.48597399927212,5,38,40,2012_Q3
2012-09-05 06:00:00,210,155.17810900606116,77.814283744440132,232.54193426768219,40,172,181,2012_Q3
2012-09-05 07:00:00,500,602.79734154935511,525.43351628773405,680.16116681097617,210,493,554,2012_Q3
2012-09-05 08:00:00,725,603.55025852529729,526.18643326367624,680.91408378691835,500,632,808,2012_Q3
2012-09-05 09:00:00,290,356.14380335976489,278.77997809814383,433.50762862138595,725,323,348,2012_Q3
2012-09-05 10:00:00,235,185.76448665144679,108.40066138982576,263.12831191306782,290,172,178,2012_Q3
2012-09-05 11:00:00,217,255.45859062720425,178.09476536558321,332.82241588882528,235,198,253,2012_Q3
2012-09-05 12:00:00,266,255.29348052090987,177.92965525928884,332.6573057825309,217,287,360,2012_Q3
2012-09-05 13:00:00,234,294.87915181744842,217.51532655582739,372.24297707906942,266,275,300,2012_Q3
2012-09-05 14:00:00,211,223.40635706833473,146.0425318067137,300.77018232995579,234,274,301,2012_Q3
2012-09-05 15:00:00,245,239.58595983928228,162.22213457766125,316.94978510090334,211,292,338,2012_Q3
2012-09-05 16:00:00,430,427.37789850779603,350.01407324617503,504.74172376941704,245,458,493,2012_Q3
2012-09-05 17:00:00,863,744.7040480509786,667.34022278935754,822.06787331259966,430,856,870,2012_Q3
2012-09-05 18:00:00,839,761.0263664749034,683.66254121328234,838.39019173652446,863,839,812,2012_Q3
2012-09-05 19:00:00,662,592.41243735604792,515.04861209442686,669.77626261766898,839,552,643,2012_Q3
2012-09-05 20:00:00,412,467.29346176406534,389.92963650244428,544.6572870256864,662,385,427,2012_Q3
2012-09-05 21:00:00,296,318.90650850624326,241.54268324462222,396.27033376786426,412,268,313,2012_Q3
2012-09-05 22:00:00,219,235.64593570537531,158.28211044375428,313.00976096699634,296,179,235,2012_Q3
2012-09-05 23:00:00,150,140.27174458324939,62.907919321628356,217.63556984487042,219,95,157,2012_Q3
2012-09-06 00:00:00,65,69.967777371611433,0,147.33160263323248,150,37,65,2012_Q3
2012-09-06 01:00:00,18,31.481012699417036,0,108.84483796103807,65,13,23,2012_Q3
2012-09-06 02:00:00,8,15.802783528034244,0,93.166608789655271,18,9,17,2012_Q3
2012-09-06 03:00:00,9,5.7745966137847891,0,83.138421875405825,8,4,5,2012_Q3
2012-09-06 04:00:00,8,6.4708878376353214,0,83.834713099256348,9,5,8,2012_Q3
2012-09-06 05:00:00,38,36.120148875609885,0,113.48397413723092,8,40,35,2012_Q3
2012-09-06 06:00:00,200,160.00930349719252,82.645478235571488,237.37312875881355,38,210,163,2012_Q3
2012-09-06 07:00:00,482,497.11818130907346,419.75435604745246,574.48200657069447,200,500,532,2012_Q3
2012-09-06 08:00:00,646,602.38069243682185,525.01686717520079,679.74451769844291,482,725,754,2012_Q3
2012-09-06 09:00:00,123,349.08005496150315,271.71622969988209,426.44388022312421,646,290,396,2012_Q3
2012-09-06 10:00:00,49,113.04830566736102,35.68448040573999,190.41213092898204,123,235,234,2012_Q3
2012-09-06 11:00:00,62,74.574611351463389,0,151.93843661308443,49,217,276,2012_Q3
2012-09-06 12:00:00,137,73.438337169516714,0,150.80216243113773,62,266,294,2012_Q3
2012-09-06 13:00:00,191,204.46777638617223,127.1039511245512,281.83160164779326,137,234,290,2012_Q3
2012-09-06 14:00:00,216,198.80953513814381,121.44570987652278,276.17336039976487,191,211,273,2012_Q3
2012-09-06 15:00:00,270,245.1847677702952,167.82094250867416,322.5485930319162,216,245,338,2012_Q3
2012-09-06 16:00:00,416,485.14702475358177,407.78319949196077,562.51085001520278,270,430,482,2012_Q3
2012-09-06 17:00:00,808,792.95259979586081,715.58877453423975,870.31642505748187,416,863,844,2012_Q3
2012-09-06 18:00:00,835,794.90208210892138,717.53825684730032,872.26590737054244,808,839,853,2012_Q3
2012-09-06 19:00:00,558,617.91317685943022,540.54935159780916,695.27700212105128,835,662,610,2012_Q3
2012-09-06 20:00:00,406,451.43280117025949,374.06897590863844,528.79662643188055,558,412,471,2012_Q3
2012-09-06 21:00:00,272,320.88299332693634,243.51916806531531,398.2468185885574,406,296,307,2012_Q3
2012-09-06 22:00:00,217,226.03443195160091,148.67060668997988,303.39825721322194,272,219,291,2012_Q3
2012-09-06 23:00:00,169,154.96656884437178,77.602743582750747,232.33039410599281,217,150,152,2012_Q3
2012-09-07 00:00:00,96,93.225252123031765,15.861426861410735,170.5890773846528,169,65,82,2012_Q3
2012-09-07 01:00:00,29,48.506939497950526,0,125.87076475957156,96,18,32,2012_Q3
2012-09-07 02:00:00,11,15.758004317877484,0,93.12182957949851,29,8,20,2012_Q3
2012-09-07 03:00:00,9,8.4696230305532509,0,85.833448292174282,11,9,5,2012_Q3
2012-09-07 04:00:00,8,6.6328431080177097,0,83.996668369638741,9,8,7,2012_Q3
2012-09-07 05:00:00,40,33.035480355378098,0,110.39930561699913,8,38,29,2012_Q3
2012-09-07 06:00:00,140,155.07229587782629,77.708470616205261,232.43612113944732,40,200,108,2012_Q3
2012-09-07 07:00:00,486,432.8475634279265,355.48373816630544,510.21138868954756,140,482,421,2012_Q3
2012-09-07 08:00:00,719,753.13172647314912,675.76790121152806,830.49555173477017,486,646,690,2012_Q3
2012-09-07 09:00:00,344,445.20224514668695,367.83841988506595,522.56607040830795,719,123,398,2012_Q3
2012-09-07 10:00:00,224,287.81356861595174,210.44974335433071,365.17739387757274,344,49,256,2012_Q3
2012-09-07 11:00:00,296,281.40143679351695,204.03761153189592,358.76526205513801,224,62,309,2012_Q3
2012-09-07 12:00:00,323,372.69964949701591,295.33582423539485,450.06347475863697,296,137,410,2012_Q3
2012-09-07 13:00:00,354,356.1227210322499,278.7588957706289,433.4865462938709,323,191,368,2012_Q3
2012-09-07 14:00:00,253,355.78263717105148,278.41881190943047,433.14646243267248,354,216,436,2012_Q3
2012-09-07 15:00:00,331,357.63557742470977,280.27175216308876,434.99940268633077,253,270,526,2012_Q3
2012-09-07 16:00:00,470,552.92660502031265,475.56277975869159,630.29043028193371,331,416,528,2012_Q3
2012-09-07 17:00:00,772,739.63851840192558,662.27469314030452,817.00234366354664,470,808,617,2012_Q3
2012-09-07 18:00:00,792,653.20382695839487,575.84000169677381,730.56765222001593,772,835,546,2012_Q3
2012-09-07 19:00:00,568,521.06751320503781,443.70368794341675,598.43133846665887,792,558,452,2012_Q3
2012-09-07 20:00:00,391,423.7893446776547,346.42551941603369,501.1531699392757,568,406,356,2012_Q3
2012-09-07 21:00:00,301,318.71133736828023,241.3475121066592,396.07516262990123,391,272,303,2012_Q3
2012-09-07 22:00:00,299,283.5414268192348,206.17760155761377,360.9052520808558,301,217,277,2012_Q3
2012-09-07 23:00:00,248,221.91906285541413,144.55523759379309,299.28288811703516,299,169,174,2012_Q3
2012-09-08 00:00:00,150,171.696310536357,94.332485274735973,249.06013579797803,248,96,168,2012_Q3
2012-09-08 01:00:00,117,96.279454651814788,18.915629390193757,173.64327991343583,150,29,79,2012_Q3
2012-09-08 02:00:00,77,75.270982270931398,0,152.63480753255243,117,11,69,2012_Q3
2012-09-08 03:00:00,43,34.62794840402173,0,111.99177366564277,77,9,35,2012_Q3
2012-09-08 04:00:00,11,11.398149198490628,0,88.761974460111659,43,8,12,2012_Q3
2012-09-08 05:00:00,15,16.117484061213979,0,93.481309322835017,11,40,22,2012_Q3
2012-09-08 06:00:00,34,46.295985995883946,0,123.65981125750497,15,140,36,2012_Q3
2012-09-08 07:00:00,82,85.15396312722855,7.7901378656075195,162.51778838884957,34,486,66,2012_Q3
2012-09-08 08:00:00,230,207.01027226564622,129.64644700402519,284.37409752726728,82,719,162,2012_Q3
2012-09-08 09:00:00,348,325.1098930212691,247.74606775964807,402.4737182828901,230,344,237,2012_Q3
2012-09-08 10:00:00,422,411.25326683174302,333.88944157012202,488.61709209336402,348,224,417,2012_Q3
2012-09-08 11:00:00,578,483.40817660175372,406.04435134013272,560.77200186337473,422,296,492,2012_Q3
2012-09-08 12:00:00,694,483.88896237186435,406.52513711024335,561.25278763348535,578,323,471,2012_Q3
2012-09-08 13:00:00,668,532.12217754335552,454.75835228173446,609.48600280497658,694,354,504,2012_Q3
2012-09-08 14:00:00,626,492.61100318313123,415.24717792151023,569.97482844475223,668,253,514,2012_Q3
2012-09-08 15:00:00,512,511.44556442126577,434.08173915964471,588.80938968288683,626,331,563,2012_Q3
2012-09-08 16:00:00,114,336.22791153514419,258.86408627352318,413.59173679676519,512,470,462,2012_Q3
2012-09-08 17:00:00,171,133.48564285943664,56.121817597815607,210.84946812105767,114,772,463,2012_Q3
2012-09-08 18:00:00,167,183.78809779010348,106.42427252848245,261.15192305172451,171,792,442,2012_Q3
2012-09-08 19:00:00,215,210.77950051721012,133.41567525558909,288.14332577883113,167,568,392,2012_Q3
2012-09-08 20:00:00,194,160.09427770005888,82.730452438437851,237.45810296167991,215,391,207,2012_Q3
2012-09-08 21:00:00,181,182.1168396601125,104.75301439849147,259.48066492173353,194,301,104,2012_Q3
2012-09-08 22:00:00,194,165.07613825438995,87.712312992768915,242.43996351601098,181,299,78,2012_Q3
2012-09-08 23:00:00,133,170.27156644902476,92.90774118740373,247.63539171064579,194,248,145,2012_Q3
2012-09-09 00:00:00,124,103.2432527224972,25.879427460876173,180.60707798411823,133,150,99,2012_Q3
2012-09-09 01:00:00,124,94.975341464886824,17.611516203265793,172.33916672650787,124,117,73,2012_Q3
2012-09-09 02:00:00,96,92.99035965668125,15.626534395060219,170.35418491830228,124,77,84,2012_Q3
2012-09-09 03:00:00,46,49.533429646427152,0,126.89725490804818,96,43,42,2012_Q3
2012-09-09 04:00:00,28,15.76614163966445,0,93.129966901285485,46,11,22,2012_Q3
2012-09-09 05:00:00,55,12.351035706687465,0,89.7148609683085,28,15,12,2012_Q3
2012-09-09 06:00:00,35,51.941021770296381,0,129.3048470319174,55,34,15,2012_Q3
2012-09-09 07:00:00,70,82.035497589136781,4.6716723275157506,159.39932285075781,35,82,42,2012_Q3
2012-09-09 08:00:00,170,162.44228675670095,85.078461495079921,239.80611201832198,70,230,129,2012_Q3
2012-09-09 09:00:00,299,278.33606827581718,200.97224301419615,355.69989353743824,170,348,232,2012_Q3
2012-09-09 10:00:00,495,414.25503109860443,336.89120583698343,491.61885636022544,299,422,388,2012_Q3
2012-09-09 11:00:00,585,541.29283806564979,463.92901280402873,618.65666332727085,495,578,489,2012_Q3
2012-09-09 12:00:00,757,593.2647943638641,515.90096910224304,670.62861962548516,585,694,545,2012_Q3
2012-09-09 13:00:00,729,576.85978442875489,499.49595916713383,654.22360969037595,757,668,493,2012_Q3
2012-09-09 14:00:00,647,595.31994910635319,517.95612384473213,672.68377436797425,729,626,457,2012_Q3
2012-09-09 15:00:00,696,567.55666456318068,490.19283930155962,644.92048982480173,647,512,355,2012_Q3
2012-09-09 16:00:00,701,622.52103970050439,545.15721443888333,699.88486496212545,696,114,474,2012_Q3
2012-09-09 17:00:00,671,563.67041039167123,486.30658513005017,641.03423565329228,701,171,503,2012_Q3
2012-09-09 18:00:00,560,573.92025414786542,496.55642888624436,651.28407940948648,671,167,500,2012_Q3
2012-09-09 19:00:00,496,382.63711745906687,305.27329219744581,460.00094272068793,560,215,292,2012_Q3
2012-09-09 20:00:00,356,335.31686033563756,257.9530350740165,412.68068559725862,496,194,104,2012_Q3
2012-09-09 21:00:00,206,253.19247963427986,175.82865437265883,330.55630489590089,356,181,171,2012_Q3
2012-09-09 22:00:00,189,163.53923302080742,86.175407759186385,240.90305828242845,206,194,166,2012_Q3
2012-09-09 23:00:00,92,112.55970171575841,35.195876454137377,189.92352697737942,189,133,123,2012_Q3
2012-09-10 00:00:00,41,53.537986398023698,0,130.90181165964472,92,124,104,2012_Q3
2012-09-10 01:00:00,18,25.081480674105286,0,102.44530593572631,41,124,55,2012_Q3
2012-09-10 02:00:00,17,16.792977107516894,0,94.156802369137921,18,96,40,2012_Q3
2012-09-10 03:00:00,12,10.909272882536211,0,88.273098144157245,17,46,28,2012_Q3
2012-09-10 04:00:00,5,7.4278291317847991,0,84.791654393405835,12,28,11,2012_Q3
2012-09-10 05:00:00,40,16.391595677580611,0,93.755420939201642,5,55,4,2012_Q3
2012-09-10 06:00:00,180,114.65757857969935,37.293753318078316,192.02140384132036,40,35,15,2012_Q3
2012-09-10 07:00:00,447,374.09565618101004,296.73183091938904,451.45948144263104,180,70,43,2012_Q3
2012-09-10 08:00:00,730,339.33096512835647,261.96713986673547,416.69479038997747,447,170,127,2012_Q3
2012-09-10 09:00:00,361,307.36369527661014,229.99987001498911,384.72752053823115,730,299,229,2012_Q3
2012-09-10 10:00:00,210,358.50564653094477,281.14182126932371,435.86947179256583,361,495,359,2012_Q3
2012-09-10 11:00:00,236,271.24699694229821,193.88317168067718,348.61082220391927,210,585,459,2012_Q3
2012-09-10 12:00:00,332,377.62687498496865,300.26304972334765,454.99070024658965,236,757,543,2012_Q3
2012-09-10 13:00:00,323,419.62853069427717,342.26470543265611,496.99235595589823,332,729,566,2012_Q3
2012-09-10 14:00:00,340,406.62136634140239,329.25754107978139,483.9851916030234,323,647,512,2012_Q3
2012-09-10 15:00:00,346,421.56513370961005,344.20130844798905,498.92895897123105,340,696,449,2012_Q3
2012-09-10 16:00:00,488,556.53896130059445,479.17513603897339,633.90278656221551,346,701,500,2012_Q3
2012-09-10 17:00:00,871,623.66154494290254,546.29771968128148,701.0253702045236,488,671,498,2012_Q3
2012-09-10 18:00:00,968,627.0707265530707,549.70690129144964,704.43455181469176,871,560,482,2012_Q3
2012-09-10 19:00:00,633,557.58066393224692,480.21683867062586,634.94448919386798,968,496,374,2012_Q3
2012-09-10 20:00:00,390,444.71644654580376,367.35262128418276,522.08027180742477,633,356,261,2012_Q3
2012-09-10 21:00:00,285,263.88649802513481,186.52267276351378,341.25032328675582,390,206,184,2012_Q3
2012-09-10 22:00:00,159,195.14834996470614,117.78452470308511,272.51217522632714,285,189,121,2012_Q3
2012-09-10 23:00:00,93,88.531905927464379,11.168080665843348,165.89573118908541,159,92,70,2012_Q3
2012-09-11 00:00:00,32,42.274531734551744,0,119.63835699617277,93,41,29,2012_Q3
2012-09-11 01:00:00,10,15.976184768342959,0,93.340010029963992,32,18,24,2012_Q3
2012-09-11 02:00:00,6,7.8761600177128877,0,85.239985279333922,10,17,5,2012_Q3
2012-09-11 03:00:00,8,4.6190161662520506,0,81.982841427873083,6,12,10,2012_Q3
2012-09-11 04:00:00,9,5.5975648304109953,0,82.961390092032019,8,5,8,2012_Q3
2012-09-11 05:00:00,44,32.502978818330568,0,109.86680407995161,9,40,38,2012_Q3
2012-09-11 06:00:00,211,144.87206750343378,67.508242241812752,222.23589276505481,44,180,172,2012_Q3
2012-09-11 07:00:00,596,588.38597884577041,511.02215358414935,665.74980410739147,211,447,493,2012_Q3
2012-09-11 08:00:00,750,640.09831224165134,562.73448698003028,717.4621375032724,596,730,632,2012_Q3
2012-09-11 09:00:00,358,351.63546372379017,274.27163846216911,428.99928898541123,750,361,323,2012_Q3
2012-09-11 10:00:00,196,222.0555358905662,144.69171062894517,299.41936115218721,358,210,172,2012_Q3
2012-09-11 11:00:00,247,241.24461115663547,163.88078589501444,318.60843641825647,196,236,198,2012_Q3
2012-09-11 12:00:00,316,300.00286004213979,222.63903478051876,377.36668530376085,247,332,287,2012_Q3
2012-09-11 13:00:00,328,299.10685733670186,221.74303207508083,376.47068259832292,316,323,275,2012_Q3
2012-09-11 14:00:00,255,297.80300340251927,220.43917814089824,375.16682866414033,328,340,274,2012_Q3
2012-09-11 15:00:00,326,313.50967591843158,236.14585065681055,390.87350118005259,255,346,292,2012_Q3
2012-09-11 16:00:00,536,479.89488768200431,402.53106242038325,557.25871294362537,326,488,458,2012_Q3
2012-09-11 17:00:00,970,741.01752771207271,663.65370245045165,818.38135297369377,536,871,856,2012_Q3
2012-09-11 18:00:00,877,821.30160489778677,743.93777963616571,898.66543015940783,970,968,839,2012_Q3
2012-09-11 19:00:00,596,576.37735163521722,499.01352637359616,653.74117689683828,877,633,552,2012_Q3
2012-09-11 20:00:00,461,454.76020757313717,377.39638231151616,532.12403283475817,596,390,385,2012_Q3
2012-09-11 21:00:00,310,340.36301876831203,262.99919350669097,417.72684402993309,461,285,268,2012_Q3
2012-09-11 22:00:00,216,211.56029748257268,134.19647222095165,288.92412274419371,310,159,179,2012_Q3
2012-09-11 23:00:00,109,121.215799663445,43.851974401823966,198.57962492506601,216,93,95,2012_Q3
2012-09-12 00:00:00,49,49.871832195712706,0,127.23565745733373,109,32,37,2012_Q3
2012-09-12 01:00:00,21,21.461054485072804,0,98.824879746693838,49,10,13,2012_Q3
2012-09-12 02:00:00,11,10.362926363375367,0,87.726751624996396,21,6,9,2012_Q3
2012-09-12 03:00:00,7,5.8209772303227734,0,83.184802491943799,11,8,4,2012_Q3
2012-09-12 04:00:00,5,5.5771494624106071,0,82.940974724031634,7,9,5,2012_Q3
2012-09-12 05:00:00,48,34.838513259382623,0,112.20233852100365,5,44,40,2012_Q3
2012-09-12 06:00:00,205,161.77235226451231,84.408527002891276,239.13617752613334,48,211,210,2012_Q3
2012-09-12 07:00:00,557,532.53763719753033,455.17381193590927,609.90146245915139,205,596,500,2012_Q3
2012-09-12 08:00:00,770,616.21994232627537,538.85611706465431,693.58376758789643,557,750,725,2012_Q3
2012-09-12 09:00:00,328,339.59069600837648,262.22687074675548,416.95452126999749,770,358,290,2012_Q3
2012-09-12 10:00:00,205,216.89519968551139,139.53137442389036,294.25902494713239,328,196,235,2012_Q3
2012-09-12 11:00:00,232,229.46833816291601,152.10451290129498,306.83216342453704,205,247,217,2012_Q3
2012-09-12 12:00:00,352,283.0058597479088,205.64203448628777,360.3696850095298,232,316,266,2012_Q3
2012-09-12 13:00:00,323,294.47246615429952,217.10864089267849,371.83629141592053,352,328,234,2012_Q3
2012-09-12 14:00:00,278,261.21943761676778,183.85561235514675,338.58326287838884,323,255,211,2012_Q3
2012-09-12 15:00:00,318,284.98891062009432,207.62508535847329,362.35273588171538,278,326,245,2012_Q3
2012-09-12 16:00:00,509,506.22438359158531,428.86055832996431,583.58820885320631,318,536,430,2012_Q3
2012-09-12 17:00:00,925,771.08143604767213,693.71761078605107,848.44526130929319,509,970,863,2012_Q3
2012-09-12 18:00:00,977,786.80822882892198,709.44440356730092,864.17205409054304,925,877,839,2012_Q3
2012-09-12 19:00:00,635,616.2138842947478,538.85005903312674,693.57770955636886,977,596,662,2012_Q3
2012-09-12 20:00:00,470,460.90436559619394,383.54054033457294,538.26819085781494,635,461,412,2012_Q3
2012-09-12 21:00:00,306,342.32460319696526,264.96077793534425,419.68842845858626,470,310,296,2012_Q3
2012-09-12 22:00:00,212,231.32893509499431,153.96510983337328,308.69276035661534,306,216,219,2012_Q3
2012-09-12 23:00:00,127,133.48511097150467,56.121285709883637,210.8489362331257,212,109,150,2012_Q3
2012-09-13 00:00:00,57,62.864369599404746,0,140.22819486102577,127,49,65,2012_Q3
2012-09-13 01:00:00,28,25.867412869400525,0,103.23123813102156,57,21,18,2012_Q3
2012-09-13 02:00:00,9,13.777835104276326,0,91.141660365897351,28,11,8,2012_Q3
2012-09-13 03:00:00,11,6.9870407109472064,0,84.350865972568243,9,7,9,2012_Q3
2012-09-13 04:00:00,6,5.7232453033701089,0,83.087070564991137,11,5,8,2012_Q3
2012-09-13 05:00:00,57,33.450328018727461,0,110.81415328034849,6,48,38,2012_Q3
2012-09-13 06:00:00,195,160.09058349670573,82.726758235084702,237.45440875832676,57,205,200,2012_Q3
2012-09-13 07:00:00,571,467.92658870530875,390.56276344368769,545.2904139669298,195,557,482,2012_Q3
2012-09-13 08:00:00,758,612.72952471929034,535.36569945766928,690.0933499809114,571,770,646,2012_Q3
2012-09-13 09:00:00,338,314.32161982786465,236.95779456624362,391.68544508948571,758,328,123,2012_Q3
2012-09-13 10:00:00,212,214.70717152050847,137.34334625888744,292.0709967821295,338,205,49,2012_Q3
2012-09-13 11:00:00,254,219.9969792393191,142.63315397769807,297.36080450094016,212,232,62,2012_Q3
2012-09-13 12:00:00,297,306.89516812954525,229.53134286792422,384.25899339116631,254,352,137,2012_Q3
2012-09-13 13:00:00,283,253.55309798366903,176.189272722048,330.91692324529004,297,323,191,2012_Q3
2012-09-13 14:00:00,274,243.06016966313277,165.69634440151174,320.4239949247538,283,278,216,2012_Q3
2012-09-13 15:00:00,352,300.68882622057373,223.3250009589527,378.05265148219473,274,318,270,2012_Q3
2012-09-13 16:00:00,491,526.50238209789995,449.13855683627889,603.86620735952101,352,509,416,2012_Q3
2012-09-13 17:00:00,884,772.43183817032786,695.06801290870681,849.79566343194892,491,925,808,2012_Q3
2012-09-13 18:00:00,852,814.71770251406292,737.35387725244186,892.08152777568398,884,977,835,2012_Q3
2012-09-13 19:00:00,674,540.78821242060872,463.42438715898766,618.15203768222977,852,635,558,2012_Q3
2012-09-13 20:00:00,463,454.0004239296502,376.63659866802914,531.36424919127126,674,470,406,2012_Q3
2012-09-13 21:00:00,317,338.03876115626696,260.67493589464596,415.40258641788796,463,306,272,2012_Q3
2012-09-13 22:00:00,251,236.49577687263169,159.13195161101066,313.85960213425273,317,212,217,2012_Q3
2012-09-13 23:00:00,170,173.3252458492675,95.961420587646472,250.68907111088853,251,127,169,2012_Q3
2012-09-14 00:00:00,87,95.308794040542239,17.944968778921208,172.67261930216327,170,57,96,2012_Q3
2012-09-14 01:00:00,41,45.585356797127332,0,122.94918205874836,87,28,29,2012_Q3
2012-09-14 02:00:00,30,18.035560905782717,0,95.399386167403748,41,9,11,2012_Q3
2012-09-14 03:00:00,14,11.745679650527586,0,89.109504912148623,30,11,9,2012_Q3
2012-09-14 04:00:00,12,7.4329408803333727,0,84.796766141954407,14,6,8,2012_Q3
2012-09-14 05:00:00,41,32.506275682811747,0,109.87010094443278,12,57,40,2012_Q3
2012-09-14 06:00:00,152,135.16157710879082,57.797751847169792,212.52540237041185,41,195,140,2012_Q3
2012-09-14 07:00:00,454,476.09243752441802,398.72861226279701,553.45626278603902,152,571,486,2012_Q3
2012-09-14 08:00:00,766,589.59310980922999,512.22928454760893,666.95693507085105,454,758,719,2012_Q3
2012-09-14 09:00:00,347,354.40813193004163,277.04430666842063,431.77195719166264,766,338,344,2012_Q3
2012-09-14 10:00:00,246,215.33351740874414,137.96969214712311,292.69734267036517,347,212,224,2012_Q3
2012-09-14 11:00:00,280,276.88734518313061,199.52351992150957,354.25117044475166,246,254,296,2012_Q3
2012-09-14 12:00:00,409,324.18557054211811,246.82174528049708,401.54939580373912,280,297,323,2012_Q3
2012-09-14 13:00:00,408,357.31159681014105,279.94777154852,434.67542207176211,409,283,354,2012_Q3
2012-09-14 14:00:00,371,380.01104215576294,302.64721689414193,457.37486741738394,408,274,253,2012_Q3
2012-09-14 15:00:00,367,370.86358272986365,293.49975746824259,448.22740799148471,371,352,331,2012_Q3
2012-09-14 16:00:00,563,478.95220450086646,401.58837923924546,556.31602976248746,367,491,470,2012_Q3
2012-09-14 17:00:00,894,618.95011442794248,541.58628916632142,696.31393968956354,563,884,772,2012_Q3
2012-09-14 18:00:00,808,735.40931979107438,658.04549452945332,812.77314505269544,894,852,792,2012_Q3
2012-09-14 19:00:00,579,561.97574924082915,484.61192397920809,639.3395745024502,808,674,568,2012_Q3
2012-09-14 20:00:00,404,426.12907429870461,348.76524903708355,503.49289956032567,579,463,391,2012_Q3
2012-09-14 21:00:00,312,317.83194061386939,240.46811535224836,395.19576587549045,404,317,301,2012_Q3
2012-09-14 22:00:00,229,273.92571632555303,196.56189106393199,351.28954158717409,312,251,299,2012_Q3
2012-09-14 23:00:00,195,192.34323311790871,114.97940785628768,269.70705837952971,229,170,248,2012_Q3
2012-09-15 00:00:00,207,138.23731698792201,60.873491726300983,215.60114224954305,195,87,150,2012_Q3
2012-09-15 01:00:00,109,145.19032881836586,67.826503556744825,222.55415407998689,207,41,117,2012_Q3
2012-09-15 02:00:00,93,73.462794319352582,0,150.82661958097361,109,30,77,2012_Q3
2012-09-15 03:00:00,37,43.881507205463812,0,121.24533246708484,93,14,43,2012_Q3
2012-09-15 04:00:00,6,10.747991312677136,0,88.11181657429816,37,12,11,2012_Q3
2012-09-15 05:00:00,16,12.009903683383133,0,89.37372894500416,6,41,15,2012_Q3
2012-09-15 06:00:00,33,47.24829817176672,0,124.61212343338775,16,152,34,2012_Q3
2012-09-15 07:00:00,73,86.479162304591028,9.1153370429699976,163.84298756621206,33,454,82,2012_Q3
2012-09-15 08:00:00,212,176.96881650257913,99.6049912409581,254.33264176420016,73,766,230,2012_Q3
2012-09-15 09:00:00,342,318.0844766182438,240.72065135662277,395.44830187986486,212,347,348,2012_Q3
2012-09-15 10:00:00,442,400.76164319537878,323.39781793375778,478.12546845699978,342,246,422,2012_Q3
2012-09-15 11:00:00,627,517.32362521878315,439.95979995716209,594.68745048040421,442,280,578,2012_Q3
2012-09-15 12:00:00,706,630.79225334545993,553.42842808383887,708.15607860708099,627,409,694,2012_Q3
2012-09-15 13:00:00,704,652.85635049801954,575.49252523639848,730.2201757596406,706,408,668,2012_Q3
2012-09-15 14:00:00,715,674.72505661814421,597.36123135652315,752.08888187976527,704,371,626,2012_Q3
2012-09-15 15:00:00,654,612.09346761943266,534.7296423578116,689.45729288105372,715,367,512,2012_Q3
2012-09-15 16:00:00,783,590.14607773880084,512.78225247717978,667.5099030004219,654,563,114,2012_Q3
2012-09-15 17:00:00,729,633.23448820055944,555.87066293893838,710.5983134621805,783,894,171,2012_Q3
2012-09-15 18:00:00,614,583.9604447515818,506.59661948996074,661.32427001320286,729,808,167,2012_Q3
2012-09-15 19:00:00,478,486.56591443425799,409.20208917263699,563.92973969587899,614,579,215,2012_Q3
2012-09-15 20:00:00,330,335.44058217214246,258.07675691052145,412.80440743376346,478,404,194,2012_Q3
2012-09-15 21:00:00,296,265.19236522482242,187.82853996320139,342.55619048644348,330,312,181,2012_Q3
2012-09-15 22:00:00,279,261.05308782347237,183.68926256185134,338.41691308509337,296,229,194,2012_Q3
2012-09-15 23:00:00,229,213.48831074980964,136.12448548818861,290.85213601143067,279,195,133,2012_Q3
2012-09-16 00:00:00,151,157.07420592896736,79.710380667346328,234.43803119058839,229,207,124,2012_Q3
2012-09-16 01:00:00,117,113.64807609121408,36.284250829593049,191.01190135283511,151,109,124,2012_Q3
2012-09-16 02:00:00,89,91.358164562632226,13.994339301011195,168.72198982425326,117,93,96,2012_Q3
2012-09-16 03:00:00,48,47.690276339765269,0,125.05410160138629,89,37,46,2012_Q3
2012-09-16 04:00:00,8,16.984289556003677,0,94.348114817624705,48,6,28,2012_Q3
2012-09-16 05:00:00,13,17.959278402192552,0,95.323103663813583,8,16,55,2012_Q3
2012-09-16 06:00:00,35,39.111945570705579,0,116.47577083232662,13,33,35,2012_Q3
2012-09-16 07:00:00,71,85.785062766172558,8.4212375045515273,163.14888802779359,35,73,70,2012_Q3
2012-09-16 08:00:00,128,176.97194222203203,99.608116960410996,254.33576748365306,71,212,170,2012_Q3
2012-09-16 09:00:00,296,232.14313815772618,154.77931289610515,309.50696341934724,128,342,299,2012_Q3
2012-09-16 10:00:00,490,434.50978000933355,357.14595474771249,511.87360527095461,296,442,495,2012_Q3
2012-09-16 11:00:00,559,555.90780589934241,478.54398063772135,633.27163116096347,490,627,585,2012_Q3
2012-09-16 12:00:00,656,648.52906558539621,571.16524032377515,725.89289084701727,559,706,757,2012_Q3
2012-09-16 13:00:00,694,644.54219830811269,567.17837304649163,721.90602356973375,656,704,729,2012_Q3
2012-09-16 14:00:00,635,650.10777795888896,572.7439526972679,727.47160322051002,694,715,647,2012_Q3
2012-09-16 15:00:00,557,641.51784965750767,564.15402439588661,718.88167491912873,635,654,696,2012_Q3
2012-09-16 16:00:00,596,639.25662347137643,561.89279820975537,716.62044873299749,557,783,701,2012_Q3
2012-09-16 17:00:00,570,649.17589650291734,571.81207124129628,726.5397217645384,596,729,671,2012_Q3
2012-09-16 18:00:00,481,607.87927716997513,530.51545190835407,685.24310243159618,570,614,560,2012_Q3
2012-09-16 19:00:00,403,427.22935871942605,349.86553345780499,504.5931839810471,481,478,496,2012_Q3
2012-09-16 20:00:00,324,302.9420943632519,225.57826910163087,380.3059196248729,403,330,356,2012_Q3
2012-09-16 21:00:00,191,247.74372236534947,170.37989710372844,325.10754762697047,324,296,206,2012_Q3
2012-09-16 22:00:00,127,164.51488107235122,87.151055810730185,241.87870633397225,191,279,189,2012_Q3
2012-09-16 23:00:00,94,88.078479377527202,10.714654115906171,165.44230463914823,127,229,92,2012_Q3
2012-09-17 00:00:00,45,50.861979741370888,0,128.22580500299193,94,151,41,2012_Q3
2012-09-17 01:00:00,21,22.39898392928496,0,99.762809190905983,45,117,18,2012_Q3
2012-09-17 02:00:00,13,14.731338276150801,0,92.095163537771839,21,89,17,2012_Q3
2012-09-17 03:00:00,7,7.9682666515126144,0,85.332091913133638,13,48,12,2012_Q3
2012-09-17 04:00:00,11,5.871367509790514,0,83.235192771411548,7,8,5,2012_Q3
2012-09-17 05:00:00,45,32.018006516005812,0,109.38183177762684,11,13,40,2012_Q3
2012-09-17 06:00:00,164,143.5364425554547,66.172617293833667,220.90026781707573,45,35,180,2012_Q3
2012-09-17 07:00:00,492,455.08750681686047,377.72368155523941,532.45133207848153,164,71,447,2012_Q3
2012-09-17 08:00:00,683,654.22408363042007,576.86025836879901,731.58790889204113,492,128,730,2012_Q3
2012-09-17 09:00:00,299,352.61808026916691,275.25425500754591,429.98190553078791,683,296,361,2012_Q3
2012-09-17 10:00:00,202,252.95546436281174,175.59163910119071,330.31928962443277,299,490,210,2012_Q3
2012-09-17 11:00:00,252,211.51178734987957,134.14796208825854,288.87561261150063,202,559,236,2012_Q3
2012-09-17 12:00:00,295,259.15285429396118,181.78902903234015,336.51667955558219,252,656,332,2012_Q3
2012-09-17 13:00:00,343,298.54640840117412,221.18258313955309,375.91023366279512,295,694,323,2012_Q3
2012-09-17 14:00:00,332,316.70852830287294,239.3447030412519,394.07235356449394,343,635,340,2012_Q3
2012-09-17 15:00:00,338,333.76814630039081,256.40432103876981,411.13197156201181,332,557,346,2012_Q3
2012-09-17 16:00:00,453,459.54207738835169,382.17825212673063,536.90590264997275,338,596,488,2012_Q3
2012-09-17 17:00:00,842,626.0376769893187,548.67385172769764,703.40150225093976,453,570,871,2012_Q3
2012-09-17 18:00:00,774,658.87409640869157,581.51027114707051,736.23792167031263,842,481,968,2012_Q3
2012-09-17 19:00:00,486,562.76401157413432,485.40018631251326,640.12783683575537,774,403,633,2012_Q3
2012-09-17 20:00:00,340,354.21907026825141,276.85524500663041,431.58289552987242,486,324,390,2012_Q3
2012-09-17 21:00:00,233,276.26711152917449,198.90328626755345,353.63093679079554,340,191,285,2012_Q3
2012-09-17 22:00:00,129,133.14366920552794,55.779843943906911,210.50749446714897,233,127,159,2012_Q3
2012-09-17 23:00:00,70,79.759427866440262,2.3956026048192314,157.12325312806129,129,94,93,2012_Q3
2012-09-18 00:00:00,13,32.976893953678001,0,110.34071921529903,70,45,32,2012_Q3
2012-09-18 01:00:00,5,8.1073634032419228,0,85.47118866486295,13,21,10,2012_Q3
2012-09-18 02:00:00,4,4.6425546289265816,0,82.006379890547606,5,13,6,2012_Q3
2012-09-18 03:00:00,6,4.264223337503064,0,81.628048599124099,4,7,8,2012_Q3
2012-09-18 04:00:00,7,6.484523109264571,0,83.848348370885603,6,11,9,2012_Q3
2012-09-18 05:00:00,48,30.960834061456005,0,108.32465932307704,7,45,44,2012_Q3
2012-09-18 06:00:00,167,142.37864576790068,65.014820506279648,219.74247102952171,48,164,211,2012_Q3
2012-09-18 07:00:00,356,458.88912969858131,381.52530443696025,536.25295496020237,167,492,596,2012_Q3
2012-09-18 08:00:00,672,506.35156390144323,428.98773863982217,583.71538916306429,356,683,750,2012_Q3
2012-09-18 09:00:00,293,301.06005252202198,223.69622726040095,378.42387778364298,672,299,358,2012_Q3
2012-09-18 10:00:00,160,135.21346406610871,57.849638804487682,212.57728932772974,293,202,196,2012_Q3
2012-09-18 11:00:00,151,128.79566728975689,51.431842028135861,206.15949255137792,160,252,247,2012_Q3
2012-09-18 12:00:00,88,163.99564793946067,86.631822677839637,241.3594732010817,151,295,316,2012_Q3
2012-09-18 13:00:00,114,78.208310874083068,0.84448561246203724,155.57213613570411,88,343,328,2012_Q3
2012-09-18 14:00:00,143,118.19793702750039,40.834111765879356,195.56176228912142,114,332,255,2012_Q3
2012-09-18 15:00:00,36,114.74090705825603,37.377081796634997,192.10473231987706,143,338,326,2012_Q3
2012-09-18 16:00:00,141,81.303917506877042,3.940092245256011,158.66774276849807,36,453,536,2012_Q3
2012-09-18 17:00:00,338,411.85213510237094,334.48830984074993,489.21596036399194,141,842,970,2012_Q3
2012-09-18 18:00:00,281,413.74491683085375,336.38109156923269,491.10874209247481,338,774,877,2012_Q3
2012-09-18 19:00:00,324,314.79450986424024,237.43068460261921,392.1583351258613,281,486,596,2012_Q3
2012-09-18 20:00:00,290,270.18949015919924,192.82566489757821,347.55331542082024,324,340,461,2012_Q3
2012-09-18 21:00:00,207,228.66975655083016,151.30593128920913,306.03358181245119,290,233,310,2012_Q3
2012-09-18 22:00:00,151,159.32469277835139,81.96086751673036,236.68851803997242,207,129,216,2012_Q3
2012-09-18 23:00:00,78,75.359305285074001,0,152.72313054669502,151,70,109,2012_Q3
2012-09-19 00:00:00,26,37.319433361911798,0,114.68325862353282,78,13,49,2012_Q3
2012-09-19 01:00:00,12,14.393967654017819,0,91.757792915638845,26,5,21,2012_Q3
2012-09-19 02:00:00,3,7.1795955753582374,0,84.543420836979266,12,4,11,2012_Q3
2012-09-19 03:00:00,5,4.32519291729733,0,81.68901817891836,3,6,7,2012_Q3
2012-09-19 04:00:00,10,5.6217101947144954,0,82.985535456335526,5,7,5,2012_Q3
2012-09-19 05:00:00,56,32.955774875605158,0,110.31960013722619,10,48,48,2012_Q3
2012-09-19 06:00:00,172,150.32434535574245,72.960520094121421,227.68817061736348,56,167,205,2012_Q3
2012-09-19 07:00:00,545,419.87122362513935,342.50739836351829,497.23504888676041,172,356,557,2012_Q3
2012-09-19 08:00:00,797,624.08467836630371,546.72085310468265,701.44850362792477,545,672,770,2012_Q3
2012-09-19 09:00:00,362,305.22201914944935,227.85819388782832,382.58584441107041,797,293,328,2012_Q3
2012-09-19 10:00:00,192,210.45784731175127,133.09402205013023,287.82167257337233,362,160,205,2012_Q3
2012-09-19 11:00:00,247,238.26294362459248,160.89911836297145,315.62676888621354,192,151,232,2012_Q3
2012-09-19 12:00:00,313,284.19752434261119,206.83369908099016,361.56134960423219,247,88,352,2012_Q3
2012-09-19 13:00:00,289,291.29032097275768,213.92649571113665,368.65414623437869,313,114,323,2012_Q3
2012-09-19 14:00:00,286,252.04681709013198,174.68299182851095,329.41064235175304,289,143,278,2012_Q3
2012-09-19 15:00:00,311,303.49648317903814,226.13265791741711,380.8603084406592,286,36,318,2012_Q3
2012-09-19 16:00:00,466,535.69244381146166,458.3286185498406,613.05626907308272,311,141,509,2012_Q3
2012-09-19 17:00:00,886,711.09312340679332,633.72929814517227,788.45694866841438,466,338,925,2012_Q3
2012-09-19 18:00:00,892,756.68491243255005,679.32108717092899,834.04873769417111,886,281,977,2012_Q3
2012-09-19 19:00:00,611,618.1318369055698,540.76801164394874,695.49566216719086,892,324,635,2012_Q3
2012-09-19 20:00:00,409,489.36331462300228,411.99948936138128,566.72713988462328,611,290,470,2012_Q3
2012-09-19 21:00:00,349,300.97426210161774,223.61043683999671,378.33808736323874,409,207,306,2012_Q3
2012-09-19 22:00:00,229,229.46879244295619,152.10496718133516,306.83261770457722,349,151,212,2012_Q3
2012-09-19 23:00:00,123,141.60149712922583,64.237671867604803,218.96532239084686,229,78,127,2012_Q3
2012-09-20 00:00:00,58,56.885045159985388,0,134.24887042160643,123,26,57,2012_Q3
2012-09-20 01:00:00,18,26.140374805763884,0,103.50420006738491,58,12,28,2012_Q3
2012-09-20 02:00:00,11,11.676771253008434,0,89.04059651462947,18,3,9,2012_Q3
2012-09-20 03:00:00,6,7.294739652825351,0,84.658564914446387,11,5,11,2012_Q3
2012-09-20 04:00:00,6,5.8398608881712528,0,83.20368614979229,6,10,6,2012_Q3
2012-09-20 05:00:00,56,35.372891618067108,0,112.73671687968815,6,56,57,2012_Q3
2012-09-20 06:00:00,170,162.73230528648452,85.368480024863487,240.09613054810555,56,172,195,2012_Q3
2012-09-20 07:00:00,534,470.40501391722034,393.04118865559929,547.7688391788414,170,545,571,2012_Q3
2012-09-20 08:00:00,790,658.02883501644715,580.66500975482609,735.39266027806821,534,797,758,2012_Q3
2012-09-20 09:00:00,355,334.44738038696698,257.08355512534592,411.81120564858804,790,362,338,2012_Q3
2012-09-20 10:00:00,190,224.41459979282823,147.0507745312072,301.77842505444926,355,192,212,2012_Q3
2012-09-20 11:00:00,243,246.98448361448172,169.62065835286069,324.34830887610275,190,247,254,2012_Q3
2012-09-20 12:00:00,290,309.5151315687101,232.15130630708907,386.87895683033116,243,313,297,2012_Q3
2012-09-20 13:00:00,336,280.83276655907247,203.46894129745144,358.19659182069347,290,289,283,2012_Q3
2012-09-20 14:00:00,298,287.11258027981398,209.74875501819295,364.47640554143504,336,286,274,2012_Q3
2012-09-20 15:00:00,291,340.19686599266299,262.83304073104193,417.56069125428405,298,311,352,2012_Q3
2012-09-20 16:00:00,457,471.69158669270786,394.32776143108686,549.05541195432886,291,466,491,2012_Q3
2012-09-20 17:00:00,976,763.51993457657795,686.15610931495689,840.88375983819901,457,886,884,2012_Q3
2012-09-20 18:00:00,900,774.9975611810446,697.63373591942354,852.36138644266566,976,892,852,2012_Q3
2012-09-20 19:00:00,603,612.40415403221812,535.04032877059706,689.76797929383918,900,611,674,2012_Q3
2012-09-20 20:00:00,417,463.93899540415151,386.57517014253051,541.30282066577251,603,409,463,2012_Q3
2012-09-20 21:00:00,274,305.96549559612026,228.60167033449923,383.32932085774132,417,349,317,2012_Q3
2012-09-20 22:00:00,287,228.34593625790524,150.98211099628421,305.7097615195263,274,229,251,2012_Q3
2012-09-20 23:00:00,154,181.68708302895652,104.32325776733549,259.05090829057758,287,123,170,2012_Q3
2012-09-21 00:00:00,66,84.036202732640263,6.6723774710192316,161.40002799426128,154,58,87,2012_Q3
2012-09-21 01:00:00,49,37.557630067583013,0,114.92145532920404,66,18,41,2012_Q3
2012-09-21 02:00:00,14,25.863863441119531,0,103.22768870274056,49,11,30,2012_Q3
2012-09-21 03:00:00,12,9.0465823910073091,0,86.410407652628336,14,6,14,2012_Q3
2012-09-21 04:00:00,10,7.3486476894086943,0,84.712472951029724,12,6,12,2012_Q3
2012-09-21 05:00:00,49,32.491683688734859,0,109.8555089503559,10,56,41,2012_Q3
2012-09-21 06:00:00,165,152.94326718619155,75.579441924570517,230.30709244781258,49,170,152,2012_Q3
2012-09-21 07:00:00,503,447.6184007551193,370.25457549349824,524.98222601674036,165,534,454,2012_Q3
2012-09-21 08:00:00,757,662.19998469601853,584.83615943439747,739.56380995763959,503,790,766,2012_Q3
2012-09-21 09:00:00,383,371.5458986242009,294.1820733625799,448.9097238858219,757,355,347,2012_Q3
2012-09-21 10:00:00,225,264.36767276823139,187.00384750661036,341.73149802985245,383,190,246,2012_Q3
2012-09-21 11:00:00,321,261.0704684229953,183.70664316137427,338.43429368461636,225,243,280,2012_Q3
2012-09-21 12:00:00,389,388.10388415599112,310.74005889437012,465.46770941761213,321,290,409,2012_Q3
2012-09-21 13:00:00,421,378.46446420461399,301.10063894299299,455.82828946623499,389,336,408,2012_Q3
2012-09-21 14:00:00,412,397.82476340168324,320.46093814006224,475.18858866330424,421,298,371,2012_Q3
2012-09-21 15:00:00,423,442.10906840821661,364.74524314659561,519.47289366983762,412,291,367,2012_Q3
2012-09-21 16:00:00,567,561.22978616183502,483.86596090021396,638.59361142345608,423,457,563,2012_Q3
2012-09-21 17:00:00,846,718.88721889453132,641.52339363291026,796.25104415615237,567,976,894,2012_Q3
2012-09-21 18:00:00,805,699.7637701176352,622.39994485601414,777.12759537925626,846,900,808,2012_Q3
2012-09-21 19:00:00,588,528.68677465198027,451.32294939035921,606.05059991360133,805,603,579,2012_Q3
2012-09-21 20:00:00,369,442.43730243702424,365.07347717540324,519.80112769864525,588,417,404,2012_Q3
2012-09-21 21:00:00,312,313.37459249153994,236.01076722991891,390.738417753161,369,274,312,2012_Q3
2012-09-21 22:00:00,295,266.00159009207391,188.63776483045288,343.36541535369497,312,287,229,2012_Q3
2012-09-21 23:00:00,186,201.95492576128112,124.59110049966009,279.31875102290212,295,154,195,2012_Q3
2012-09-22 00:00:00,172,194.49290907300187,117.12908381138084,271.8567343346229,186,66,207,2012_Q3
2012-09-22 01:00:00,124,131.83481874495931,54.470993483338276,209.19864400658034,172,49,109,2012_Q3
2012-09-22 02:00:00,83,78.371489233866129,1.0076639722450977,155.73531449548716,124,14,93,2012_Q3
2012-09-22 03:00:00,45,37.55784798671592,0,114.92167324833696,83,12,37,2012_Q3
2012-09-22 04:00:00,15,13.40274192869518,0,90.766567190316209,45,10,6,2012_Q3
2012-09-22 05:00:00,17,14.306757205910879,0,91.670582467531915,15,49,16,2012_Q3
2012-09-22 06:00:00,41,43.225217369998354,0,120.58904263161938,17,165,33,2012_Q3
2012-09-22 07:00:00,77,89.840563752166474,12.476738490545443,167.20438901378751,41,503,73,2012_Q3
2012-09-22 08:00:00,218,175.10722909083327,97.743403829212241,252.4710543524543,77,757,212,2012_Q3
2012-09-22 09:00:00,377,317.42356403571443,240.0597387740934,394.78738929733549,218,383,342,2012_Q3
2012-09-22 10:00:00,474,418.27695540575064,340.91313014412958,495.6407806673717,377,225,442,2012_Q3
2012-09-22 11:00:00,626,535.15734061884109,457.79351535722003,612.52116588046215,474,321,627,2012_Q3
2012-09-22 12:00:00,688,610.76989570126091,533.40607043963985,688.13372096288197,626,389,706,2012_Q3
2012-09-22 13:00:00,707,621.73571818508583,544.37189292346477,699.09954344670689,688,421,704,2012_Q3
2012-09-22 14:00:00,654,614.47451171393914,537.11068645231808,691.8383369755602,707,412,715,2012_Q3
2012-09-22 15:00:00,750,589.60399125015374,512.24016598853268,666.9678165117748,654,423,654,2012_Q3
2012-09-22 16:00:00,680,607.19349613488532,529.82967087326426,684.55732139650638,750,567,783,2012_Q3
2012-09-22 17:00:00,646,625.61498316416294,548.25115790254188,702.978808425784,680,846,729,2012_Q3
2012-09-22 18:00:00,598,586.38859523235567,509.02476997073461,663.75242049397673,646,805,614,2012_Q3
2012-09-22 19:00:00,407,504.14969563219177,426.78587037057071,581.51352089381282,598,588,478,2012_Q3
2012-09-22 20:00:00,325,307.67474425751283,230.3109189958918,385.03856951913383,407,369,330,2012_Q3
2012-09-22 21:00:00,261,269.48485850151314,192.12103323989211,346.8486837631342,325,312,296,2012_Q3
2012-09-22 22:00:00,239,248.48519794516059,171.12137268353956,325.84902320678162,261,295,279,2012_Q3
2012-09-22 23:00:00,171,204.3498897923387,126.98606453071767,281.71371505395973,239,186,229,2012_Q3
2012-09-23 00:00:00,180,137.93252880070284,60.56870353908181,215.29635406232387,171,172,151,2012_Q3
2012-09-23 01:00:00,142,128.74814924680339,51.384323985182363,206.11197450842442,180,124,117,2012_Q3
2012-09-23 02:00:00,95,100.33496941971417,22.971144158093139,177.69879468133519,142,83,89,2012_Q3
2012-09-23 03:00:00,54,49.696934951893454,0,127.06076021351448,95,45,48,2012_Q3
2012-09-23 04:00:00,10,16.050860961521902,0,93.414686223142937,54,15,8,2012_Q3
2012-09-23 05:00:00,6,13.013809639113473,0,90.377634900734506,10,17,13,2012_Q3
2012-09-23 06:00:00,16,23.578546521252857,0,100.94237178287389,6,41,35,2012_Q3
2012-09-23 07:00:00,57,54.251828800757139,0,131.61565406237816,16,77,71,2012_Q3
2012-09-23 08:00:00,175,129.75480297755729,52.390977715936259,207.11862823917832,57,218,128,2012_Q3
2012-09-23 09:00:00,276,287.08314039304639,209.71931513142536,364.44696565466745,175,377,296,2012_Q3
2012-09-23 10:00:00,489,432.49366673327614,355.12984147165514,509.85749199489715,276,474,490,2012_Q3
2012-09-23 11:00:00,570,554.01597865181589,476.65215339019483,631.37980391343694,489,626,559,2012_Q3
2012-09-23 12:00:00,776,651.00985763414315,573.64603237252209,728.3736828957642,570,688,656,2012_Q3
2012-09-23 13:00:00,702,675.06580503897192,597.70197977735086,752.42963030059298,776,707,694,2012_Q3
2012-09-23 14:00:00,666,658.35194723625261,580.98812197463155,735.71577249787367,702,654,635,2012_Q3
2012-09-23 15:00:00,640,608.47010084922329,531.10627558760223,685.83392611084435,666,750,557,2012_Q3
2012-09-23 16:00:00,691,595.9239077694491,518.56008250782804,673.28773303107016,640,680,596,2012_Q3
2012-09-23 17:00:00,723,602.86608978463312,525.50226452301206,680.22991504625418,691,646,570,2012_Q3
2012-09-23 18:00:00,540,554.86900311422733,477.50517785260627,632.23282837584838,723,598,481,2012_Q3
2012-09-23 19:00:00,413,430.22375495638175,352.85992969476069,507.58758021800281,540,407,403,2012_Q3
2012-09-23 20:00:00,252,285.86999626068763,208.5061709990666,363.23382152230863,413,325,324,2012_Q3
2012-09-23 21:00:00,196,208.66024581276463,131.2964205511436,286.02407107438569,252,261,191,2012_Q3
2012-09-23 22:00:00,138,163.9852529492934,86.621427687672366,241.34907821091443,196,239,127,2012_Q3
2012-09-23 23:00:00,100,96.057949657206251,18.69412439558522,173.42177491882728,138,171,94,2012_Q3
2012-09-24 00:00:00,64,61.868658929475622,0,139.23248419109666,100,180,45,2012_Q3
2012-09-24 01:00:00,18,34.988623701240677,0,112.3524489628617,64,142,21,2012_Q3
2012-09-24 02:00:00,8,12.421419646697547,0,89.785244908318575,18,95,13,2012_Q3
2012-09-24 03:00:00,5,4.8979213652514826,0,82.261746626872508,8,54,7,2012_Q3
2012-09-24 04:00:00,8,6.0902774906438424,0,83.454102752264873,5,10,11,2012_Q3
2012-09-24 05:00:00,37,29.26147056580227,0,106.6252958274233,8,6,45,2012_Q3
2012-09-24 06:00:00,168,141.4886130280575,64.124787766436469,218.85243828967853,37,16,164,2012_Q3
2012-09-24 07:00:00,530,489.53763513921933,412.17380987759827,566.90146040084039,168,57,492,2012_Q3
2012-09-24 08:00:00,750,633.64009425467771,556.27626899305665,711.00391951629877,530,175,683,2012_Q3
2012-09-24 09:00:00,328,312.16082349521622,234.79699823359519,389.52464875683722,750,276,299,2012_Q3
2012-09-24 10:00:00,198,253.9648656807382,176.60104041911717,331.32869094235923,328,489,202,2012_Q3
2012-09-24 11:00:00,238,233.26905194378006,155.90522668215903,310.63287720540109,198,570,252,2012_Q3
2012-09-24 12:00:00,342,305.70088261402128,228.33705735240025,383.06470787564228,238,776,295,2012_Q3
2012-09-24 13:00:00,328,337.22557428946749,259.86174902784649,414.58939955108849,342,702,343,2012_Q3
2012-09-24 14:00:00,303,314.06709542956759,236.70327016794656,391.43092069118859,328,666,332,2012_Q3
2012-09-24 15:00:00,300,395.8287374667122,318.4649122050912,473.1925627283332,303,640,338,2012_Q3
2012-09-24 16:00:00,516,489.01896548756014,411.65514022593914,566.38279074918114,300,691,453,2012_Q3
2012-09-24 17:00:00,898,725.86777633561815,648.50395107399709,803.23160159723921,516,723,842,2012_Q3
2012-09-24 18:00:00,853,733.22033221663833,655.85650695501727,810.58415747825939,898,540,774,2012_Q3
2012-09-24 19:00:00,590,486.07154648930293,408.70772122768187,563.43537175092399,853,413,486,2012_Q3
2012-09-24 20:00:00,432,356.50123700113522,279.13741173951416,433.86506226275628,590,252,340,2012_Q3
2012-09-24 21:00:00,256,305.82201007907349,228.45818481745246,383.18583534069455,432,196,233,2012_Q3
2012-09-24 22:00:00,172,185.5768257448689,108.21300048324787,262.94065100648993,256,138,129,2012_Q3
2012-09-24 23:00:00,94,102.73674092635295,25.37291566473192,180.10056618797398,172,100,70,2012_Q3
2012-09-25 00:00:00,64,43.527293435372968,0,120.891118696994,94,64,13,2012_Q3
2012-09-25 01:00:00,13,29.232788010323169,0,106.59661327194419,64,18,5,2012_Q3
2012-09-25 02:00:00,14,8.0436056108994123,0,85.40743087252045,13,8,4,2012_Q3
2012-09-25 03:00:00,5,5.5395604420277236,0,82.903385703648752,14,5,6,2012_Q3
2012-09-25 04:00:00,9,5.0991717858902037,0,82.462997047511237,5,8,7,2012_Q3
2012-09-25 05:00:00,47,33.968989915481991,0,111.33281517710302,9,37,48,2012_Q3
2012-09-25 06:00:00,194,158.32289243088195,80.959067169260919,235.68671769250298,47,168,167,2012_Q3
2012-09-25 07:00:00,556,459.99478781275974,382.63096255113874,537.35861307438074,194,530,356,2012_Q3
2012-09-25 08:00:00,805,626.32926880481921,548.96544354319815,703.69309406644027,556,750,672,2012_Q3
2012-09-25 09:00:00,409,296.24260806162539,218.87878280000436,373.60643332324639,805,328,293,2012_Q3
2012-09-25 10:00:00,170,230.70042141105418,153.33659614943315,308.06424667267521,409,198,160,2012_Q3
2012-09-25 11:00:00,218,210.08874068577134,132.72491542415031,287.45256594739237,170,238,151,2012_Q3
2012-09-25 12:00:00,302,257.93535860236182,180.57153334074079,335.29918386398288,218,342,88,2012_Q3
2012-09-25 13:00:00,305,266.65092510239492,189.28709984077389,344.01475036401598,302,328,114,2012_Q3
2012-09-25 14:00:00,293,260.10132354530737,182.73749828368634,337.46514880692837,305,303,143,2012_Q3
2012-09-25 15:00:00,303,309.71684528645841,232.35302002483738,387.08067054807941,293,300,36,2012_Q3
2012-09-25 16:00:00,495,432.98168884062085,355.61786357899985,510.34551410224185,303,516,141,2012_Q3
2012-09-25 17:00:00,967,656.8634101867766,579.49958492515555,734.22723544839766,495,898,338,2012_Q3
2012-09-25 18:00:00,822,737.35777840469029,659.99395314306923,814.72160366631135,967,853,281,2012_Q3
2012-09-25 19:00:00,539,588.05595799134483,510.69213272972377,665.41978325296589,822,590,324,2012_Q3
2012-09-25 20:00:00,425,439.46241765060756,362.0985923889865,516.82624291222862,539,432,290,2012_Q3
2012-09-25 21:00:00,297,336.16455188606659,258.80072662444559,413.52837714768759,425,256,207,2012_Q3
2012-09-25 22:00:00,188,214.02494318300882,136.66111792138778,291.38876844462982,297,172,151,2012_Q3
2012-09-25 23:00:00,98,107.02271800366947,29.658892742048437,184.3865432652905,188,94,78,2012_Q3
2012-09-26 00:00:00,40,52.694983462072337,0,130.05880872369337,98,64,26,2012_Q3
2012-09-26 01:00:00,29,14.807909434934555,0,92.171734696555589,40,13,12,2012_Q3
2012-09-26 02:00:00,17,11.058476783841158,0,88.422302045462189,29,14,3,2012_Q3
2012-09-26 03:00:00,10,6.791969503606917,0,84.155794765227952,17,5,5,2012_Q3
2012-09-26 04:00:00,14,6.4799022100768751,0,83.843727471697903,10,9,10,2012_Q3
2012-09-26 05:00:00,36,31.570271022642814,0,108.93409628426384,14,47,56,2012_Q3
2012-09-26 06:00:00,182,151.54340285726849,74.179577595647459,228.90722811888952,36,194,172,2012_Q3
2012-09-26 07:00:00,532,507.76061673231953,430.39679147069853,585.12444199394054,182,556,545,2012_Q3
2012-09-26 08:00:00,838,653.91101111440707,576.54718585278601,731.27483637602813,532,805,797,2012_Q3
2012-09-26 09:00:00,334,418.96355253472598,341.59972727310492,496.32737779634704,838,409,362,2012_Q3
2012-09-26 10:00:00,185,204.1959587764278,126.83213351480677,281.55978403804886,334,170,192,2012_Q3
2012-09-26 11:00:00,227,219.14203752849278,141.77821226687175,296.50586279011384,185,218,247,2012_Q3
2012-09-26 12:00:00,316,279.73676606657915,202.37294080495812,357.10059132820015,227,302,313,2012_Q3
2012-09-26 13:00:00,340,294.41628757225976,217.05246231063873,371.78011283388082,316,305,289,2012_Q3
2012-09-26 14:00:00,277,288.59114223114148,211.22731696952044,365.95496749276253,340,293,286,2012_Q3
2012-09-26 15:00:00,300,327.72654145024677,250.36271618862574,405.09036671186777,277,303,311,2012_Q3
2012-09-26 16:00:00,468,476.39273824007375,399.02891297845269,553.75656350169481,300,495,466,2012_Q3
2012-09-26 17:00:00,953,773.11393785366158,695.75011259204052,850.47776311528264,468,967,886,2012_Q3
2012-09-26 18:00:00,884,762.29236838402483,684.92854312240377,839.65619364564589,953,822,892,2012_Q3
2012-09-26 19:00:00,627,594.5238800981125,517.16005483649144,671.88770535973356,884,539,611,2012_Q3
2012-09-26 20:00:00,434,463.86819935454037,386.50437409291931,541.23202461616143,627,425,409,2012_Q3
2012-09-26 21:00:00,360,333.92172391325801,256.55789865163695,411.28554917487907,434,297,349,2012_Q3
2012-09-26 22:00:00,215,261.26034945013521,183.89652418851418,338.62417471175627,360,188,229,2012_Q3
2012-09-26 23:00:00,115,124.82284439324735,47.45901913162632,202.18666965486838,215,98,123,2012_Q3
2012-09-27 00:00:00,65,57.187062065037331,0,134.55088732665837,115,40,58,2012_Q3
2012-09-27 01:00:00,21,30.794705324020843,0,108.15853058564187,65,29,18,2012_Q3
2012-09-27 02:00:00,16,13.181238791442608,0,90.545064053063641,21,17,11,2012_Q3
2012-09-27 03:00:00,7,7.7330627658087945,0,85.096888027429827,16,10,6,2012_Q3
2012-09-27 04:00:00,8,5.9842954028886677,0,83.348120664509693,7,14,6,2012_Q3
2012-09-27 05:00:00,66,35.690818348567205,0,113.05464361018824,8,36,56,2012_Q3
2012-09-27 06:00:00,169,184.70105034464265,107.33722508302162,262.06487560626368,66,182,170,2012_Q3
2012-09-27 07:00:00,558,472.36872932230079,395.00490406067979,549.7325545839218,169,532,534,2012_Q3
2012-09-27 08:00:00,794,624.03950079750211,546.67567553588106,701.40332605912317,558,838,790,2012_Q3
2012-09-27 09:00:00,335,386.55179461837326,309.18796935675221,463.91561987999432,794,334,355,2012_Q3
2012-09-27 10:00:00,208,207.92643901815211,130.56261375653108,285.29026427977317,335,185,190,2012_Q3
2012-09-27 11:00:00,294,235.3915568009723,158.02773153935127,312.7553820625933,208,227,243,2012_Q3
2012-09-27 12:00:00,335,310.79663616006599,233.43281089844496,388.16046142168705,294,316,290,2012_Q3
2012-09-27 13:00:00,326,292.53805000421585,215.17422474259482,369.90187526583691,335,340,336,2012_Q3
2012-09-27 14:00:00,258,277.74203462763796,200.37820936601693,355.10585988925902,326,277,298,2012_Q3
2012-09-27 15:00:00,296,281.62103126531855,204.25720600369752,358.98485652693955,258,300,291,2012_Q3
2012-09-27 16:00:00,472,432.18888277883661,354.82505751721555,509.55270804045767,296,468,457,2012_Q3
2012-09-27 17:00:00,905,618.32025446867306,540.956429207052,695.68407973029412,472,953,976,2012_Q3
2012-09-27 18:00:00,899,655.64298359145494,578.27915832983388,733.006808853076,905,884,900,2012_Q3
2012-09-27 19:00:00,559,530.32580489065958,452.96197962903852,607.68963015228064,899,627,603,2012_Q3
2012-09-27 20:00:00,457,404.75759328909908,327.39376802747802,482.12141855072014,559,434,417,2012_Q3
2012-09-27 21:00:00,253,341.91026782646259,264.54644256484153,419.27409308808365,457,360,274,2012_Q3
2012-09-27 22:00:00,47,164.14280178973854,86.778976528117511,241.50662705135957,253,215,287,2012_Q3
2012-09-27 23:00:00,45,57.089499224569764,0,134.45332448619081,47,115,154,2012_Q3
2012-09-28 00:00:00,17,32.71345422013588,0,110.0772794817569,45,65,66,2012_Q3
2012-09-28 01:00:00,13,14.742869666803928,0,92.106694928424957,17,21,49,2012_Q3
2012-09-28 02:00:00,10,8.0600031619620705,0,85.423828423583103,13,16,14,2012_Q3
2012-09-28 03:00:00,7,5.9223852883387469,0,83.286210549959776,10,7,12,2012_Q3
2012-09-28 04:00:00,12,6.7051416478240817,0,84.068966909445109,7,8,10,2012_Q3
2012-09-28 05:00:00,38,32.647146682410437,0,110.01097194403147,12,66,49,2012_Q3
2012-09-28 06:00:00,138,148.70636605411784,71.342540792496806,226.07019131573887,38,169,165,2012_Q3
2012-09-28 07:00:00,394,417.55485980858128,340.19103454696028,494.91868507020229,138,558,503,2012_Q3
2012-09-28 08:00:00,705,615.08601774537647,537.72219248375541,692.44984300699753,394,794,757,2012_Q3
2012-09-28 09:00:00,426,394.59738603018809,317.23356076856703,471.96121129180915,705,335,383,2012_Q3
2012-09-28 10:00:00,245,238.66431111900732,161.30048585738629,316.02813638062833,426,208,225,2012_Q3
2012-09-28 11:00:00,361,287.82113065621854,210.45730539459751,365.1849559178396,245,294,321,2012_Q3
2012-09-28 12:00:00,380,413.12252210788762,335.75869684626662,490.48634736950862,361,335,389,2012_Q3
2012-09-28 13:00:00,410,340.3415331921338,262.97770793051279,417.7053584537548,380,326,421,2012_Q3
2012-09-28 14:00:00,399,365.61796191418392,288.25413665256292,442.98178717580493,410,258,412,2012_Q3
2012-09-28 15:00:00,392,386.88731444463394,309.52348918301288,464.251139706255,399,296,423,2012_Q3
2012-09-28 16:00:00,502,490.34117196742341,412.97734670580235,567.70499722904447,392,472,567,2012_Q3
2012-09-28 17:00:00,808,606.81965225517069,529.45582699354964,684.18347751679175,502,905,846,2012_Q3
2012-09-28 18:00:00,667,607.01601002437712,529.65218476275606,684.37983528599818,808,899,805,2012_Q3
2012-09-28 19:00:00,508,465.04240870834826,387.6785834467272,542.40623396996932,667,559,588,2012_Q3
2012-09-28 20:00:00,336,330.24593516945345,252.88210990783242,407.60976043107451,508,457,369,2012_Q3
2012-09-28 21:00:00,237,226.54125648494389,149.17743122332286,303.90508174656492,336,253,312,2012_Q3
2012-09-28 22:00:00,220,171.78805985802887,94.424234596407842,249.1518851196499,237,47,295,2012_Q3
2012-09-28 23:00:00,190,167.18373833545769,89.819913073836659,244.54756359707872,220,45,186,2012_Q3
2012-09-29 00:00:00,149,126.37854274741123,49.0147174857902,203.74236800903225,190,17,172,2012_Q3
2012-09-29 01:00:00,101,90.626658508432968,13.262833246811937,167.990483770054,149,13,124,2012_Q3
2012-09-29 02:00:00,92,72.00881944941554,0,149.37264471103657,101,10,83,2012_Q3
2012-09-29 03:00:00,29,41.627270963970766,0,118.9910962255918,92,7,45,2012_Q3
2012-09-29 04:00:00,14,11.779202000918463,0,89.143027262539491,29,12,15,2012_Q3
2012-09-29 05:00:00,15,13.978096459188833,0,91.341921720809864,14,38,17,2012_Q3
2012-09-29 06:00:00,37,45.905699122638374,0,123.2695243842594,15,138,41,2012_Q3
2012-09-29 07:00:00,73,83.569376036901289,6.2055507752802583,160.93320129852231,37,394,77,2012_Q3
2012-09-29 08:00:00,211,181.58943217463391,104.22560691301288,258.95325743625494,73,705,218,2012_Q3
2012-09-29 09:00:00,332,334.49692715579164,257.13310189417064,411.86075241741264,211,426,377,2012_Q3
2012-09-29 10:00:00,472,419.21956451095548,341.85573924933442,496.58338977257654,332,245,474,2012_Q3
2012-09-29 11:00:00,663,526.97309789239273,449.60927263077167,604.33692315401379,472,361,626,2012_Q3
2012-09-29 12:00:00,682,636.91819474765794,559.55436948603688,714.28202000927899,663,380,688,2012_Q3
2012-09-29 13:00:00,686,659.1142364899913,581.75041122837024,736.47806175161236,682,410,707,2012_Q3
2012-09-29 14:00:00,750,646.42708987489584,569.06326461327478,723.7909151365169,686,399,654,2012_Q3
2012-09-29 15:00:00,727,658.14035727097382,580.77653200935276,735.50418253259488,750,392,750,2012_Q3
2012-09-29 16:00:00,722,634.4616204623718,557.09779520075074,711.82544572399286,727,502,680,2012_Q3
2012-09-29 17:00:00,712,651.42105423742692,574.05722897580586,728.78487949904797,722,808,646,2012_Q3
2012-09-29 18:00:00,594,631.42592859916863,554.06210333754757,708.78975386078969,712,667,598,2012_Q3
2012-09-29 19:00:00,470,500.49948947540884,423.13566421378778,577.8633147370299,594,508,407,2012_Q3
2012-09-29 20:00:00,315,326.77258880531349,249.40876354369246,404.13641406693455,470,336,325,2012_Q3
2012-09-29 21:00:00,292,261.60722884064683,184.2434035790258,338.97105410226789,315,237,261,2012_Q3
2012-09-29 22:00:00,221,247.11697521086748,169.75314994924645,324.48080047248851,292,220,239,2012_Q3
2012-09-29 23:00:00,196,186.2643771275788,108.90055186595777,263.62820238919983,221,190,171,2012_Q3
2012-09-30 00:00:00,147,140.50701402146314,63.143188759842104,217.87083928308417,196,149,180,2012_Q3
2012-09-30 01:00:00,116,110.57394369293438,33.210118431313347,187.93776895455539,147,101,142,2012_Q3
2012-09-30 02:00:00,92,90.497209745275072,13.133384483654041,167.86103500689609,116,92,95,2012_Q3
2012-09-30 03:00:00,58,46.454386671760858,0,123.81821193338189,92,29,54,2012_Q3
2012-09-30 04:00:00,7,13.903473114285241,0,91.267298375906279,58,14,10,2012_Q3
2012-09-30 05:00:00,10,9.3423039887826427,0,86.706129250403677,7,15,6,2012_Q3
2012-09-30 06:00:00,22,22.836646938629229,0,100.20047220025026,10,37,16,2012_Q3
2012-09-30 07:00:00,57,63.993995526688153,0,141.3578207883092,22,73,57,2012_Q3
2012-09-30 08:00:00,144,125.28019206482615,47.916366803205122,202.64401732644717,57,211,175,2012_Q3
2012-09-30 09:00:00,285,254.95188064934067,177.58805538771963,332.3157059109617,144,332,276,2012_Q3
2012-09-30 10:00:00,479,440.29805207617039,362.93422681454933,517.66187733779145,285,472,489,2012_Q3
2012-09-30 11:00:00,591,557.05657423047137,479.69274896885031,634.42039949209243,479,663,570,2012_Q3
2012-09-30 12:00:00,680,667.56024377270353,590.19641851108247,744.92406903432459,591,682,776,2012_Q3
2012-09-30 13:00:00,594,652.34581850697316,574.9819932453521,729.70964376859422,680,686,702,2012_Q3
2012-09-30 14:00:00,612,614.86237206364422,537.49854680202316,692.22619732526528,594,750,666,2012_Q3
2012-09-30 15:00:00,649,620.24898485987353,542.88515959825247,697.61281012149459,612,727,640,2012_Q3
2012-09-30 16:00:00,648,627.96216242263824,550.59833716101718,705.3259876842593,649,722,691,2012_Q3
2012-09-30 17:00:00,575,630.36823034561462,553.00440508399356,707.73205560723568,648,712,723,2012_Q3
2012-09-30 18:00:00,401,551.75176091245498,474.38793565083392,629.11558617407604,575,594,540,2012_Q3
2012-09-30 19:00:00,257,295.07106398865892,217.70723872703789,372.43488925027998,401,470,413,2012_Q3
2012-09-30 20:00:00,194,162.83544201601688,85.471616754395853,240.19926727763792,257,315,252,2012_Q3
2012-09-30 21:00:00,123,136.75695238079061,59.393127119169577,214.12077764241164,194,292,196,2012_Q3
2012-09-30 22:00:00,91,100.21248989333959,22.848664631718563,177.57631515496064,123,221,138,2012_Q3
2012-09-30 23:00:00,57,68.653637758298629,0,146.01746301991966,91,196,100,2012_Q3
2012-10-01 00:00:00,45,33.955035411131817,0,112.0905997725629,57,147,64,2012_Q4
2012-10-01 01:00:00,18,23.455094533431687,0,101.59065889486277,45,116,18,2012_Q4
2012-10-01 02:00:00,12,9.9646715313900351,0,88.100235892821118,18,92,8,2012_Q4
2012-10-01 03:00:00,7,6.5720773402776693,0,84.707641701708752,12,58,5,2012_Q4
2012-10-01 04:00:00,10,5.7717808664483394,0,83.907345227879418,7,7,8,2012_Q4
2012-10-01 05:00:00,36,33.977890173099894,0,112.11345453453097,10,10,37,2012_Q4
2012-10-01 06:00:00,155,160.61280174749959,82.477237386068509,238.74836610893067,36,22,168,2012_Q4
2012-10-01 07:00:00,483,478.96948001104636,400.83391564961528,557.10504437247744,155,57,530,2012_Q4
2012-10-01 08:00:00,784,723.88691262989789,645.75134826846681,802.02247699132897,483,144,750,2012_Q4
2012-10-01 09:00:00,340,334.68301834988813,256.54745398845705,412.81858271131921,784,285,328,2012_Q4
2012-10-01 10:00:00,179,227.11274532917113,148.97718096774005,305.24830969060224,340,479,198,2012_Q4
2012-10-01 11:00:00,272,207.83994339227476,129.70437903084368,285.97550775370587,179,591,238,2012_Q4
2012-10-01 12:00:00,323,389.24866419570424,311.11309983427316,467.38422855713532,272,680,342,2012_Q4
2012-10-01 13:00:00,305,377.62420622818297,299.48864186675189,455.75977058961405,323,594,328,2012_Q4
2012-10-01 14:00:00,244,367.84444278130547,289.7088784198744,445.98000714273655,305,612,303,2012_Q4
2012-10-01 15:00:00,329,249.98505194286216,171.84948758143108,328.12061630429321,244,649,300,2012_Q4
2012-10-01 16:00:00,459,491.00374266159452,412.86817830016344,569.13930702302559,329,648,516,2012_Q4
2012-10-01 17:00:00,856,743.58011761321029,665.44455325177921,821.71568197464137,459,575,898,2012_Q4
2012-10-01 18:00:00,613,645.18174959057592,567.04618522914484,723.317313952007,856,401,853,2012_Q4
2012-10-01 19:00:00,516,427.89914617380816,349.76358181237708,506.03471053523924,613,257,590,2012_Q4
2012-10-01 20:00:00,262,363.54190865071246,285.40634428928138,441.67747301214354,516,194,432,2012_Q4
2012-10-01 21:00:00,218,165.82183301848741,87.686268657056331,243.95739737991849,262,123,256,2012_Q4
2012-10-01 22:00:00,207,157.08191799185124,78.946353630420163,235.21748235328232,218,91,172,2012_Q4
2012-10-01 23:00:00,105,105.64643579391479,27.510871432483711,183.78200015534588,207,57,94,2012_Q4
2012-10-02 00:00:00,31,49.716849905900617,0,127.8524142673317,105,45,64,2012_Q4
2012-10-02 01:00:00,11,14.375185201265301,0,92.510749562696375,31,18,13,2012_Q4
2012-10-02 02:00:00,2,8.3530600509226627,0,86.488624412353744,11,12,14,2012_Q4
2012-10-02 03:00:00,5,4.5240366362874225,0,82.659600997718499,2,7,5,2012_Q4
2012-10-02 04:00:00,10,7.0563668775320281,0,85.191931238963107,5,10,9,2012_Q4
2012-10-02 05:00:00,43,38.213931104953183,0,116.34949546638427,10,36,47,2012_Q4
2012-10-02 06:00:00,179,159.17610070583964,81.040536344408565,237.31166506727072,43,155,194,2012_Q4
2012-10-02 07:00:00,260,431.8172644770338,353.68170011560272,509.95282883846488,179,483,556,2012_Q4
2012-10-02 08:00:00,134,569.54237436374592,491.40681000231484,647.677938725177,260,784,805,2012_Q4
2012-10-02 09:00:00,86,137.04132390470107,58.905759543269994,215.17688826613215,134,340,409,2012_Q4
2012-10-02 10:00:00,45,93.357131818260569,15.22156745682949,171.49269617969165,86,179,170,2012_Q4
2012-10-02 11:00:00,99,67.985780621603425,0,146.1213449830345,45,272,218,2012_Q4
2012-10-02 12:00:00,104,122.67962320158875,44.544058840157675,200.81518756301983,99,323,302,2012_Q4
2012-10-02 13:00:00,154,159.16800995484871,81.032445593417634,237.30357431627979,104,305,305,2012_Q4
2012-10-02 14:00:00,163,196.41404450141007,118.278480139979,274.54960886284118,154,244,293,2012_Q4
2012-10-02 15:00:00,209,178.74250370066684,100.60693933923577,256.8780680620979,163,329,303,2012_Q4
2012-10-02 16:00:00,374,290.02062619773642,211.88506183630534,368.1561905591675,209,459,495,2012_Q4
2012-10-02 17:00:00,715,649.13714182481965,571.00157746338857,727.27270618625073,374,856,967,2012_Q4
2012-10-02 18:00:00,687,634.89725541252551,556.76169105109443,713.03281977395659,715,613,822,2012_Q4
2012-10-02 19:00:00,395,411.97579265061603,333.84022828918495,490.11135701204711,687,516,539,2012_Q4
2012-10-02 20:00:00,306,257.86595127058337,179.73038690915229,336.00151563201445,395,262,425,2012_Q4
2012-10-02 21:00:00,289,182.67194349844235,104.53637913701127,260.80750785987345,306,218,297,2012_Q4
2012-10-02 22:00:00,240,154.20608194919714,76.070517587766062,232.34164631062822,289,207,188,2012_Q4
2012-10-02 23:00:00,98,134.56031746184627,56.424753100415188,212.69588182327735,240,105,98,2012_Q4
2012-10-03 00:00:00,52,43.967998715583086,0,122.10356307701417,98,31,40,2012_Q4
2012-10-03 01:00:00,19,22.614660696372709,0,100.75022505780379,52,11,29,2012_Q4
2012-10-03 02:00:00,9,10.273155388654114,0,88.408719750085197,19,2,17,2012_Q4
2012-10-03 03:00:00,7,6.6458835772919294,0,84.781447938723005,9,5,10,2012_Q4
2012-10-03 04:00:00,11,8.6485260427137582,0,86.784090404144834,7,10,14,2012_Q4
2012-10-03 05:00:00,34,35.639103635481426,0,113.77466799691251,11,43,36,2012_Q4
2012-10-03 06:00:00,177,143.44014081466287,65.304576453231789,221.57570517609395,34,179,182,2012_Q4
2012-10-03 07:00:00,515,463.9642093814258,385.82864501999472,542.09977374285688,177,260,532,2012_Q4
2012-10-03 08:00:00,809,683.18355122543528,605.0479868640042,761.31911558686636,515,134,838,2012_Q4
2012-10-03 09:00:00,362,334.4903174921136,256.35475313068252,412.62588185354468,809,86,334,2012_Q4
2012-10-03 10:00:00,175,176.5382073599566,98.402642998525522,254.67377172138768,362,45,185,2012_Q4
2012-10-03 11:00:00,230,212.69043529277849,134.55487093134741,290.82599965420957,175,99,227,2012_Q4
2012-10-03 12:00:00,358,298.8323900246329,220.69682566320182,376.96795438606398,230,104,316,2012_Q4
2012-10-03 13:00:00,279,307.57339398950506,229.43782962807398,385.70895835093614,358,154,340,2012_Q4
2012-10-03 14:00:00,251,252.44853940730675,174.31297504587567,330.5841037687378,279,163,277,2012_Q4
2012-10-03 15:00:00,319,260.76372016156068,182.6281558001296,338.89928452299176,251,209,300,2012_Q4
2012-10-03 16:00:00,478,424.03299107637321,345.89742671494213,502.16855543780429,319,374,468,2012_Q4
2012-10-03 17:00:00,917,749.26519833586258,671.1296339744315,827.40076269729366,478,715,953,2012_Q4
2012-10-03 18:00:00,810,794.20845260610884,716.07288824467776,872.34401696753991,917,687,884,2012_Q4
2012-10-03 19:00:00,593,616.2377158632994,538.10215150186832,694.37328022473048,810,395,627,2012_Q4
2012-10-03 20:00:00,497,419.51002464028136,341.37446027885028,497.64558900171244,593,306,434,2012_Q4
2012-10-03 21:00:00,209,356.06442429442649,277.92885993299541,434.19998865585757,497,289,360,2012_Q4
2012-10-03 22:00:00,241,173.41415403653281,95.278589675101728,251.54971839796389,209,240,215,2012_Q4
2012-10-03 23:00:00,220,143.79267068365945,65.657106322228373,221.92823504509053,241,98,115,2012_Q4
2012-10-04 00:00:00,76,95.502247698927064,17.366683337495985,173.63781206035816,220,52,65,2012_Q4
2012-10-04 01:00:00,25,34.678897592162059,0,112.81446195359314,76,19,21,2012_Q4
2012-10-04 02:00:00,13,13.552707939472109,0,91.688272300903193,25,9,16,2012_Q4
2012-10-04 03:00:00,11,6.9300925190620681,0,85.065656880493151,13,7,7,2012_Q4
2012-10-04 04:00:00,10,7.782520514099895,0,85.91808487553098,11,11,8,2012_Q4
2012-10-04 05:00:00,39,42.136737599723624,0,120.27230196115471,10,34,66,2012_Q4
2012-10-04 06:00:00,133,135.09389286222395,56.958328500792874,213.22945722365503,39,177,169,2012_Q4
2012-10-04 07:00:00,391,324.76463475350249,246.62907039207141,402.90019911493357,133,515,558,2012_Q4
2012-10-04 08:00:00,738,713.11151889920711,634.97595453777603,791.24708326063819,391,809,794,2012_Q4
2012-10-04 09:00:00,359,331.85804433217874,253.72247997074766,409.99360869360981,738,362,335,2012_Q4
2012-10-04 10:00:00,177,184.19739314735685,106.06182878592577,262.3329575087879,359,175,208,2012_Q4
2012-10-04 11:00:00,214,225.69694161779381,147.56137725636273,303.83250597922489,177,230,294,2012_Q4
2012-10-04 12:00:00,288,284.00616927658126,205.87060491515018,362.14173363801234,214,358,335,2012_Q4
2012-10-04 13:00:00,294,292.60906629005638,214.4735019286253,370.74463065148745,288,279,326,2012_Q4
2012-10-04 14:00:00,267,260.09019312281885,181.95462876138777,338.22575748424993,294,251,258,2012_Q4
2012-10-04 15:00:00,325,314.7097612715267,236.57419691009562,392.84532563295778,267,319,296,2012_Q4
2012-10-04 16:00:00,497,520.0221897819946,441.88662542056352,598.15775414342568,325,478,472,2012_Q4
2012-10-04 17:00:00,901,829.92733772623399,751.79177336480291,908.06290208766507,497,917,905,2012_Q4
2012-10-04 18:00:00,887,823.88171194252629,745.74614758109522,902.01727630395737,901,810,899,2012_Q4
2012-10-04 19:00:00,534,566.1256308029449,487.99006644151382,644.26119516437598,887,593,559,2012_Q4
2012-10-04 20:00:00,441,449.66828026262539,371.53271590119431,527.80384462405641,534,497,457,2012_Q4
2012-10-04 21:00:00,321,298.63031134122537,220.49474697979429,376.76587570265644,441,209,253,2012_Q4
2012-10-04 22:00:00,232,230.59348407248461,152.45791971105353,308.72904843391569,321,241,47,2012_Q4
2012-10-04 23:00:00,155,179.87666593580582,101.74110157437474,258.0122302972369,232,220,45,2012_Q4
2012-10-05 00:00:00,102,76.453302982817092,0,154.58886734424817,155,76,17,2012_Q4
2012-10-05 01:00:00,46,51.192353145659439,0,129.32791750709052,102,25,13,2012_Q4
2012-10-05 02:00:00,11,18.216114416586588,0,96.351678778017671,46,13,10,2012_Q4
2012-10-05 03:00:00,16,7.2194381017688354,0,85.355002463199909,11,11,7,2012_Q4
2012-10-05 04:00:00,11,9.5718565271795715,0,87.707420888610656,16,10,12,2012_Q4
2012-10-05 05:00:00,41,35.612962761232303,0,113.74852712266338,11,39,38,2012_Q4
2012-10-05 06:00:00,137,154.06820711261139,75.93264275118031,232.20377147404247,41,133,138,2012_Q4
2012-10-05 07:00:00,428,393.92627398315312,315.79070962172204,472.0618383445842,137,391,394,2012_Q4
2012-10-05 08:00:00,785,739.10165820179952,660.96609384036844,817.2372225632306,428,738,705,2012_Q4
2012-10-05 09:00:00,384,445.27156469615306,367.13600033472198,523.40712905758414,785,359,426,2012_Q4
2012-10-05 10:00:00,260,262.4240410062153,184.28847664478423,340.55960536764638,384,177,245,2012_Q4
2012-10-05 11:00:00,304,318.32073674084057,240.18517237940949,396.45630110227165,260,214,361,2012_Q4
2012-10-05 12:00:00,468,375.80171183123269,297.66614746980161,453.93727619266377,304,288,380,2012_Q4
2012-10-05 13:00:00,424,451.91692152357683,373.78135716214575,530.05248588500785,468,294,410,2012_Q4
2012-10-05 14:00:00,400,438.23409070942898,360.0985263479979,516.36965507086006,424,267,399,2012_Q4
2012-10-05 15:00:00,470,433.7280090194127,355.59244465798162,511.86357338084377,400,325,392,2012_Q4
2012-10-05 16:00:00,634,559.84401714453099,481.70845278309991,637.97958150596207,470,497,502,2012_Q4
2012-10-05 17:00:00,900,793.13322629977392,714.99766193834284,871.268790661205,634,901,808,2012_Q4
2012-10-05 18:00:00,761,708.11989227106415,629.98432790963307,786.25545663249522,900,887,667,2012_Q4
2012-10-05 19:00:00,500,541.33595512536874,463.20039076393766,619.47151948679982,761,534,508,2012_Q4
2012-10-05 20:00:00,372,360.20069988942635,282.06513552799527,438.33626425085743,500,441,336,2012_Q4
2012-10-05 21:00:00,267,282.93414634354588,204.7985819821148,361.06971070497696,372,321,237,2012_Q4
2012-10-05 22:00:00,264,221.60651681373656,143.47095245230548,299.74208117516764,267,232,220,2012_Q4
2012-10-05 23:00:00,171,186.9283370340427,108.79277267261162,265.06390139547375,264,155,190,2012_Q4
2012-10-06 00:00:00,191,136.12985696005518,57.994292598624099,214.26542132148626,171,102,149,2012_Q4
2012-10-06 01:00:00,141,149.94635626893523,71.810791907504154,228.08192063036631,191,46,101,2012_Q4
2012-10-06 02:00:00,75,95.334296926907555,17.198732565476476,173.46986128833862,141,11,92,2012_Q4
2012-10-06 03:00:00,56,37.36119483221777,0,115.49675919364884,75,16,29,2012_Q4
2012-10-06 04:00:00,11,20.378744069131297,0,98.51430843056238,56,11,14,2012_Q4
2012-10-06 05:00:00,10,15.461818049954866,0,93.597382411385951,11,41,15,2012_Q4
2012-10-06 06:00:00,30,29.960495940386494,0,108.09606030181757,10,137,37,2012_Q4
2012-10-06 07:00:00,84,70.195560691853672,0,148.33112505328475,30,428,73,2012_Q4
2012-10-06 08:00:00,206,221.58814597180779,143.45258161037671,299.72371033323884,84,785,211,2012_Q4
2012-10-06 09:00:00,395,315.56327817433566,237.42771381290459,393.69884253576674,206,384,332,2012_Q4
2012-10-06 10:00:00,539,464.5112298741434,386.37566551271232,542.64679423557448,395,260,472,2012_Q4
2012-10-06 11:00:00,647,578.65323078151266,500.51766642008158,656.78879514294374,539,304,663,2012_Q4
2012-10-06 12:00:00,743,603.68494141738324,525.54937705595216,681.82050577881432,647,468,682,2012_Q4
2012-10-06 13:00:00,710,610.07290422729852,531.93733986586744,688.2084685887296,743,424,686,2012_Q4
2012-10-06 14:00:00,576,600.07700688420766,521.94144252277658,678.21257124563874,710,400,750,2012_Q4
2012-10-06 15:00:00,620,558.88809579285066,480.75253143141958,637.02366015428174,576,470,727,2012_Q4
2012-10-06 16:00:00,659,622.51021015483582,544.37464579340474,700.6457745162669,620,634,722,2012_Q4
2012-10-06 17:00:00,610,632.82563244683968,554.6900680854086,710.96119680827076,659,900,712,2012_Q4
2012-10-06 18:00:00,495,537.52020730107813,459.38464293964705,615.65577166250921,610,761,594,2012_Q4
2012-10-06 19:00:00,341,403.58067423059344,325.44510986916237,481.71623859202452,495,500,470,2012_Q4
2012-10-06 20:00:00,247,264.91049224595236,186.77492788452128,343.04605660738343,341,372,315,2012_Q4
2012-10-06 21:00:00,215,230.1026461728639,151.96708181143282,308.23821053429498,247,267,292,2012_Q4
2012-10-06 22:00:00,185,213.10429737819692,134.96873301676584,291.239861739628,215,264,221,2012_Q4
2012-10-06 23:00:00,179,165.18171244026237,87.046148078831294,243.31727680169345,185,171,196,2012_Q4
2012-10-07 00:00:00,127,147.94486846328059,69.809304101849506,226.08043282471166,179,191,147,2012_Q4
2012-10-07 01:00:00,109,106.13144955913617,27.995885197705093,184.26701392056725,127,141,116,2012_Q4
2012-10-07 02:00:00,74,78.926147692920864,0.79058333148978477,157.06171205435194,109,75,92,2012_Q4
2012-10-07 03:00:00,22,44.591833831038564,0,122.72739819246965,74,56,58,2012_Q4
2012-10-07 04:00:00,11,9.6559995464524881,0,87.791563907883571,22,11,7,2012_Q4
2012-10-07 05:00:00,10,11.481507643289964,0,89.617072004721038,11,10,10,2012_Q4
2012-10-07 06:00:00,23,24.110966546472117,0,102.24653090790319,10,30,22,2012_Q4
2012-10-07 07:00:00,35,60.624912879269807,0,138.76047724070088,23,84,57,2012_Q4
2012-10-07 08:00:00,62,93.587988827657554,15.452424466226475,171.72355318908865,35,206,144,2012_Q4
2012-10-07 09:00:00,86,103.11422133730069,24.978656975869612,181.24978569873178,62,395,285,2012_Q4
2012-10-07 10:00:00,185,123.69329006539957,45.557725703968487,201.82885442683065,86,539,479,2012_Q4
2012-10-07 11:00:00,336,260.31527775809099,182.17971339665991,338.45084211952206,185,647,591,2012_Q4
2012-10-07 12:00:00,392,470.91964877929865,392.78408441786758,549.05521314072973,336,743,680,2012_Q4
2012-10-07 13:00:00,320,475.62087194510974,397.48530758367866,553.75643630654076,392,710,594,2012_Q4
2012-10-07 14:00:00,314,418.03796453257507,339.902400171144,496.17352889400615,320,576,612,2012_Q4
2012-10-07 15:00:00,306,397.23932517993342,319.10376081850234,475.3748895413645,314,620,649,2012_Q4
2012-10-07 16:00:00,333,296.93796283858313,218.80239847715205,375.07352720001421,306,659,648,2012_Q4
2012-10-07 17:00:00,157,292.44834186299664,214.31277750156556,370.58390622442772,333,610,575,2012_Q4
2012-10-07 18:00:00,106,132.80524625915791,54.669681897726832,210.94081062058899,157,495,401,2012_Q4
2012-10-07 19:00:00,114,104.80504540967158,26.669481048240499,182.94060977110266,106,341,257,2012_Q4
2012-10-07 20:00:00,116,108.47826117332801,30.342696811896928,186.61382553475909,114,247,194,2012_Q4
2012-10-07 21:00:00,113,106.93286991499306,28.797305553561984,185.06843427642414,116,215,123,2012_Q4
2012-10-07 22:00:00,79,91.763074558778797,13.627510197347718,169.89863892020986,113,185,91,2012_Q4
2012-10-07 23:00:00,80,62.57392092046279,0,140.70948528189388,79,179,57,2012_Q4
2012-10-08 00:00:00,51,62.795140897441939,0,140.93070525887302,80,127,45,2012_Q4
2012-10-08 01:00:00,37,33.284109444469692,0,111.41967380590077,51,109,18,2012_Q4
2012-10-08 02:00:00,15,22.797030721790399,0,100.93259508322149,37,74,12,2012_Q4
2012-10-08 03:00:00,10,7.888986867114566,0,86.024551228545647,15,22,7,2012_Q4
2012-10-08 04:00:00,7,7.5210967610236272,0,85.656661122454707,10,11,10,2012_Q4
2012-10-08 05:00:00,19,17.949105345847396,0,96.084669707278479,7,10,36,2012_Q4
2012-10-08 06:00:00,59,66.36572515161491,0,144.501289513046,19,23,155,2012_Q4
2012-10-08 07:00:00,154,123.9370240026782,45.801459641247121,202.07258836410927,59,35,483,2012_Q4
2012-10-08 08:00:00,397,333.73758405578621,255.60201969435514,411.87314841721729,154,62,784,2012_Q4
2012-10-08 09:00:00,332,332.3593706354585,254.22380627402742,410.49493499688958,397,86,340,2012_Q4
2012-10-08 10:00:00,298,234.86079295365491,156.72522859222383,312.99635731508602,332,185,179,2012_Q4
2012-10-08 11:00:00,308,317.61757685686592,239.48201249543484,395.753141218297,298,336,272,2012_Q4
2012-10-08 12:00:00,341,370.19570366945084,292.06013930801976,448.33126803088192,308,392,323,2012_Q4
2012-10-08 13:00:00,405,314.93732115299508,236.801756791564,393.07288551442616,341,320,305,2012_Q4
2012-10-08 14:00:00,420,368.26480652058274,290.12924215915166,446.40037088201382,405,314,244,2012_Q4
2012-10-08 15:00:00,370,382.07776607475154,303.94220171332046,460.21333043618262,420,306,329,2012_Q4
2012-10-08 16:00:00,377,334.9504715358193,256.81490717438822,413.08603589725038,370,333,459,2012_Q4
2012-10-08 17:00:00,497,391.74878741020075,313.61322304876967,469.88435177163183,377,157,856,2012_Q4
2012-10-08 18:00:00,456,463.6081114649582,385.47254710352712,541.74367582638934,497,106,613,2012_Q4
2012-10-08 19:00:00,371,398.66580626803392,320.53024190660284,476.801370629465,456,114,516,2012_Q4
2012-10-08 20:00:00,227,268.68105660108046,190.54549223964938,346.81662096251154,371,116,262,2012_Q4
2012-10-08 21:00:00,151,146.70431747318796,68.568753111756877,224.83988183461904,227,113,218,2012_Q4
2012-10-08 22:00:00,107,122.03369645306066,43.898132091629577,200.16926081449174,151,79,207,2012_Q4
2012-10-08 23:00:00,69,63.474008693390481,0,141.60957305482157,107,80,105,2012_Q4
2012-10-09 00:00:00,31,31.306708747315504,0,109.44227310874658,69,51,31,2012_Q4
2012-10-09 01:00:00,13,13.616693274290947,0,91.752257635722032,31,37,11,2012_Q4
2012-10-09 02:00:00,7,7.1742828807899182,0,85.309847242220997,13,15,2,2012_Q4
2012-10-09 03:00:00,3,4.2848779156431842,0,82.420442277074258,7,10,5,2012_Q4
2012-10-09 04:00:00,7,5.3966169061272975,0,83.532181267558371,3,7,10,2012_Q4
2012-10-09 05:00:00,19,32.754294514638097,0,110.88985887606918,7,19,43,2012_Q4
2012-10-09 06:00:00,143,106.38995378804361,28.254389426612533,184.52551814947469,19,59,179,2012_Q4
2012-10-09 07:00:00,362,383.67225567799414,305.53669131656306,461.80782003942522,143,154,260,2012_Q4
2012-10-09 08:00:00,713,496.97914758488986,418.84358322345878,575.11471194632099,362,397,134,2012_Q4
2012-10-09 09:00:00,382,297.06708593783901,218.93152157640793,375.20265029927009,713,332,86,2012_Q4
2012-10-09 10:00:00,164,205.06899793433774,126.93343357290667,283.20456229576882,382,298,45,2012_Q4
2012-10-09 11:00:00,193,182.1268411629575,103.99127680152642,260.26240552438856,164,308,99,2012_Q4
2012-10-09 12:00:00,260,222.85645064448366,144.72088628305258,300.99201500591471,193,341,104,2012_Q4
2012-10-09 13:00:00,238,267.52901664059294,189.39345227916186,345.66458100202402,260,405,154,2012_Q4
2012-10-09 14:00:00,244,240.01681966077086,161.88125529933978,318.15238402220194,238,420,163,2012_Q4
2012-10-09 15:00:00,254,252.91218724826882,174.77662288683774,331.0477516096999,244,370,209,2012_Q4
2012-10-09 16:00:00,424,341.3396717933033,263.20410743187222,419.47523615473438,254,377,374,2012_Q4
2012-10-09 17:00:00,806,683.81617203618714,605.68060767475606,761.95173639761822,424,497,715,2012_Q4
2012-10-09 18:00:00,784,605.1963070927917,527.06074273136062,683.33187145422278,806,456,687,2012_Q4
2012-10-09 19:00:00,514,468.19810741125917,390.06254304982809,546.3336717726902,784,371,395,2012_Q4
2012-10-09 20:00:00,360,318.12215660313149,239.98659224170041,396.25772096456257,514,227,306,2012_Q4
2012-10-09 21:00:00,225,255.9206290896264,177.78506472819532,334.05619345105748,360,151,289,2012_Q4
2012-10-09 22:00:00,162,180.24952456919428,102.1139602077632,258.38508893062533,225,107,240,2012_Q4
2012-10-09 23:00:00,84,98.281547331527022,20.145982970095943,176.41711169295809,162,69,98,2012_Q4
2012-10-10 00:00:00,33,45.805355270154685,0,123.94091963158576,84,31,52,2012_Q4
2012-10-10 01:00:00,8,16.540232450028522,0,94.675796811459605,33,13,19,2012_Q4
2012-10-10 02:00:00,8,6.2002319474583949,0,84.335796308889471,8,7,9,2012_Q4
2012-10-10 03:00:00,6,5.4804899165604226,0,83.616054277991509,8,3,7,2012_Q4
2012-10-10 04:00:00,6,8.2227199412792196,0,86.358284302710302,6,7,11,2012_Q4
2012-10-10 05:00:00,40,33.724717933709833,0,111.86028229514091,6,19,34,2012_Q4
2012-10-10 06:00:00,175,161.46409388074454,83.328529519313463,239.59965824217562,40,143,177,2012_Q4
2012-10-10 07:00:00,507,499.54903700946755,421.41347264803647,577.68460137089869,175,362,515,2012_Q4
2012-10-10 08:00:00,839,770.61266011591874,692.47709575448766,848.74822447734982,507,713,809,2012_Q4
2012-10-10 09:00:00,366,355.66430923796963,277.52874487653855,433.79987359940071,839,382,362,2012_Q4
2012-10-10 10:00:00,217,204.48850116611729,126.35293680468621,282.6240655275484,366,164,175,2012_Q4
2012-10-10 11:00:00,291,244.71630979195297,166.58074543052189,322.85187415338407,217,193,230,2012_Q4
2012-10-10 12:00:00,390,329.59314551087107,251.45758114943999,407.72870987230215,291,260,358,2012_Q4
2012-10-10 13:00:00,297,364.3598273701906,286.22426300875952,442.49539173162168,390,238,279,2012_Q4
2012-10-10 14:00:00,271,277.0497744714786,198.91421011004752,355.18533883290968,297,244,251,2012_Q4
2012-10-10 15:00:00,319,313.43048279985464,235.29491843842357,391.56604716128572,271,254,319,2012_Q4
2012-10-10 16:00:00,566,492.81122953232477,414.67566517089369,570.94679389375585,319,424,478,2012_Q4
2012-10-10 17:00:00,948,842.23193917121523,764.09637480978415,920.36750353264631,566,806,917,2012_Q4
2012-10-10 18:00:00,844,802.57104495777423,724.43548059634315,880.70660931920531,948,784,810,2012_Q4
2012-10-10 19:00:00,566,522.31991649879728,444.1843521373662,600.45548086022836,844,514,593,2012_Q4
2012-10-10 20:00:00,392,411.60827132150837,333.47270696007729,489.74383568293945,566,360,497,2012_Q4
2012-10-10 21:00:00,269,241.6490413792107,163.51347701777962,319.78460574064178,392,225,209,2012_Q4
2012-10-10 22:00:00,197,209.79469939705155,131.65913503562047,287.93026375848262,269,162,241,2012_Q4
2012-10-10 23:00:00,136,138.58826363022894,60.452699268797858,216.72382799166002,197,84,220,2012_Q4
2012-10-11 00:00:00,42,62.940108128359213,0,141.07567248979029,136,33,76,2012_Q4
2012-10-11 01:00:00,11,19.966689837188753,0,98.102254198619832,42,8,25,2012_Q4
2012-10-11 02:00:00,11,8.1896737110784272,0,86.325238072509507,11,8,13,2012_Q4
2012-10-11 03:00:00,3,7.8859935432588193,0,86.021557904689899,11,6,11,2012_Q4
2012-10-11 04:00:00,10,6.5407787734124865,0,84.676343134843563,3,6,10,2012_Q4
2012-10-11 05:00:00,42,36.107727814294613,0,114.24329217572568,10,40,39,2012_Q4
2012-10-11 06:00:00,159,165.79154450886759,87.655980147436509,243.92710887029867,42,175,133,2012_Q4
2012-10-11 07:00:00,478,471.32708956107683,393.19152519964575,549.46265392250791,159,507,391,2012_Q4
2012-10-11 08:00:00,798,751.34929612823441,673.21373176680333,829.48486048966549,478,839,738,2012_Q4
2012-10-11 09:00:00,355,348.42823665007097,270.29267228863989,426.56380101150205,798,366,359,2012_Q4
2012-10-11 10:00:00,204,201.27132374941903,123.13575938798795,279.4068881108501,355,217,177,2012_Q4
2012-10-11 11:00:00,251,240.9637683438084,162.82820398237732,319.09933270523948,204,291,214,2012_Q4
2012-10-11 12:00:00,326,326.56490056535051,248.42933620391943,404.70046492678159,251,390,288,2012_Q4
2012-10-11 13:00:00,291,334.54587904535043,256.41031468391935,412.68144340678151,326,297,294,2012_Q4
2012-10-11 14:00:00,348,278.06270380423553,199.92713944280445,356.1982681656666,291,271,267,2012_Q4
2012-10-11 15:00:00,460,328.61892609000915,250.48336172857807,406.75449045144023,348,319,325,2012_Q4
2012-10-11 16:00:00,481,551.19475258854743,473.05918822711635,629.33031694997851,460,566,497,2012_Q4
2012-10-11 17:00:00,827,784.38883297590598,706.25326861447491,862.52439733733706,481,948,901,2012_Q4
2012-10-11 18:00:00,692,740.26173732599864,662.12617296456756,818.39730168742972,827,844,887,2012_Q4
2012-10-11 19:00:00,743,517.10531775813308,438.969753396702,595.24088211956416,692,566,534,2012_Q4
2012-10-11 20:00:00,415,433.6090258593336,355.47346149790252,511.74459022076468,743,392,441,2012_Q4
2012-10-11 21:00:00,260,279.97449023396922,201.83892587253814,358.1100545954003,415,269,321,2012_Q4
2012-10-11 22:00:00,177,198.1841164012358,120.04855203980472,276.31968076266685,260,197,232,2012_Q4
2012-10-11 23:00:00,186,133.51799397112737,55.382429609696288,211.65355833255845,177,136,155,2012_Q4
2012-10-12 00:00:00,68,100.79102395863323,22.655459597202153,178.9265883200643,186,42,102,2012_Q4
2012-10-12 01:00:00,37,37.586584558815055,0,115.72214892024613,68,11,46,2012_Q4
2012-10-12 02:00:00,16,16.746924543616075,0,94.882488905047154,37,11,11,2012_Q4
2012-10-12 03:00:00,6,10.32744160035757,0,88.463005961788653,16,3,16,2012_Q4
2012-10-12 04:00:00,8,7.7001618297417682,0,85.835726191172853,6,10,11,2012_Q4
2012-10-12 05:00:00,35,37.513162079304642,0,115.64872644073571,8,42,41,2012_Q4
2012-10-12 06:00:00,143,143.922094413585,65.786530052153921,222.05765877501608,35,159,137,2012_Q4
2012-10-12 07:00:00,392,450.25335339885208,372.11778903742101,528.38891776028322,143,478,428,2012_Q4
2012-10-12 08:00:00,745,733.9303873564495,655.79482299501842,812.06595171788058,392,798,785,2012_Q4
2012-10-12 09:00:00,400,364.26801943170193,286.13245507027085,442.40358379313301,745,355,384,2012_Q4
2012-10-12 10:00:00,275,270.56865173119388,192.4330873697628,348.70421609262496,400,204,260,2012_Q4
2012-10-12 11:00:00,313,317.72072572050951,239.58516135907843,395.85629008194059,275,251,304,2012_Q4
2012-10-12 12:00:00,387,418.79485441859651,340.65929005716544,496.93041878002759,313,326,468,2012_Q4
2012-10-12 13:00:00,381,400.80919224341136,322.67362788198028,478.94475660484244,387,291,424,2012_Q4
2012-10-12 14:00:00,371,402.61616280142124,324.48059843999016,480.75172716285232,381,348,400,2012_Q4
2012-10-12 15:00:00,455,420.93030790424632,342.79474354281524,499.0658722656774,371,460,470,2012_Q4
2012-10-12 16:00:00,520,638.21591065285804,560.08034629142696,716.35147501428912,455,481,634,2012_Q4
2012-10-12 17:00:00,837,749.49995769575787,671.36439333432679,827.63552205718895,520,827,900,2012_Q4
2012-10-12 18:00:00,642,677.4336785370557,599.29811417562462,755.56924289848678,837,692,761,2012_Q4
2012-10-12 19:00:00,493,495.6132581072107,417.47769374577962,573.74882246864172,642,743,500,2012_Q4
2012-10-12 20:00:00,308,332.12396553589116,253.98840117446008,410.25952989732224,493,415,372,2012_Q4
2012-10-12 21:00:00,190,222.97177293492092,144.83620857348984,301.107337296352,308,260,267,2012_Q4
2012-10-12 22:00:00,160,175.8089731288797,97.67340876744862,253.94453749031078,190,177,264,2012_Q4
2012-10-12 23:00:00,100,133.80775559049965,55.672191229068574,211.94331995193073,160,186,171,2012_Q4
2012-10-13 00:00:00,249,97.512127084832414,19.376562723401335,175.64769144626348,100,68,191,2012_Q4
2012-10-13 01:00:00,146,178.93550440256237,100.79994004113129,257.07106876399348,249,37,141,2012_Q4
2012-10-13 02:00:00,67,89.796344184399871,11.660779822968792,167.93190854583094,146,16,75,2012_Q4
2012-10-13 03:00:00,15,31.443665763045814,0,109.57923012447689,67,6,56,2012_Q4
2012-10-13 04:00:00,11,8.1565600451502167,0,86.292124406581294,15,8,11,2012_Q4
2012-10-13 05:00:00,11,11.278849947574098,0,89.414414309005181,11,35,10,2012_Q4
2012-10-13 06:00:00,28,28.90843875537027,0,107.04400311680135,11,143,30,2012_Q4
2012-10-13 07:00:00,70,71.213187583938549,0,149.34875194536963,28,392,84,2012_Q4
2012-10-13 08:00:00,174,196.0717771138907,117.93621275245962,274.20734147532175,70,745,206,2012_Q4
2012-10-13 09:00:00,266,309.33192677943396,231.19636241800288,387.46749114086504,174,400,395,2012_Q4
2012-10-13 10:00:00,347,479.08778555147632,400.95222119004524,557.22334991290745,266,275,539,2012_Q4
2012-10-13 11:00:00,527,465.08923386597928,386.9536695045482,543.22479822741036,347,313,647,2012_Q4
2012-10-13 12:00:00,573,578.07157892665646,499.93601456522538,656.20714328808754,527,387,743,2012_Q4
2012-10-13 13:00:00,670,606.54914046504803,528.41357610361695,684.68470482647911,573,381,710,2012_Q4
2012-10-13 14:00:00,597,599.38118636783133,521.24562200640025,677.51675072926241,670,371,576,2012_Q4
2012-10-13 15:00:00,615,562.31131068176205,484.17574632033097,640.44687504319313,597,455,620,2012_Q4
2012-10-13 16:00:00,637,596.10029101612429,517.96472665469321,674.23585537755537,615,520,659,2012_Q4
2012-10-13 17:00:00,528,585.69269416274892,507.55712980131784,663.82825852418,637,837,610,2012_Q4
2012-10-13 18:00:00,473,473.52172457653018,395.3861602150991,551.65728893796131,528,642,495,2012_Q4
2012-10-13 19:00:00,332,393.54417456976614,315.40861020833506,471.67973893119722,473,493,341,2012_Q4
2012-10-13 20:00:00,255,234.52630577858631,156.39074141715523,312.66187014001741,332,308,247,2012_Q4
2012-10-13 21:00:00,204,212.16489861720009,134.02933425576902,290.30046297863117,255,190,215,2012_Q4
2012-10-13 22:00:00,189,170.24952627352911,92.113961912098034,248.38509063496019,204,160,185,2012_Q4
2012-10-13 23:00:00,125,159.54786543254505,81.412301071113973,237.68342979397613,189,100,179,2012_Q4
2012-10-14 00:00:00,111,109.12131418212273,30.985749820691652,187.2568785435538,125,249,127,2012_Q4
2012-10-14 01:00:00,112,90.469856679424211,12.334292317993132,168.60542104085528,111,146,109,2012_Q4
2012-10-14 02:00:00,66,78.210024524295392,0.074460162864312451,156.34558888572647,112,67,74,2012_Q4
2012-10-14 03:00:00,28,29.760570450819969,0,107.89613481225105,66,15,22,2012_Q4
2012-10-14 04:00:00,12,10.494494903568757,0,88.630059264999829,28,11,11,2012_Q4
2012-10-14 05:00:00,11,10.868587361101117,0,89.0041517225322,12,11,10,2012_Q4
2012-10-14 06:00:00,24,23.043135005358138,0,101.17869936678922,11,28,23,2012_Q4
2012-10-14 07:00:00,51,65.657600345809072,0,143.79316470724015,24,70,35,2012_Q4
2012-10-14 08:00:00,132,121.05558161769983,42.92001725626875,199.19114597913091,51,174,62,2012_Q4
2012-10-14 09:00:00,223,201.33755147029248,123.2019871088614,279.47311583172359,132,266,86,2012_Q4
2012-10-14 10:00:00,428,297.65744121531299,219.52187685388191,375.79300557674406,223,347,185,2012_Q4
2012-10-14 11:00:00,494,511.30230243340003,433.16673807196895,589.43786679483105,428,527,336,2012_Q4
2012-10-14 12:00:00,562,515.80684294387947,437.67127858244839,593.94240730531055,494,573,392,2012_Q4
2012-10-14 13:00:00,619,598.52481155907105,520.38924719763997,676.66037592050213,562,670,320,2012_Q4
2012-10-14 14:00:00,617,589.72726832569992,511.59170396426885,667.862832687131,619,597,314,2012_Q4
2012-10-14 15:00:00,568,588.5125852630855,510.37702090165442,666.64814962451658,617,615,306,2012_Q4
2012-10-14 16:00:00,581,550.6350570067915,472.49949264536042,628.77062136822258,568,637,333,2012_Q4
2012-10-14 17:00:00,539,552.8613475513215,474.72578318989042,630.99691191275258,581,528,157,2012_Q4
2012-10-14 18:00:00,453,471.75939984532323,393.62383548389215,549.89496420675437,539,473,106,2012_Q4
2012-10-14 19:00:00,336,357.5373221198343,279.40175775840322,435.67288648126538,453,332,114,2012_Q4
2012-10-14 20:00:00,246,240.21516675127188,162.0796023898408,318.35073111270299,336,255,116,2012_Q4
2012-10-14 21:00:00,196,196.57380432141508,118.438239959984,274.70936868284616,246,204,113,2012_Q4
2012-10-14 22:00:00,125,138.42676790255507,60.291203541123991,216.56233226398615,196,189,79,2012_Q4
2012-10-14 23:00:00,105,85.328216558733828,7.1926521973027491,163.46378092016491,125,125,80,2012_Q4
2012-10-15 00:00:00,48,52.05177535988328,0,130.18733972131434,105,111,51,2012_Q4
2012-10-15 01:00:00,29,27.330140138726396,0,105.46570450015747,48,112,37,2012_Q4
2012-10-15 02:00:00,6,13.717081904491696,0,91.852646265922772,29,66,15,2012_Q4
2012-10-15 03:00:00,4,6.7400414731503258,0,84.875605834581407,6,28,10,2012_Q4
2012-10-15 04:00:00,10,6.32373670607622,0,84.459301067507297,4,12,7,2012_Q4
2012-10-15 05:00:00,40,27.119452787211603,0,105.25501714864268,10,11,19,2012_Q4
2012-10-15 06:00:00,147,126.19016842885063,48.054604067419547,204.32573279028171,40,24,59,2012_Q4
2012-10-15 07:00:00,476,387.20163255715613,309.06606819572505,465.33719691858721,147,51,154,2012_Q4
2012-10-15 08:00:00,737,478.16935131444188,400.0337869530108,556.30491567587296,476,132,397,2012_Q4
2012-10-15 09:00:00,359,307.11379111723971,228.97822675580863,385.24935547867079,737,223,332,2012_Q4
2012-10-15 10:00:00,168,202.60698460561062,124.47142024417954,280.74254896704167,359,428,298,2012_Q4
2012-10-15 11:00:00,263,230.41269320823511,152.27712884680403,308.54825756966619,168,494,308,2012_Q4
2012-10-15 12:00:00,284,331.57445318142908,253.438888819998,409.71001754286016,263,562,341,2012_Q4
2012-10-15 13:00:00,146,239.46490756999091,161.32934320855983,317.60047193142202,284,619,405,2012_Q4
2012-10-15 14:00:00,185,174.84502790512752,96.709463543696444,252.9805922665586,146,617,420,2012_Q4
2012-10-15 15:00:00,260,223.29730727729995,145.16174291586887,301.43287163873106,185,568,370,2012_Q4
2012-10-15 16:00:00,447,398.72913038149574,320.59356602006466,476.86469474292682,260,581,377,2012_Q4
2012-10-15 17:00:00,766,581.22418087528308,503.088616513852,659.35974523671416,447,539,497,2012_Q4
2012-10-15 18:00:00,592,590.61504431243463,512.47947995100355,668.75060867386571,766,453,456,2012_Q4
2012-10-15 19:00:00,239,353.13144565874484,274.99588129731376,431.26701002017592,592,336,371,2012_Q4
2012-10-15 20:00:00,256,142.27748238144471,64.141918020013634,220.41304674287579,239,246,227,2012_Q4
2012-10-15 21:00:00,206,193.33439640085393,115.19883203942285,271.46996076228504,256,196,151,2012_Q4
2012-10-15 22:00:00,126,145.88286718538072,67.747302823949639,224.0184315468118,206,125,107,2012_Q4
2012-10-15 23:00:00,81,76.500691812496171,0,154.63625617392725,126,105,69,2012_Q4
2012-10-16 00:00:00,48,37.795701857931441,0,115.93126621936253,81,48,31,2012_Q4
2012-10-16 01:00:00,13,20.819451259252702,0,98.955015620683781,48,29,13,2012_Q4
2012-10-16 02:00:00,3,7.3434795153362113,0,85.479043876767292,13,6,7,2012_Q4
2012-10-16 03:00:00,2,3.9057211531403686,0,82.041285514571442,3,4,3,2012_Q4
2012-10-16 04:00:00,7,5.441911643281367,0,83.577476004712452,2,10,7,2012_Q4
2012-10-16 05:00:00,52,28.603326650648327,0,106.73889101207941,7,40,19,2012_Q4
2012-10-16 06:00:00,172,150.37416943633772,72.238605074906644,228.5097337977688,52,147,143,2012_Q4
2012-10-16 07:00:00,525,468.2908839730261,390.15531961159502,546.42644833445718,172,476,362,2012_Q4
2012-10-16 08:00:00,835,744.12789460077772,665.99233023934664,822.2634589622088,525,737,713,2012_Q4
2012-10-16 09:00:00,355,362.06724279527145,283.93167843384037,440.20280715670253,835,359,382,2012_Q4
2012-10-16 10:00:00,222,194.30548240623725,116.16991804480617,272.44104676766835,355,168,164,2012_Q4
2012-10-16 11:00:00,228,246.67766325739581,168.54209889596473,324.81322761882689,222,263,193,2012_Q4
2012-10-16 12:00:00,325,282.6455565199214,204.50999215849032,360.78112088135248,228,284,260,2012_Q4
2012-10-16 13:00:00,328,280.2976390730056,202.16207471157452,358.43320343443668,325,146,238,2012_Q4
2012-10-16 14:00:00,308,270.57938626313671,192.44382190170563,348.71495062456779,328,185,244,2012_Q4
2012-10-16 15:00:00,346,291.83635321615981,213.70078885472873,369.97191757759089,308,260,254,2012_Q4
2012-10-16 16:00:00,446,448.83016794657215,370.69460358514107,526.96573230800323,346,447,424,2012_Q4
2012-10-16 17:00:00,943,793.44183315560497,715.30626879417389,871.57739751703605,446,766,806,2012_Q4
2012-10-16 18:00:00,838,730.77462849625317,652.63906413482209,808.91019285768425,943,592,784,2012_Q4
2012-10-16 19:00:00,531,523.71979189137346,445.58422752994238,601.85535625280454,838,239,514,2012_Q4
2012-10-16 20:00:00,432,354.25492329268195,276.11935893125087,432.39048765411303,531,256,360,2012_Q4
2012-10-16 21:00:00,195,283.60984482356577,205.47428046213469,361.74540918499684,432,206,225,2012_Q4
2012-10-16 22:00:00,181,153.38873665929998,75.2531722978689,231.52430102073106,195,126,162,2012_Q4
2012-10-16 23:00:00,199,108.81381021046252,30.678245849031441,186.9493745718936,181,81,84,2012_Q4
2012-10-17 00:00:00,49,89.449599208956556,11.314034847525477,167.58516357038764,199,48,33,2012_Q4
2012-10-17 01:00:00,17,18.969494642190547,0,97.105059003621619,49,13,8,2012_Q4
2012-10-17 02:00:00,16,7.0568433380611166,0,85.192407699492193,17,3,8,2012_Q4
2012-10-17 03:00:00,7,6.522607307673189,0,84.658171669104263,16,2,6,2012_Q4
2012-10-17 04:00:00,4,5.7420672159382118,0,83.877631577369286,7,7,6,2012_Q4
2012-10-17 05:00:00,41,35.106663672533237,0,113.24222803396432,4,52,40,2012_Q4
2012-10-17 06:00:00,178,165.85798158460025,87.722417223169174,243.99354594603133,41,172,175,2012_Q4
2012-10-17 07:00:00,464,520.77371215744415,442.63814779601307,598.90927651887523,178,525,507,2012_Q4
2012-10-17 08:00:00,817,744.3424089725288,666.20684461109772,822.47797333395988,464,835,839,2012_Q4
2012-10-17 09:00:00,382,328.02367418983152,249.88810982840045,406.1592385512626,817,355,366,2012_Q4
2012-10-17 10:00:00,228,199.96481535526883,121.82925099383775,278.10037971669988,382,222,217,2012_Q4
2012-10-17 11:00:00,234,251.70392205927158,173.5683576978405,329.83948642070266,228,228,291,2012_Q4
2012-10-17 12:00:00,332,280.91793243784406,202.78236807641298,359.05349679927514,234,325,390,2012_Q4
2012-10-17 13:00:00,310,315.89961233266814,237.76404797123706,394.03517669409922,332,328,297,2012_Q4
2012-10-17 14:00:00,270,285.59855482534584,207.46299046391476,363.73411918677692,310,308,271,2012_Q4
2012-10-17 15:00:00,301,295.95673230418708,217.82116794275601,374.09229666561816,270,346,319,2012_Q4
2012-10-17 16:00:00,466,467.50815605486736,389.37259169343628,545.64372041629849,301,446,566,2012_Q4
2012-10-17 17:00:00,888,819.57596898734448,741.4404046259134,897.71153334877556,466,943,948,2012_Q4
2012-10-17 18:00:00,884,782.25100108785,704.11543672641892,860.38656544928108,888,838,844,2012_Q4
2012-10-17 19:00:00,516,539.58619959298665,461.45063523155557,617.72176395441772,884,531,566,2012_Q4
2012-10-17 20:00:00,414,390.86953081397706,312.73396645254599,469.00509517540814,516,432,392,2012_Q4
2012-10-17 21:00:00,329,282.67182932063031,204.53626495919923,360.80739368206139,414,195,269,2012_Q4
2012-10-17 22:00:00,215,220.14855371277554,142.01298935134446,298.28411807420662,329,181,197,2012_Q4
2012-10-17 23:00:00,99,144.74220787912529,66.606643517694209,222.87777224055637,215,199,136,2012_Q4
2012-10-18 00:00:00,57,49.667489543430754,0,127.80305390486183,99,49,42,2012_Q4
2012-10-18 01:00:00,14,21.485849147556785,0,99.621413508987871,57,17,11,2012_Q4
2012-10-18 02:00:00,14,9.4298012987492328,0,87.565365660180305,14,16,11,2012_Q4
2012-10-18 03:00:00,5,5.6764569654435846,0,83.812021326874657,14,7,3,2012_Q4
2012-10-18 04:00:00,5,6.6457875810118319,0,84.78135194244291,5,4,10,2012_Q4
2012-10-18 05:00:00,42,37.955990066440037,0,116.09155442787112,5,41,42,2012_Q4
2012-10-18 06:00:00,153,177.31595284280002,99.180388481368936,255.4515172042311,42,178,159,2012_Q4
2012-10-18 07:00:00,508,450.77685057264256,372.64128621121148,528.91241493407369,153,464,478,2012_Q4
2012-10-18 08:00:00,834,756.89923960587919,678.76367524444811,835.03480396731027,508,817,798,2012_Q4
2012-10-18 09:00:00,387,359.81450861372622,281.67894425229514,437.9500729751573,834,382,355,2012_Q4
2012-10-18 10:00:00,218,214.1556183541397,136.02005399270863,292.29118271557081,387,228,204,2012_Q4
2012-10-18 11:00:00,268,252.19199136334953,174.05642700191845,330.32755572478061,218,234,251,2012_Q4
2012-10-18 12:00:00,377,315.50004759847042,237.36448323703934,393.6356119599015,268,332,326,2012_Q4
2012-10-18 13:00:00,332,345.13384987489076,266.99828551345968,423.26941423632184,377,310,291,2012_Q4
2012-10-18 14:00:00,285,324.58675214084627,246.45118777941519,402.72231650227735,332,270,348,2012_Q4
2012-10-18 15:00:00,353,322.96750443988503,244.83194007845395,401.10306880131611,285,301,460,2012_Q4
2012-10-18 16:00:00,450,467.41060279368935,389.27503843225827,545.54616715512043,353,466,481,2012_Q4
2012-10-18 17:00:00,890,822.81555055712863,744.67998619569755,900.95111491855971,450,888,827,2012_Q4
2012-10-18 18:00:00,788,694.88497838835042,616.74941402691934,773.0205427497815,890,884,692,2012_Q4
2012-10-18 19:00:00,513,610.52500446206898,532.3894401006379,688.66056882350006,788,516,743,2012_Q4
2012-10-18 20:00:00,387,385.48642951118899,307.35086514975791,463.62199387262007,513,414,415,2012_Q4
2012-10-18 21:00:00,283,281.73217563100718,203.5966112695761,359.86773999243826,387,329,260,2012_Q4
2012-10-18 22:00:00,229,199.72856469304537,121.59300033161429,277.86412905447645,283,215,177,2012_Q4
2012-10-18 23:00:00,117,154.80024733957475,76.664682978143674,232.93581170100583,229,99,186,2012_Q4
2012-10-19 00:00:00,56,66.471583622954114,0,144.60714798438519,117,57,68,2012_Q4
2012-10-19 01:00:00,16,27.845967324696407,0,105.98153168612748,56,14,37,2012_Q4
2012-10-19 02:00:00,10,10.694103508771859,0,88.82966787020294,16,14,16,2012_Q4
2012-10-19 03:00:00,5,6.0741802158009426,0,84.209744577232016,10,5,6,2012_Q4
2012-10-19 04:00:00,6,6.3176627238323144,0,84.453227085263393,5,5,8,2012_Q4
2012-10-19 05:00:00,36,36.127027998780434,0,114.26259236021151,6,42,35,2012_Q4
2012-10-19 06:00:00,131,146.94925116329074,68.81368680185966,225.08481552472182,36,153,143,2012_Q4
2012-10-19 07:00:00,154,308.90935188468927,230.77378752325819,387.04491624612035,131,508,392,2012_Q4
2012-10-19 08:00:00,467,305.46836283304219,227.33279847161111,383.60392719447327,154,834,745,2012_Q4
2012-10-19 09:00:00,389,346.41931623220796,268.28375187077688,424.55488059363904,467,387,400,2012_Q4
2012-10-19 10:00:00,224,258.83971636790722,180.70415200647614,336.97528072933829,389,218,275,2012_Q4
2012-10-19 11:00:00,252,256.77702023433352,178.64145587290244,334.9125845957646,224,268,313,2012_Q4
2012-10-19 12:00:00,332,302.00558066592998,223.8700163044989,380.14114502736106,252,377,387,2012_Q4
2012-10-19 13:00:00,375,343.58038659941559,265.44482223798451,421.71595096084667,332,332,381,2012_Q4
2012-10-19 14:00:00,365,358.58966961039289,280.45410524896181,436.72523397182397,375,285,371,2012_Q4
2012-10-19 15:00:00,395,420.35304638546978,342.2174820240387,498.48861074690086,365,353,455,2012_Q4
2012-10-19 16:00:00,565,512.08574888607302,433.95018452464194,590.2213132475041,395,450,520,2012_Q4
2012-10-19 17:00:00,425,588.02627386002575,509.89070949859467,666.16183822145683,565,890,837,2012_Q4
2012-10-19 18:00:00,233,446.53733797402987,368.40177361259879,524.672902335461,425,788,642,2012_Q4
2012-10-19 19:00:00,232,265.7093302238307,187.57376586239963,343.84489458526178,233,513,493,2012_Q4
2012-10-19 20:00:00,229,225.74931371668748,147.6137493552564,303.88487807811856,232,387,308,2012_Q4
2012-10-19 21:00:00,206,199.0428969612617,120.90733259983062,277.17846132269278,229,283,190,2012_Q4
2012-10-19 22:00:00,190,178.17899254469202,100.04342818326094,256.31455690612313,206,229,160,2012_Q4
2012-10-19 23:00:00,131,141.07132077801845,62.935756416587367,219.20688513944953,190,117,100,2012_Q4
2012-10-20 00:00:00,123,148.88847043619327,70.752906074762194,227.02403479762435,131,56,249,2012_Q4
2012-10-20 01:00:00,95,94.643143812936316,16.507579451505237,172.77870817436741,123,16,146,2012_Q4
2012-10-20 02:00:00,78,65.618492667175232,0,143.75405702860633,95,10,67,2012_Q4
2012-10-20 03:00:00,29,30.275828033484917,0,108.41139239491599,78,5,15,2012_Q4
2012-10-20 04:00:00,18,10.710743998043906,0,88.846308359474989,29,6,11,2012_Q4
2012-10-20 05:00:00,13,12.291684784850196,0,90.42724914628127,18,36,11,2012_Q4
2012-10-20 06:00:00,31,29.092886227113265,0,107.22845058854435,13,131,28,2012_Q4
2012-10-20 07:00:00,65,70.210039459006097,0,148.34560382043719,31,154,70,2012_Q4
2012-10-20 08:00:00,193,167.1948354013532,89.059271039922123,245.33039976278428,65,467,174,2012_Q4
2012-10-20 09:00:00,363,310.37997595844541,232.24441159701433,388.51554031987649,193,389,266,2012_Q4
2012-10-20 10:00:00,423,406.82619375170816,328.69062939027708,484.96175811313924,363,224,347,2012_Q4
2012-10-20 11:00:00,612,525.29497362485029,447.15940926341921,603.43053798628137,423,252,527,2012_Q4
2012-10-20 12:00:00,703,609.62989100709694,531.49432664566586,687.76545536852802,612,332,573,2012_Q4
2012-10-20 13:00:00,714,597.5053977279432,519.36983336651213,675.64096208937428,703,375,670,2012_Q4
2012-10-20 14:00:00,711,600.90738275840079,522.77181839696971,679.04294711983187,714,365,597,2012_Q4
2012-10-20 15:00:00,711,604.98376758132258,526.8482032198915,683.11933194275366,711,395,615,2012_Q4
2012-10-20 16:00:00,691,602.73149699236819,524.59593263093711,680.86706135379927,711,565,637,2012_Q4
2012-10-20 17:00:00,731,542.44763175016681,464.31206738873573,620.58319611159789,691,425,528,2012_Q4
2012-10-20 18:00:00,521,536.31625222865773,458.18068786722665,614.45181659008881,731,233,473,2012_Q4
2012-10-20 19:00:00,345,362.96795316936692,284.83238880793584,441.103517530798,521,232,332,2012_Q4
2012-10-20 20:00:00,259,258.83209734021455,180.69653297878347,336.96766170164562,345,229,255,2012_Q4
2012-10-20 21:00:00,296,224.93719586224285,146.80163150081177,303.07276022367392,259,206,204,2012_Q4
2012-10-20 22:00:00,202,234.29917718888339,156.16361282745231,312.43474155031447,296,190,189,2012_Q4
2012-10-20 23:00:00,163,166.18955548834228,88.0539911269112,244.32511984977336,202,131,125,2012_Q4
2012-10-21 00:00:00,154,125.38687298908724,47.251308627656158,203.52243735051832,163,123,111,2012_Q4
2012-10-21 01:00:00,117,116.44320540983519,38.307641048404108,194.57876977126625,154,95,112,2012_Q4
2012-10-21 02:00:00,132,89.362593764313957,11.227029402882877,167.49815812574502,117,78,66,2012_Q4
2012-10-21 03:00:00,41,63.90354941951157,0,142.03911378094264,132,29,28,2012_Q4
2012-10-21 04:00:00,21,14.824313854398273,0,92.959878215829349,41,18,12,2012_Q4
2012-10-21 05:00:00,10,11.894922378029355,0,90.030486739460429,21,13,11,2012_Q4
2012-10-21 06:00:00,26,24.139163270248552,0,102.27472763167964,10,31,24,2012_Q4
2012-10-21 07:00:00,56,63.290861022418831,0,141.4264253838499,26,65,51,2012_Q4
2012-10-21 08:00:00,143,133.19579686758885,55.060232506157774,211.33136122901993,56,193,132,2012_Q4
2012-10-21 09:00:00,269,276.47368265219507,198.33811829076399,354.60924701362615,143,363,223,2012_Q4
2012-10-21 10:00:00,443,445.6174733085785,367.48190894714742,523.75303767000958,269,423,428,2012_Q4
2012-10-21 11:00:00,547,538.80219564937067,460.66663128793959,616.93776001080175,443,612,494,2012_Q4
2012-10-21 12:00:00,675,623.0354972199508,544.89993285851972,701.17106158138188,547,703,562,2012_Q4
2012-10-21 13:00:00,626,643.59781924414654,565.46225488271546,721.73338360557761,675,714,619,2012_Q4
2012-10-21 14:00:00,640,631.45781218995762,553.32224782852654,709.5933765513887,626,711,617,2012_Q4
2012-10-21 15:00:00,623,627.33229424451383,549.19672988308275,705.46785860594491,640,711,568,2012_Q4
2012-10-21 16:00:00,591,601.96954216814368,523.8339778067126,680.10510652957475,623,691,581,2012_Q4
2012-10-21 17:00:00,491,575.92087459045933,497.78531022902825,654.05643895189041,591,731,539,2012_Q4
2012-10-21 18:00:00,413,435.54108433499738,357.4055199735663,513.6766486964284,491,521,453,2012_Q4
2012-10-21 19:00:00,266,319.80550040195726,241.66993604052618,397.94106476338834,413,345,336,2012_Q4
2012-10-21 20:00:00,195,211.1667824657554,133.03121810432432,289.30234682718651,266,259,246,2012_Q4
2012-10-21 21:00:00,166,170.50496244792038,92.369398086489298,248.64052680935146,195,296,196,2012_Q4
2012-10-21 22:00:00,113,141.51221418916171,63.376649827730631,219.64777855059279,166,202,125,2012_Q4
2012-10-21 23:00:00,66,92.286982815731861,14.151418454300781,170.42254717716293,113,163,105,2012_Q4
2012-10-22 00:00:00,31,37.761648634999716,0,115.8972129964308,66,154,48,2012_Q4
2012-10-22 01:00:00,11,19.409728208099086,0,97.545292569530162,31,117,29,2012_Q4
2012-10-22 02:00:00,5,7.636936767276695,0,85.772501128707773,11,132,6,2012_Q4
2012-10-22 03:00:00,6,5.1694974720400397,0,83.305061833471115,5,41,4,2012_Q4
2012-10-22 04:00:00,7,7.5088963603100076,0,85.644460721741083,6,21,10,2012_Q4
2012-10-22 05:00:00,46,34.010827728922123,0,112.1463920903532,7,10,40,2012_Q4
2012-10-22 06:00:00,144,152.57887137519256,74.443307013761483,230.71443573662364,46,26,147,2012_Q4
2012-10-22 07:00:00,452,454.0851524626791,375.94958810124803,532.22071682411024,144,56,476,2012_Q4
2012-10-22 08:00:00,728,700.38436989597369,622.24880553454261,778.51993425740477,452,143,737,2012_Q4
2012-10-22 09:00:00,360,333.77038581571071,255.63482145427963,411.90595017714179,728,269,359,2012_Q4
2012-10-22 10:00:00,212,219.27421895287009,141.13865459143901,297.40978331430119,360,443,168,2012_Q4
2012-10-22 11:00:00,211,253.55288617534413,175.41732181391305,331.68845053677524,212,547,263,2012_Q4
2012-10-22 12:00:00,283,251.5870319706857,173.45146760925462,329.72259633211678,211,675,284,2012_Q4
2012-10-22 13:00:00,315,303.64574101880652,225.51017665737544,381.7813053802376,283,626,146,2012_Q4
2012-10-22 14:00:00,282,345.29505469125081,267.15949032981973,423.43061905268189,315,640,185,2012_Q4
2012-10-22 15:00:00,296,312.03669991872334,233.90113555729226,390.17226428015442,282,623,260,2012_Q4
2012-10-22 16:00:00,524,428.2087748120158,350.07321045058472,506.34433917344688,296,591,447,2012_Q4
2012-10-22 17:00:00,922,778.00445567916859,699.86889131773751,856.14002004059967,524,491,766,2012_Q4
2012-10-22 18:00:00,786,640.63361614730024,562.49805178586917,718.76918050873132,922,413,592,2012_Q4
2012-10-22 19:00:00,514,467.74658141495371,389.61101705352263,545.88214577638473,786,266,239,2012_Q4
2012-10-22 20:00:00,403,324.88222825317843,246.74666389174735,403.0177926146095,514,195,256,2012_Q4
2012-10-22 21:00:00,174,252.17279077972651,174.03722641829543,330.30835514115756,403,166,206,2012_Q4
2012-10-22 22:00:00,183,137.26787745244917,59.132313091018091,215.40344181388025,174,113,126,2012_Q4
2012-10-22 23:00:00,163,105.76079261380259,27.625228252371514,183.89635697523369,183,66,81,2012_Q4
2012-10-23 00:00:00,37,72.764531170099715,0,150.90009553153078,163,31,48,2012_Q4
2012-10-23 01:00:00,17,16.464451070646827,0,94.60001543207791,37,11,13,2012_Q4
2012-10-23 02:00:00,7,6.2827301286973194,0,84.418294490128403,17,5,3,2012_Q4
2012-10-23 03:00:00,1,4.4722919031467674,0,82.607856264577848,7,6,2,2012_Q4
2012-10-23 04:00:00,7,5.2399018962327055,0,83.375466257663788,1,7,7,2012_Q4
2012-10-23 05:00:00,50,40.46418299133915,0,118.59974735277024,7,46,52,2012_Q4
2012-10-23 06:00:00,158,171.55607055814053,93.420506196709454,249.69163491957161,50,144,172,2012_Q4
2012-10-23 07:00:00,531,467.62563406803901,389.49006970660793,545.76119842947014,158,452,525,2012_Q4
2012-10-23 08:00:00,761,722.82215019768137,644.68658583625029,800.95771455911245,531,728,835,2012_Q4
2012-10-23 09:00:00,334,329.07303263357329,250.93746827214221,407.20859699500437,761,360,355,2012_Q4
2012-10-23 10:00:00,221,195.2274457563922,117.09188139496112,273.36301011782325,334,212,222,2012_Q4
2012-10-23 11:00:00,253,245.56519573288256,167.42963137145148,323.70076009431364,221,211,228,2012_Q4
2012-10-23 12:00:00,378,298.0208850718904,219.88532071045933,376.15644943332148,253,283,325,2012_Q4
2012-10-23 13:00:00,303,336.05240740722866,257.91684304579758,414.18797176865974,378,315,328,2012_Q4
2012-10-23 14:00:00,296,301.65363517115537,223.51807080972429,379.78919953258645,303,282,308,2012_Q4
2012-10-23 15:00:00,346,326.5365896475256,248.40102528609452,404.67215400895668,296,296,346,2012_Q4
2012-10-23 16:00:00,541,489.83658273072268,411.7010183692916,567.97214709215382,346,524,446,2012_Q4
2012-10-23 17:00:00,938,826.17933198674996,748.04376762531888,904.31489634818104,541,922,943,2012_Q4
2012-10-23 18:00:00,826,791.58032666084796,713.44476229941688,869.71589102227904,938,786,838,2012_Q4
2012-10-23 19:00:00,482,562.10040349120243,483.96483912977135,640.23596785263351,826,514,531,2012_Q4
2012-10-23 20:00:00,379,378.82023588834812,300.68467152691704,456.9558002497792,482,403,432,2012_Q4
2012-10-23 21:00:00,295,251.71660182765993,173.58103746622885,329.85216618909101,379,174,195,2012_Q4
2012-10-23 22:00:00,194,194.81029926911364,116.67473490768256,272.94586363054475,295,183,181,2012_Q4
2012-10-23 23:00:00,111,138.77915216823865,60.643587806807574,216.91471652966973,194,163,199,2012_Q4
2012-10-24 00:00:00,46,47.545185393147307,0,125.68074975457839,111,37,49,2012_Q4
2012-10-24 01:00:00,27,21.044583877947499,0,99.180148239378582,46,17,17,2012_Q4
2012-10-24 02:00:00,6,13.158493919135781,0,91.294058280566858,27,7,16,2012_Q4
2012-10-24 03:00:00,4,5.1230994135861705,0,83.258663775017254,6,1,7,2012_Q4
2012-10-24 04:00:00,6,4.9654901836325349,0,83.101054545063619,4,7,4,2012_Q4
2012-10-24 05:00:00,53,38.352229200264212,0,116.4877935616953,6,50,41,2012_Q4
2012-10-24 06:00:00,173,176.14707857223934,98.011514210808258,254.28264293367042,53,158,178,2012_Q4
2012-10-24 07:00:00,526,497.42734923614194,419.29178487471086,575.56291359757302,173,531,464,2012_Q4
2012-10-24 08:00:00,801,761.94224980651393,683.80668544508285,840.07781416794501,526,761,817,2012_Q4
2012-10-24 09:00:00,373,334.02848576602719,255.89292140459611,412.16405012745827,801,334,382,2012_Q4
2012-10-24 10:00:00,171,201.85782772192064,123.72226336048956,279.99339208335175,373,221,228,2012_Q4
2012-10-24 11:00:00,236,216.45941617465508,138.323851813224,294.59498053608615,171,253,234,2012_Q4
2012-10-24 12:00:00,316,309.62487432811582,231.48930996668474,387.7604386895469,236,378,332,2012_Q4
2012-10-24 13:00:00,306,324.39010468097007,246.25454031953899,402.52566904240115,316,303,310,2012_Q4
2012-10-24 14:00:00,301,304.52386027478587,226.3882959133548,382.65942463621695,306,296,270,2012_Q4
2012-10-24 15:00:00,308,343.12146770638645,264.98590334495537,421.25703206781753,301,346,301,2012_Q4
2012-10-24 16:00:00,532,507.07883686509103,428.94327250365995,585.21440122652211,308,541,466,2012_Q4
2012-10-24 17:00:00,963,840.9001554319974,762.76459107056633,919.03571979342848,532,938,888,2012_Q4
2012-10-24 18:00:00,858,814.87822140475805,736.74265704332697,893.01378576618913,963,826,884,2012_Q4
2012-10-24 19:00:00,572,570.15212846176303,492.01656410033195,648.28769282319411,858,482,516,2012_Q4
2012-10-24 20:00:00,441,402.76835589937667,324.63279153794559,480.90392026080775,572,379,414,2012_Q4
2012-10-24 21:00:00,313,328.03028493079074,249.89472056935966,406.16584929222182,441,295,329,2012_Q4
2012-10-24 22:00:00,238,224.76802546923329,146.63246110780221,302.90358983066437,313,194,215,2012_Q4
2012-10-24 23:00:00,123,144.68878826153295,66.55322390010187,222.82435262296403,238,111,99,2012_Q4
2012-10-25 00:00:00,76,60.39306001423784,0,138.52862437566893,123,46,57,2012_Q4
2012-10-25 01:00:00,28,35.137623872788495,0,113.27318823421957,76,27,14,2012_Q4
2012-10-25 02:00:00,18,13.111717913856388,0,91.247282275287461,28,6,14,2012_Q4
2012-10-25 03:00:00,8,7.5820196399712749,0,85.717584001402358,18,4,5,2012_Q4
2012-10-25 04:00:00,5,5.4160105016259399,0,83.551574863057013,8,6,5,2012_Q4
2012-10-25 05:00:00,55,38.386678415191689,0,116.52224277662276,5,53,42,2012_Q4
2012-10-25 06:00:00,171,169.86241324277552,91.726848881344438,247.9979776042066,55,173,153,2012_Q4
2012-10-25 07:00:00,495,485.07750490342204,406.94194054199096,563.21306926485317,171,526,508,2012_Q4
2012-10-25 08:00:00,779,718.70474078950429,640.56917642807321,796.84030515093536,495,801,834,2012_Q4
2012-10-25 09:00:00,343,336.57166490597513,258.43610054454405,414.70722926740621,779,373,387,2012_Q4
2012-10-25 10:00:00,225,189.11925424156567,110.98368988013459,267.25481860299675,343,171,218,2012_Q4
2012-10-25 11:00:00,238,234.10678461004727,155.97122024861619,312.24234897147835,225,236,268,2012_Q4
2012-10-25 12:00:00,319,274.87736532282673,196.74180096139565,353.01292968425781,238,316,377,2012_Q4
2012-10-25 13:00:00,313,305.01587015352203,226.88030579209095,383.15143451495311,319,306,332,2012_Q4
2012-10-25 14:00:00,285,291.984667791802,213.84910343037092,370.12023215323308,313,301,285,2012_Q4
2012-10-25 15:00:00,305,302.42100238697714,224.28543802554606,380.55656674840822,285,308,353,2012_Q4
2012-10-25 16:00:00,499,500.2138601408476,422.07829577941652,578.34942450227868,305,532,450,2012_Q4
2012-10-25 17:00:00,886,806.86553463939993,728.72997027796885,885.001099000831,499,963,890,2012_Q4
2012-10-25 18:00:00,809,798.46190237525821,720.32633801382713,876.59746673668928,886,858,788,2012_Q4
2012-10-25 19:00:00,542,518.70505156261891,440.56948720118783,596.84061592404998,809,572,513,2012_Q4
2012-10-25 20:00:00,347,356.66117567545439,278.52561131402331,434.79674003688547,542,441,387,2012_Q4
2012-10-25 21:00:00,271,241.18638746933436,163.05082310790328,319.32195183076544,347,313,283,2012_Q4
2012-10-25 22:00:00,207,197.81848091012984,119.68291654869876,275.95404527156091,271,238,229,2012_Q4
2012-10-25 23:00:00,135,142.08476193558246,63.949197574151384,220.22032629701354,207,123,117,2012_Q4
2012-10-26 00:00:00,71,68.455677481389756,0,146.59124184282084,135,76,56,2012_Q4
2012-10-26 01:00:00,36,36.180790893029979,0,114.31635525446106,71,28,16,2012_Q4
2012-10-26 02:00:00,19,16.724659347168071,0,94.86022370859915,36,18,10,2012_Q4
2012-10-26 03:00:00,13,7.5282606724311609,0,85.663825033862238,19,8,5,2012_Q4
2012-10-26 04:00:00,5,6.8453677316922983,0,84.980932093123371,13,5,6,2012_Q4
2012-10-26 05:00:00,50,34.528757544163689,0,112.66432190559476,5,55,36,2012_Q4
2012-10-26 06:00:00,144,157.30971065227075,79.174146290839673,235.44527501370183,50,171,131,2012_Q4
2012-10-26 07:00:00,421,424.89294373088984,346.75737936945876,503.02850809232092,144,495,154,2012_Q4
2012-10-26 08:00:00,734,561.24257263980655,483.10700827837547,639.37813700123763,421,779,467,2012_Q4
2012-10-26 09:00:00,403,367.60136840430675,289.46580404287567,445.73693276573783,734,343,389,2012_Q4
2012-10-26 10:00:00,197,241.91730220205579,163.78173784062471,320.05286656348687,403,225,224,2012_Q4
2012-10-26 11:00:00,290,238.74518383498648,160.6096194735554,316.88074819641758,197,238,252,2012_Q4
2012-10-26 12:00:00,392,330.62127576775367,252.48571140632259,408.75684012918475,290,319,332,2012_Q4
2012-10-26 13:00:00,337,366.69012431364814,288.55455995221706,444.82568867507922,392,313,375,2012_Q4
2012-10-26 14:00:00,351,335.34799307157294,257.21242871014186,413.48355743300402,337,285,365,2012_Q4
2012-10-26 15:00:00,448,362.0693613730769,283.93379701164582,440.20492573450798,351,305,395,2012_Q4
2012-10-26 16:00:00,582,535.97671574837818,457.8411513869471,614.11228010980926,448,499,565,2012_Q4
2012-10-26 17:00:00,817,675.10005772586294,596.96449336443186,753.23562208729402,582,886,425,2012_Q4
2012-10-26 18:00:00,665,713.46936900079584,635.33380463936476,791.60493336222692,817,809,233,2012_Q4
2012-10-26 19:00:00,471,453.66430531919184,375.52874095776076,531.79986968062292,665,542,232,2012_Q4
2012-10-26 20:00:00,311,300.94833713396218,222.8127727725311,379.08390149539326,471,347,229,2012_Q4
2012-10-26 21:00:00,292,220.62405168699266,142.48848732556158,298.75961604842371,311,271,206,2012_Q4
2012-10-26 22:00:00,217,205.65517787897073,127.51961351753965,283.79074224040181,292,207,190,2012_Q4
2012-10-26 23:00:00,178,152.01290203462779,73.877337673196706,230.14846639605886,217,135,131,2012_Q4
2012-10-27 00:00:00,142,137.36625561687353,59.230691255442451,215.50181997830461,178,71,123,2012_Q4
2012-10-27 01:00:00,146,99.599725695134623,21.464161333703544,177.7352900565657,142,36,95,2012_Q4
2012-10-27 02:00:00,90,96.732430139259634,18.596865777828555,174.86799450069071,146,19,78,2012_Q4
2012-10-27 03:00:00,26,42.765536826691992,0,120.90110118812308,90,13,29,2012_Q4
2012-10-27 04:00:00,13,13.145383520373091,0,91.280947881804167,26,5,18,2012_Q4
2012-10-27 05:00:00,9,14.437048590495715,0,92.5726129519268,13,50,13,2012_Q4
2012-10-27 06:00:00,31,25.963657095608529,0,104.0992214570396,9,144,31,2012_Q4
2012-10-27 07:00:00,86,70.427825405915655,0,148.56338976734673,31,421,65,2012_Q4
2012-10-27 08:00:00,213,218.77667355158917,140.64110919015809,296.91223791302025,86,734,193,2012_Q4
2012-10-27 09:00:00,328,343.90831057535081,265.77274621391973,422.04387493678189,213,403,363,2012_Q4
2012-10-27 10:00:00,479,392.47235589945569,314.33679153802461,470.60792026088677,328,197,423,2012_Q4
2012-10-27 11:00:00,585,540.05346664695514,461.91790228552406,618.18903100838622,479,290,612,2012_Q4
2012-10-27 12:00:00,668,590.61888656964925,512.48332220821817,668.75445093108033,585,392,703,2012_Q4
2012-10-27 13:00:00,760,646.30440310101051,568.16883873957943,724.43996746244159,668,337,714,2012_Q4
2012-10-27 14:00:00,750,661.05717548469624,582.92161112326517,739.19273984612732,760,351,711,2012_Q4
2012-10-27 15:00:00,711,627.96883675750121,549.83327239607013,706.10440111893229,750,448,711,2012_Q4
2012-10-27 16:00:00,612,595.37656673244783,517.24100237101675,673.51213109387891,711,582,691,2012_Q4
2012-10-27 17:00:00,618,583.82424151284374,505.68867715141266,661.95980587427482,612,817,731,2012_Q4
2012-10-27 18:00:00,456,515.67866104507152,437.54309668364044,593.8142254065026,618,665,521,2012_Q4
2012-10-27 19:00:00,300,352.23362575218687,274.09806139075579,430.36919011361795,456,471,345,2012_Q4
2012-10-27 20:00:00,296,236.74896986855154,158.61340550712046,314.88453422998259,300,311,259,2012_Q4
2012-10-27 21:00:00,209,253.34606006990799,175.21049570847691,331.48162443133907,296,292,296,2012_Q4
2012-10-27 22:00:00,157,190.56474570466924,112.42918134323816,268.70031006610031,209,217,202,2012_Q4
2012-10-27 23:00:00,167,144.90704343329452,66.771479071863439,223.0426077947256,157,178,163,2012_Q4
2012-10-28 00:00:00,117,131.71645281259873,53.580888451167652,209.85201717402981,167,142,154,2012_Q4
2012-10-28 01:00:00,133,98.840301524453182,20.704737163022102,176.97586588588428,117,146,117,2012_Q4
2012-10-28 02:00:00,116,98.052678867926716,19.917114506495636,176.18824322935779,133,90,132,2012_Q4
2012-10-28 03:00:00,79,65.031005685164587,0,143.16657004659567,116,26,41,2012_Q4
2012-10-28 04:00:00,20,36.605634012689762,0,114.74119837412084,79,13,21,2012_Q4
2012-10-28 05:00:00,28,10.720705866344311,0,88.856270227775383,20,9,10,2012_Q4
2012-10-28 06:00:00,39,48.581410638990015,0,126.71697500042109,28,31,26,2012_Q4
2012-10-28 07:00:00,65,85.692556161501628,7.5569918000705485,163.82812052293269,39,86,56,2012_Q4
2012-10-28 08:00:00,173,133.29686749357739,55.161303132146315,211.43243185500847,65,213,143,2012_Q4
2012-10-28 09:00:00,330,285.48835328630292,207.35278892487185,363.623917647734,173,328,269,2012_Q4
2012-10-28 10:00:00,434,422.2263402552677,344.09077589383662,500.36190461669878,330,479,443,2012_Q4
2012-10-28 11:00:00,462,522.10018989254741,443.96462553111633,600.23575425397848,434,585,547,2012_Q4
2012-10-28 12:00:00,491,562.89588071130527,484.76031634987419,641.03144507273635,462,668,675,2012_Q4
2012-10-28 13:00:00,391,528.33331663479169,450.19775227336061,606.46888099622277,491,760,626,2012_Q4
2012-10-28 14:00:00,402,471.30629651214588,393.1707321507148,549.44186087357696,391,750,640,2012_Q4
2012-10-28 15:00:00,301,468.32529215525921,390.18972779382813,546.46085651669023,402,711,623,2012_Q4
2012-10-28 16:00:00,293,399.82714296907187,321.69157860764079,477.96270733050295,301,612,591,2012_Q4
2012-10-28 17:00:00,225,232.00397384198558,153.8684094805545,310.13953820341669,293,618,491,2012_Q4
2012-10-28 18:00:00,154,148.18038372649531,70.044819365064228,226.31594808792639,225,456,413,2012_Q4
2012-10-28 19:00:00,54,97.571819308179883,19.436254946748804,175.70738366961098,154,300,266,2012_Q4
2012-10-28 20:00:00,55,53.690150759065617,0,131.82571512049668,54,296,195,2012_Q4
2012-10-28 21:00:00,46,43.26315513573163,0,121.39871949716272,55,209,166,2012_Q4
2012-10-28 22:00:00,37,48.206142543305653,0,126.34170690473672,46,157,113,2012_Q4
2012-10-28 23:00:00,14,36.874536531195815,0,115.01010089262689,37,167,66,2012_Q4
2012-10-29 00:00:00,22,11.180436781316526,0,89.316001142747609,14,117,31,2012_Q4
2012-10-30 13:00:00,116,39.054543063420851,0,117.19010742485193,22,22,303,2012_Q4
2012-10-30 14:00:00,126,128.7980498872009,50.662485525769824,206.93361424863198,116,116,296,2012_Q4
2012-10-30 15:00:00,124,165.78554421650662,87.649979855075543,243.9211085779377,126,126,346,2012_Q4
2012-10-30 16:00:00,98,212.78450101122431,134.64893664979323,290.92006537265536,124,124,541,2012_Q4
2012-10-30 17:00:00,124,213.27114607460558,135.1355817131745,291.40671043603663,98,98,938,2012_Q4
2012-10-30 18:00:00,143,163.64137254158265,85.505808180151575,241.77693690301373,124,124,826,2012_Q4
2012-10-30 19:00:00,115,148.54276590499774,70.407201543566657,226.67833026642882,143,143,482,2012_Q4
2012-10-30 20:00:00,81,140.23935941336134,62.103795051930263,218.37492377479242,115,115,379,2012_Q4
2012-10-30 21:00:00,64,84.847125594260731,6.7115612328296521,162.9826899556918,81,81,295,2012_Q4
2012-10-30 22:00:00,66,61.866680932419953,0,140.00224529385105,64,64,194,2012_Q4
2012-10-30 23:00:00,39,50.479469232729386,0,128.61503359416048,66,66,111,2012_Q4
2012-10-31 00:00:00,16,26.217344021607779,0,104.35290838303885,39,39,46,2012_Q4
2012-10-31 01:00:00,8,12.791672897016609,0,90.92723725844769,16,16,27,2012_Q4
2012-10-31 02:00:00,7,4.5802773269943255,0,82.7158416884254,8,8,6,2012_Q4
2012-10-31 03:00:00,3,3.7368048254070336,0,81.872369186838114,7,7,4,2012_Q4
2012-10-31 04:00:00,5,4.1660715089522986,0,82.301635870383379,3,3,6,2012_Q4
2012-10-31 05:00:00,24,26.633529751438083,0,104.76909411286917,5,5,53,2012_Q4
2012-10-31 06:00:00,116,117.59068041779032,39.455116056359245,195.72624477922142,24,24,173,2012_Q4
2012-10-31 07:00:00,337,324.15672305973698,246.0211586983059,402.29228742116806,116,116,526,2012_Q4
2012-10-31 08:00:00,621,549.58456080757685,471.44899644614577,627.72012516900793,337,337,801,2012_Q4
2012-10-31 09:00:00,297,333.72296254349902,255.58739818206794,411.8585269049301,621,621,373,2012_Q4
2012-10-31 10:00:00,168,154.79043273193074,76.654868370499656,232.92599709336181,297,297,171,2012_Q4
2012-10-31 11:00:00,189,186.20899498706049,108.07343062562941,264.34455934849154,168,168,236,2012_Q4
2012-10-31 12:00:00,241,230.76085186988925,152.62528750845817,308.89641623132036,189,189,316,2012_Q4
2012-10-31 13:00:00,213,255.5597866460113,177.42422228458022,333.69535100744235,241,116,306,2012_Q4
2012-10-31 14:00:00,224,227.51723408195895,149.38166972052787,305.65279844339,213,126,301,2012_Q4
2012-10-31 15:00:00,230,232.47351760980484,154.33795324837376,310.60908197123592,224,124,308,2012_Q4
2012-10-31 16:00:00,424,402.79726787441535,324.66170351298427,480.93283223584643,230,98,532,2012_Q4
2012-10-31 17:00:00,723,665.20142177069158,587.0658574092605,743.33698613212266,424,124,963,2012_Q4
2012-10-31 18:00:00,584,634.02108696396613,555.88552260253505,712.15665132539721,723,143,858,2012_Q4
2012-10-31 19:00:00,410,439.81139255601749,361.67582819458642,517.94695691744857,584,115,572,2012_Q4
2012-10-31 20:00:00,268,294.45076939566405,216.31520503423297,372.58633375709513,410,81,441,2012_Q4
2012-10-31 21:00:00,192,208.95659092326892,130.82102656183784,287.09215528469997,268,64,313,2012_Q4
2012-10-31 22:00:00,165,155.00361616081284,76.86805179938176,233.13918052224392,192,66,238,2012_Q4
2012-10-31 23:00:00,101,102.13981213008758,24.004247768656498,180.27537649151867,165,39,123,2012_Q4
2012-11-01 00:00:00,60,53.227885553432465,0,131.36344991486354,101,16,76,2012_Q4
2012-11-01 01:00:00,30,23.118437091358295,0,101.25400145278937,60,8,28,2012_Q4
2012-11-01 02:00:00,20,15.045415978323023,0,93.1809803397541,30,7,18,2012_Q4
2012-11-01 03:00:00,15,7.9155288839279443,0,86.051093245359027,20,3,8,2012_Q4
2012-11-01 04:00:00,10,6.5245517633465431,0,84.660116124777616,15,5,5,2012_Q4
2012-11-01 05:00:00,40,34.809212981429155,0,112.94477734286023,10,24,55,2012_Q4
2012-11-01 06:00:00,148,148.70818276416952,70.572618402738442,226.8437471256006,40,116,171,2012_Q4
2012-11-01 07:00:00,420,435.52494183856021,357.38937747712913,513.66050619999123,148,337,495,2012_Q4
2012-11-01 08:00:00,680,680.74350179780618,602.6079374363751,758.87906615923725,420,621,779,2012_Q4
2012-11-01 09:00:00,331,331.8882147430574,253.75265038162632,410.02377910448848,680,297,343,2012_Q4
2012-11-01 10:00:00,146,164.88615189756356,86.750587536132485,243.02171625899464,331,168,225,2012_Q4
2012-11-01 11:00:00,170,150.02831702889648,71.892752667465402,228.16388139032756,146,189,238,2012_Q4
2012-11-01 12:00:00,221,205.31605719163187,127.18049283020079,283.45162155306298,170,241,319,2012_Q4
2012-11-01 13:00:00,248,204.3151258562944,126.17956149486332,282.45069021772548,221,213,313,2012_Q4
2012-11-01 14:00:00,185,224.40791875801651,146.27235439658543,302.54348311944761,248,224,285,2012_Q4
2012-11-01 15:00:00,214,213.96686704671382,135.83130268528274,292.10243140814487,185,230,305,2012_Q4
2012-11-01 16:00:00,344,362.93457740947434,284.79901304804326,441.07014177090542,214,424,499,2012_Q4
2012-11-01 17:00:00,689,638.41009934586259,560.27453498443151,716.54566370729367,344,723,886,2012_Q4
2012-11-01 18:00:00,678,593.98851747394428,515.85295311251321,672.12408183537536,689,584,809,2012_Q4
2012-11-01 19:00:00,452,438.7992314410219,360.66366707959082,516.93479580245298,678,410,542,2012_Q4
2012-11-01 20:00:00,296,307.25213057305069,229.11656621161961,385.38769493448177,452,268,347,2012_Q4
2012-11-01 21:00:00,267,217.37824789944594,139.24268353801486,295.51381226087699,296,192,271,2012_Q4
2012-11-01 22:00:00,202,190.03248994199816,111.89692558056709,268.16805430342924,267,165,207,2012_Q4
2012-11-01 23:00:00,120,134.3517888395279,56.216224478096819,212.48735320095898,202,101,135,2012_Q4
2012-11-02 00:00:00,50,68.475177288675312,0,146.61074165010638,120,60,71,2012_Q4
2012-11-02 01:00:00,24,27.747929491668774,0,105.88349385309985,50,30,36,2012_Q4
2012-11-02 02:00:00,10,15.591474502409682,0,93.727038863840761,24,20,19,2012_Q4
2012-11-02 03:00:00,3,8.4902594459112155,0,86.6258238073423,10,15,13,2012_Q4
2012-11-02 04:00:00,7,4.3038127890973392,0,82.439377150528415,3,10,5,2012_Q4
2012-11-02 05:00:00,26,35.309202421850564,0,113.44476678328164,7,40,50,2012_Q4
2012-11-02 06:00:00,122,113.42223432258861,35.286669961157529,191.5577986840197,26,148,144,2012_Q4
2012-11-02 07:00:00,357,374.69081751834796,296.55525315691688,452.82638187977903,122,420,421,2012_Q4
2012-11-02 08:00:00,687,638.17664705014522,560.04108268871414,716.3122114115763,357,680,734,2012_Q4
2012-11-02 09:00:00,382,379.45176094097576,301.31619657954468,457.58732530240684,687,331,403,2012_Q4
2012-11-02 10:00:00,204,219.30759806145159,141.17203370002051,297.44316242288266,382,146,197,2012_Q4
2012-11-02 11:00:00,221,234.69336917336295,156.55780481193187,312.82893353479403,204,170,290,2012_Q4
2012-11-02 12:00:00,292,288.16745890808005,210.03189454664897,366.30302326951113,221,221,392,2012_Q4
2012-11-02 13:00:00,294,290.82630969059113,212.69074532916005,368.96187405202221,292,248,337,2012_Q4
2012-11-02 14:00:00,262,289.64383684835479,211.50827248692372,367.77940120978587,294,185,351,2012_Q4
2012-11-02 15:00:00,306,281.74793087076682,203.61236650933574,359.8834952321979,262,214,448,2012_Q4
2012-11-02 16:00:00,421,415.99665332723276,337.86108896580168,494.13221768866384,306,344,582,2012_Q4
2012-11-02 17:00:00,638,682.07771152611895,603.94214716468787,760.21327588755003,421,689,817,2012_Q4
2012-11-02 18:00:00,522,574.84235353342615,496.70678917199507,652.97791789485723,638,678,665,2012_Q4
2012-11-02 19:00:00,374,366.21083360640438,288.0752692449733,444.34639796783546,522,452,471,2012_Q4
2012-11-02 20:00:00,221,246.28225023394108,168.14668587251001,324.41781459537219,374,296,311,2012_Q4
2012-11-02 21:00:00,156,182.33213357008978,104.1965692086587,260.46769793152089,221,267,292,2012_Q4
2012-11-02 22:00:00,149,136.55607749437635,58.420513132945274,214.69164185580743,156,202,217,2012_Q4
2012-11-02 23:00:00,119,119.19535684203279,41.059792480601715,197.33092120346387,149,120,178,2012_Q4
2012-11-03 00:00:00,108,97.549894353286547,19.414329991855467,175.68545871471764,119,50,142,2012_Q4
2012-11-03 01:00:00,89,78.704432498965872,0.5688681375347926,156.83999686039695,108,24,146,2012_Q4
2012-11-03 02:00:00,46,64.00210369374247,0,142.13766805517355,89,10,90,2012_Q4
2012-11-03 03:00:00,28,19.823648956193683,0,97.959213317624759,46,3,26,2012_Q4
2012-11-03 04:00:00,16,11.319112163126423,0,89.454676524557499,28,7,13,2012_Q4
2012-11-03 05:00:00,9,10.640416813375728,0,88.775981174806802,16,26,9,2012_Q4
2012-11-03 06:00:00,21,23.761294957879059,0,101.89685931931014,9,122,31,2012_Q4
2012-11-03 07:00:00,59,59.776164393437703,0,137.91172875486879,21,357,86,2012_Q4
2012-11-03 08:00:00,142,131.84640904649132,53.710844685060238,209.9819734079224,59,687,213,2012_Q4
2012-11-03 09:00:00,219,250.51940987282046,172.38384551138938,328.65497423425154,142,382,328,2012_Q4
2012-11-03 10:00:00,328,310.52267579317117,232.3871114317401,388.65824015460225,219,204,479,2012_Q4
2012-11-03 11:00:00,340,447.49471351417776,369.35914915274668,525.63027787560884,328,221,585,2012_Q4
2012-11-03 12:00:00,394,457.63054498261414,379.49498062118306,535.76610934404516,340,292,668,2012_Q4
2012-11-03 13:00:00,449,486.42394869915256,408.28838433772148,564.55951306058364,394,294,760,2012_Q4
2012-11-03 14:00:00,455,522.14385671363311,444.00829235220203,600.27942107506419,449,262,750,2012_Q4
2012-11-03 15:00:00,448,471.84977423266758,393.71420987123651,549.98533859409872,455,306,711,2012_Q4
2012-11-03 16:00:00,400,422.88505751291967,344.74949315148859,501.02062187435075,448,421,612,2012_Q4
2012-11-03 17:00:00,410,405.41045832399681,327.27489396256573,483.54602268542789,400,638,618,2012_Q4
2012-11-03 18:00:00,297,346.71237494697505,268.57681058554397,424.84793930840613,410,522,456,2012_Q4
2012-11-03 19:00:00,239,223.60464062875707,145.46907626732599,301.74020499018815,297,374,300,2012_Q4
2012-11-03 20:00:00,181,199.8908689095592,121.75530454812812,278.02643327099031,239,221,296,2012_Q4
2012-11-03 21:00:00,166,150.00395535126822,71.868390989837138,228.1395197126993,181,156,209,2012_Q4
2012-11-03 22:00:00,146,149.99660654222819,71.861042180797114,228.13217090365927,166,149,157,2012_Q4
2012-11-03 23:00:00,148,121.19431104089455,43.058746679463468,199.32987540232563,146,119,167,2012_Q4
2012-11-04 00:00:00,102,110.1890592799334,32.053494918502324,188.3246236413645,148,108,117,2012_Q4
2012-11-04 01:00:00,165,82.177328480566473,4.0417641191353937,160.31289284199755,102,89,133,2012_Q4
2012-11-04 02:00:00,37,124.08281751751689,45.947253156085807,202.21838187894798,165,46,116,2012_Q4
2012-11-04 03:00:00,11,27.689418313769632,0,105.82498267520072,37,28,79,2012_Q4
2012-11-04 04:00:00,9,9.4018696904332959,0,87.537434051864381,11,16,20,2012_Q4
2012-11-04 05:00:00,5,16.575523446557813,0,94.711087807988889,9,9,28,2012_Q4
2012-11-04 06:00:00,16,26.324711292698119,0,104.46027565412919,5,21,39,2012_Q4
2012-11-04 07:00:00,50,45.572548778044016,0,123.7081131394751,16,59,65,2012_Q4
2012-11-04 08:00:00,149,131.90897455631858,53.773410194887504,210.04453891774966,50,142,173,2012_Q4
2012-11-04 09:00:00,217,248.89768957981684,170.76212521838576,327.03325394124795,149,219,330,2012_Q4
2012-11-04 10:00:00,360,318.25045457898733,240.11489021755625,396.38601894041841,217,328,434,2012_Q4
2012-11-04 11:00:00,445,410.5430703958495,332.40750603441842,488.67863475728058,360,340,462,2012_Q4
2012-11-04 12:00:00,504,489.25400433865548,411.1184399772244,567.38956870008656,445,394,491,2012_Q4
2012-11-04 13:00:00,493,443.71355097378046,365.57798661234938,521.84911533521154,504,449,391,2012_Q4
2012-11-04 14:00:00,509,438.04239252484126,359.90682816341018,516.17795688627234,493,455,402,2012_Q4
2012-11-04 15:00:00,449,439.02749052328767,360.89192616185659,517.1630548847188,509,448,301,2012_Q4
2012-11-04 16:00:00,435,396.61963246703601,318.48406810560493,474.75519682846709,449,400,293,2012_Q4
2012-11-04 17:00:00,327,398.82536366264463,320.68979930121355,476.96092802407571,435,410,225,2012_Q4
2012-11-04 18:00:00,237,254.31770043558055,176.18213607414947,332.45326479701163,327,297,154,2012_Q4
2012-11-04 19:00:00,227,189.47175635348822,111.33619199205714,267.6073207149193,237,239,54,2012_Q4
2012-11-04 20:00:00,141,156.58317192702529,78.447607565594211,234.71873628845637,227,181,55,2012_Q4
2012-11-04 21:00:00,87,109.3467569970461,31.211192635615021,187.48232135847718,141,166,46,2012_Q4
2012-11-04 22:00:00,79,67.092894470004694,0,145.22845883143577,87,146,37,2012_Q4
2012-11-04 23:00:00,53,51.77519204043282,0,129.91075640186389,79,148,14,2012_Q4
2012-11-05 00:00:00,23,23.973295944467893,0,102.10886030589897,53,102,22,2012_Q4
2012-11-05 01:00:00,8,14.683895460752662,0,92.819459822183745,23,165,23,2012_Q4
2012-11-05 02:00:00,6,5.2681894778845981,0,83.403753839315684,8,37,8,2012_Q4
2012-11-05 03:00:00,4,4.1822567775823716,0,82.317821139013446,6,11,6,2012_Q4
2012-11-05 04:00:00,16,3.5570186391123899,0,81.692583000543465,4,9,4,2012_Q4
2012-11-05 05:00:00,39,21.958000110741857,0,100.09356447217294,16,5,16,2012_Q4
2012-11-05 06:00:00,139,97.201717266562014,19.066152905130934,175.33728162799309,39,16,39,2012_Q4
2012-11-05 07:00:00,461,391.75212350595365,313.61655914452257,469.88768786738473,139,50,139,2012_Q4
2012-11-05 08:00:00,648,494.27218737008019,416.13662300864911,572.40775173151133,461,149,461,2012_Q4
2012-11-05 09:00:00,257,267.26962619729608,189.134061835865,345.40519055872716,648,217,648,2012_Q4
2012-11-05 10:00:00,142,159.17969505536729,81.044130693936211,237.31525941679837,257,360,257,2012_Q4
2012-11-05 11:00:00,150,162.28578387164268,84.150219510211599,240.42134823307376,142,445,142,2012_Q4
2012-11-05 12:00:00,244,195.16236574450068,117.0268013830696,273.29793010593175,150,504,150,2012_Q4
2012-11-05 13:00:00,222,243.19734537805789,165.06178101662681,321.33290973948897,244,493,244,2012_Q4
2012-11-05 14:00:00,196,200.385385174655,122.24982081322392,278.52094953608605,222,509,222,2012_Q4
2012-11-05 15:00:00,231,193.63809438090584,115.50253001947476,271.77365874233692,196,449,196,2012_Q4
2012-11-05 16:00:00,360,330.80714670946048,252.6715823480294,408.94271107089156,231,435,231,2012_Q4
2012-11-05 17:00:00,638,483.15296658244944,405.01740222101836,561.28853094388046,360,327,360,2012_Q4
2012-11-05 18:00:00,542,444.81884773636125,366.68328337493017,522.95441209779233,638,237,638,2012_Q4
2012-11-05 19:00:00,372,321.86978129893288,243.7342169375018,400.00534566036396,542,227,542,2012_Q4
2012-11-05 20:00:00,241,216.71023521475999,138.57467085332891,294.8457995761911,372,141,372,2012_Q4
2012-11-05 21:00:00,152,159.32279433046614,81.187229969035059,237.45835869189722,241,87,241,2012_Q4
2012-11-05 22:00:00,115,105.40308074788662,27.26751638645554,183.53864510931771,152,79,152,2012_Q4
2012-11-05 23:00:00,53,68.393770031488174,0,146.52933439291925,115,53,115,2012_Q4
2012-11-06 00:00:00,19,29.808978860132306,0,107.94454322156338,53,23,53,2012_Q4
2012-11-06 01:00:00,8,12.07814569214398,0,90.213710053575056,19,8,19,2012_Q4
2012-11-06 02:00:00,2,4.5345252279616766,0,82.670089589392759,8,6,8,2012_Q4
2012-11-06 03:00:00,4,3.0699459846962189,0,81.205510346127298,2,4,2,2012_Q4
2012-11-06 04:00:00,7,4.7911950020814533,0,82.926759363512531,4,16,4,2012_Q4
2012-11-06 05:00:00,41,16.254375040701884,0,94.389939402132967,7,39,7,2012_Q4
2012-11-06 06:00:00,149,109.4821223276906,31.346557966259525,187.61768668912168,41,139,41,2012_Q4
2012-11-06 07:00:00,387,444.63611772892227,366.50055336749119,522.77168209035335,149,461,149,2012_Q4
2012-11-06 08:00:00,588,622.32210218458795,544.18653782315687,700.45766654601903,387,648,387,2012_Q4
2012-11-06 09:00:00,363,293.38662238419681,215.25105802276573,371.52218674562789,588,257,588,2012_Q4
2012-11-06 10:00:00,230,180.76168673980538,102.6261223783743,258.89725110123646,363,142,363,2012_Q4
2012-11-06 11:00:00,216,186.5799805568125,108.44441619538142,264.71554491824361,230,150,230,2012_Q4
2012-11-06 12:00:00,248,235.8245364093566,157.68897204792552,313.96010077078768,216,244,216,2012_Q4
2012-11-06 13:00:00,278,218.54824801922661,140.41268365779553,296.68381238065768,248,222,116,2012_Q4
2012-11-06 14:00:00,240,223.25556526821271,145.12000090678163,301.39112962964379,278,196,126,2012_Q4
2012-11-06 15:00:00,272,217.25212439972282,139.11656003829174,295.38768876115387,240,231,124,2012_Q4
2012-11-06 16:00:00,402,319.50516043413205,241.36959607270097,397.64072479556313,272,360,98,2012_Q4
2012-11-06 17:00:00,627,622.38381866256191,544.24825430113083,700.51938302399299,402,638,124,2012_Q4
2012-11-06 18:00:00,497,531.90709086001516,453.77152649858408,610.04265522144624,627,542,143,2012_Q4
2012-11-06 19:00:00,371,329.72372162155773,251.58815726012665,407.85928598298881,497,372,115,2012_Q4
2012-11-06 20:00:00,228,241.86305962449492,163.72749526306384,319.99862398592597,371,241,81,2012_Q4
2012-11-06 21:00:00,151,149.99480721138409,71.859242849953006,228.13037157281516,228,152,64,2012_Q4
2012-11-06 22:00:00,153,98.275138401516458,20.139574040085378,176.41070276294755,151,115,66,2012_Q4
2012-11-06 23:00:00,205,80.45634431417183,2.3207799527407502,158.59190867560289,153,53,39,2012_Q4
2012-11-07 00:00:00,283,84.277165530737904,6.1416011693068242,162.41272989216898,205,19,16,2012_Q4
2012-11-07 01:00:00,92,87.272956631476433,9.1373922700453534,165.40852099290751,283,8,8,2012_Q4
2012-11-07 02:00:00,74,29.628275974776024,0,107.7638403362071,92,2,7,2012_Q4
2012-11-07 03:00:00,11,20.28484008533173,0,98.420404446762802,74,4,3,2012_Q4
2012-11-07 04:00:00,9,5.5119178561636488,0,83.647482217594728,11,7,5,2012_Q4
2012-11-07 05:00:00,27,26.97251732203808,0,105.10808168346915,9,41,24,2012_Q4
2012-11-07 06:00:00,118,113.33199586692027,35.196431505489187,191.46756022835135,27,149,116,2012_Q4
2012-11-07 07:00:00,319,347.24530441410815,269.10974005267707,425.38086877553923,118,387,337,2012_Q4
2012-11-07 08:00:00,601,638.19191327175417,560.05634891032309,716.32747763318525,319,588,621,2012_Q4
2012-11-07 09:00:00,368,303.87177478571994,225.73621042428886,382.00733914715101,601,363,297,2012_Q4
2012-11-07 10:00:00,178,179.66462144855603,101.52905708712495,257.80018580998711,368,230,168,2012_Q4
2012-11-07 11:00:00,147,187.09958850707088,108.9640241456398,265.23515286850193,178,216,189,2012_Q4
2012-11-07 12:00:00,212,192.93353565400952,114.79797129257844,271.0691000154406,147,248,241,2012_Q4
2012-11-07 13:00:00,181,218.99573965368646,140.86017529225538,297.13130401511751,212,278,213,2012_Q4
2012-11-07 14:00:00,161,175.92950573228453,97.793941370853446,254.0650700937156,181,240,224,2012_Q4
2012-11-07 15:00:00,198,189.47383327445047,111.33826891301939,267.60939763588158,161,272,230,2012_Q4
2012-11-07 16:00:00,273,294.09287817939571,215.95731381796463,372.22844254082679,198,402,424,2012_Q4
2012-11-07 17:00:00,517,557.43236084740704,479.29679648597596,635.56792520883812,273,627,723,2012_Q4
2012-11-07 18:00:00,465,468.58625212966274,390.45068776823166,546.72181649109382,517,497,584,2012_Q4
2012-11-07 19:00:00,319,324.78500282013903,246.64943845870795,402.92056718157011,465,371,410,2012_Q4
2012-11-07 20:00:00,256,200.86660664220651,122.73104228077543,279.00217100363761,319,228,268,2012_Q4
2012-11-07 21:00:00,126,171.92656864452869,93.791004283097607,250.06213300595977,256,151,192,2012_Q4
2012-11-07 22:00:00,60,104.8701103940155,26.734546032584419,183.00567475544659,126,153,165,2012_Q4
2012-11-07 23:00:00,40,47.298658104279696,0,125.43422246571077,60,205,101,2012_Q4
2012-11-08 00:00:00,15,26.396463966634343,0,104.53202832806542,40,283,60,2012_Q4
2012-11-08 01:00:00,12,13.018776956716946,0,91.154341318148028,15,92,30,2012_Q4
2012-11-08 02:00:00,6,10.747521824005959,0,88.883086185437037,12,74,20,2012_Q4
2012-11-08 04:00:00,10,5.492484735088496,0,83.628049096519575,6,9,10,2012_Q4
2012-11-08 05:00:00,35,32.423791974046857,0,110.55935633547793,10,27,40,2012_Q4
2012-11-08 06:00:00,124,108.58715768301518,30.451593321584099,186.72272204444624,35,118,148,2012_Q4
2012-11-08 07:00:00,423,350.06281620800576,271.92725184657468,428.19838056943684,124,319,420,2012_Q4
2012-11-08 08:00:00,668,609.37028806829301,531.23472370686193,687.50585242972409,423,601,680,2012_Q4
2012-11-08 09:00:00,275,306.19347510063204,228.05791073920096,384.32903946206312,668,368,331,2012_Q4
2012-11-08 10:00:00,161,136.50195491250116,58.366390551070083,214.63751927393224,275,178,146,2012_Q4
2012-11-08 11:00:00,171,171.42376896366937,93.288204602238295,249.55933332510045,161,147,170,2012_Q4
2012-11-08 12:00:00,235,239.40263245282043,161.26706809138935,317.53819681425148,171,212,221,2012_Q4
2012-11-08 13:00:00,228,228.70010802078059,150.56454365934951,306.83567238221167,235,181,248,2012_Q4
2012-11-08 14:00:00,182,198.1821564883154,120.04659212688432,276.31772084974648,228,161,185,2012_Q4
2012-11-08 15:00:00,233,203.37022411999723,125.23465975856615,281.50578848142834,182,198,214,2012_Q4
2012-11-08 16:00:00,339,352.35382368218598,274.2182593207549,430.48938804361705,233,273,344,2012_Q4
2012-11-08 17:00:00,592,582.44533779473647,504.30977343330539,660.58090215616755,339,517,689,2012_Q4
2012-11-08 18:00:00,507,535.8497795583819,457.71421519695082,613.98534391981298,592,465,678,2012_Q4
2012-11-08 19:00:00,373,381.85295829815971,303.71739393672863,459.98852265959079,507,319,452,2012_Q4
2012-11-08 20:00:00,245,248.14352033025929,170.00795596882821,326.2790846916904,373,256,296,2012_Q4
2012-11-08 21:00:00,233,179.75800781633325,101.62244345490217,257.89357217776433,245,126,267,2012_Q4
2012-11-08 22:00:00,161,168.02412181925561,89.888557457824533,246.15968618068669,233,60,202,2012_Q4
2012-11-08 23:00:00,87,106.07797488182574,27.94241052039466,184.21353924325683,161,40,120,2012_Q4
2012-11-09 00:00:00,55,47.448188245053778,0,125.58375260648486,87,15,50,2012_Q4
2012-11-09 01:00:00,20,24.268242769043443,0,102.40380713047452,55,12,24,2012_Q4
2012-11-09 02:00:00,12,10.489090948879028,0,88.624655310310104,20,6,10,2012_Q4
2012-11-09 03:00:00,9,6.1270148634790589,0,84.262579224910141,12,12,3,2012_Q4
2012-11-09 04:00:00,14,5.5490254843387206,0,83.684589845769807,9,10,7,2012_Q4
2012-11-09 05:00:00,27,31.658629666625654,0,109.79419402805674,14,35,26,2012_Q4
2012-11-09 06:00:00,131,114.6915553188457,36.555990957414622,192.82711968027678,27,124,122,2012_Q4
2012-11-09 07:00:00,341,370.85045278482244,292.71488842339136,448.98601714625352,131,423,357,2012_Q4
2012-11-09 08:00:00,693,639.80668979332347,561.67112543189239,717.94225415475455,341,668,687,2012_Q4
2012-11-09 09:00:00,327,347.95112875610181,269.81556439467073,426.08669311753289,693,275,382,2012_Q4
2012-11-09 10:00:00,197,190.84740374492861,112.71183938349753,268.98296810635969,327,161,204,2012_Q4
2012-11-09 11:00:00,251,233.45587852120849,155.32031415977741,311.59144288263957,197,171,221,2012_Q4
2012-11-09 12:00:00,262,299.91104083249041,221.77547647105933,378.04660519392149,251,235,292,2012_Q4
2012-11-09 13:00:00,299,282.54531473260613,204.40975037117505,360.68087909403721,262,228,294,2012_Q4
2012-11-09 14:00:00,274,282.28785601078505,204.15229164935397,360.42342037221613,299,182,262,2012_Q4
2012-11-09 15:00:00,356,295.03179584034939,216.89623147891831,373.16736020178047,274,233,306,2012_Q4
2012-11-09 16:00:00,434,414.3077594721571,336.17219511072602,492.44332383358818,356,339,421,2012_Q4
2012-11-09 17:00:00,654,670.75234357947636,592.61677921804528,748.88790794090744,434,592,638,2012_Q4
2012-11-09 18:00:00,496,508.94736084655113,430.81179648512006,587.08292520798227,654,507,522,2012_Q4
2012-11-09 19:00:00,361,347.41236332365509,269.27679896222401,425.54792768508617,496,373,374,2012_Q4
2012-11-09 20:00:00,255,241.75870722601937,163.62314286458829,319.89427158745048,361,245,221,2012_Q4
2012-11-09 21:00:00,199,195.77682796805868,117.6412636066276,273.91239232948976,255,233,156,2012_Q4
2012-11-09 22:00:00,163,166.16761044938778,88.032046087956701,244.30317481081886,199,161,149,2012_Q4
2012-11-09 23:00:00,162,128.424407081786,50.288842720354921,206.55997144321708,163,87,119,2012_Q4
2012-11-10 00:00:00,122,123.78168895310897,45.646124591677889,201.91725331454006,162,55,108,2012_Q4
2012-11-10 01:00:00,76,88.32657234864493,10.191007987213851,166.46213671007601,122,20,89,2012_Q4
2012-11-10 02:00:00,44,56.192321762110623,0,134.3278861235417,76,12,46,2012_Q4
2012-11-10 03:00:00,20,21.579832732112724,0,99.7153970935438,44,9,28,2012_Q4
2012-11-10 04:00:00,6,11.592265653304606,0,89.727830014735687,20,14,16,2012_Q4
2012-11-10 05:00:00,10,9.4741860659362018,0,87.609750427367288,6,27,9,2012_Q4
2012-11-10 06:00:00,16,23.675783929479447,0,101.81134829091053,10,131,21,2012_Q4
2012-11-10 07:00:00,71,43.183177010865052,0,121.31874137229613,16,341,59,2012_Q4
2012-11-10 08:00:00,146,162.38351712891253,84.247952767481451,240.51908149034361,71,693,142,2012_Q4
2012-11-10 09:00:00,259,257.91983740718035,179.78427304574927,336.05540176861143,146,327,219,2012_Q4
2012-11-10 10:00:00,350,353.91523257602012,275.77966821458904,432.0507969374512,259,197,328,2012_Q4
2012-11-10 11:00:00,466,377.03508232443068,298.8995179629996,455.17064668586175,350,251,340,2012_Q4
2012-11-10 12:00:00,606,476.61874301313446,398.48317865170338,554.75430737456554,466,262,394,2012_Q4
2012-11-10 13:00:00,651,555.53190368314051,477.39633932170943,633.66746804457159,606,299,449,2012_Q4
2012-11-10 14:00:00,627,561.61377768531111,483.47821332388003,639.74934204674219,651,274,455,2012_Q4
2012-11-10 15:00:00,567,568.7768998409415,490.64133547951042,646.91246420237258,627,356,448,2012_Q4
2012-11-10 16:00:00,605,513.51114605716668,435.3755816957356,591.64671041859776,567,434,400,2012_Q4
2012-11-10 17:00:00,501,543.67368045827288,465.5381160968418,621.80924481970396,605,654,410,2012_Q4
2012-11-10 18:00:00,359,437.46471456763481,359.32915020620374,515.60027892906589,501,496,297,2012_Q4
2012-11-10 19:00:00,283,305.86476719359604,227.72920283216496,384.00033155502712,359,361,239,2012_Q4
2012-11-10 20:00:00,192,210.57335687166781,132.43779251023673,288.70892123309886,283,255,181,2012_Q4
2012-11-10 21:00:00,220,190.99664169028065,112.86107732884957,269.13220605171171,192,199,166,2012_Q4
2012-11-10 22:00:00,193,185.99415050208981,107.85858614065873,264.12971486352092,220,163,146,2012_Q4
2012-11-10 23:00:00,146,168.21085859494124,90.075294233510164,246.34642295637232,193,162,148,2012_Q4
2012-11-11 00:00:00,124,108.64517347289775,30.509609111466673,186.78073783432882,146,122,102,2012_Q4
2012-11-11 01:00:00,108,107.7682291700981,29.632664808667016,185.90379353152917,124,76,165,2012_Q4
2012-11-11 02:00:00,70,71.922692139144914,0,150.05825650057599,108,44,37,2012_Q4
2012-11-11 03:00:00,48,34.86848372408911,0,113.0040480855202,70,20,11,2012_Q4
2012-11-11 04:00:00,11,14.932228383194026,0,93.067792744625109,48,6,9,2012_Q4
2012-11-11 05:00:00,12,8.5560957855734809,0,86.691660147004555,11,10,5,2012_Q4
2012-11-11 06:00:00,19,21.917434246291286,0,100.05299860772237,12,16,16,2012_Q4
2012-11-11 07:00:00,68,48.862874294225762,0,126.99843865565684,19,71,50,2012_Q4
2012-11-11 08:00:00,119,157.61617566990654,79.48061130847546,235.75174003133762,68,146,149,2012_Q4
2012-11-11 09:00:00,273,234.05024274831783,155.91467838688675,312.18580710974891,119,259,217,2012_Q4
2012-11-11 10:00:00,405,395.7926544812135,317.65709011978242,473.92821884264458,273,350,360,2012_Q4
2012-11-11 11:00:00,504,439.89075771584839,361.75519335441732,518.02632207727947,405,466,445,2012_Q4
2012-11-11 12:00:00,585,551.64882730090824,473.51326293947716,629.78439166233932,504,606,504,2012_Q4
2012-11-11 13:00:00,686,580.62812961131306,502.49256524988198,658.76369397274414,585,651,493,2012_Q4
2012-11-11 14:00:00,654,637.0176474027453,558.88208304131422,715.15321176417638,686,627,509,2012_Q4
2012-11-11 15:00:00,724,591.18231673623654,513.04675237480546,669.31788109766762,654,567,449,2012_Q4
2012-11-11 16:00:00,653,602.21201054894891,524.07644618751783,680.34757491037999,724,605,435,2012_Q4
2012-11-11 17:00:00,493,535.76577274007616,457.63020837864508,613.90133710150724,653,501,327,2012_Q4
2012-11-11 18:00:00,405,452.75110710958643,374.61554274815535,530.88667147101751,493,359,237,2012_Q4
2012-11-11 19:00:00,277,327.4961075939546,249.36054323252353,405.63167195538568,405,283,227,2012_Q4
2012-11-11 20:00:00,200,202.38343121776248,124.2478668563314,280.51899557919353,277,192,141,2012_Q4
2012-11-11 21:00:00,171,164.70760461096492,86.572040249533842,242.843168972396,200,220,87,2012_Q4
2012-11-11 22:00:00,134,135.83504546461509,57.699481103184013,213.97060982604617,171,193,79,2012_Q4
2012-11-11 23:00:00,109,90.253526491723036,12.117962130291957,168.38909085315413,134,146,53,2012_Q4
2012-11-12 00:00:00,49,72.982980242932129,0,151.11854460436319,109,124,23,2012_Q4
2012-11-12 01:00:00,30,33.310348697119217,0,111.4459130585503,49,108,8,2012_Q4
2012-11-12 02:00:00,20,17.604817132227108,0,95.740381493658191,30,70,6,2012_Q4
2012-11-12 03:00:00,4,9.5684305304015069,0,87.703994891832593,20,48,4,2012_Q4
2012-11-12 04:00:00,4,8.4755927571090268,0,86.611157118540106,4,11,16,2012_Q4
2012-11-12 05:00:00,24,21.236975307173143,0,99.372539668604219,4,12,39,2012_Q4
2012-11-12 06:00:00,71,88.50458564423468,10.369021282803601,166.64015000566576,24,19,139,2012_Q4
2012-11-12 07:00:00,264,188.5138562076483,110.37829184621722,266.64942056907938,71,68,461,2012_Q4
2012-11-12 08:00:00,540,586.19072238170725,508.05515802027617,664.32628674313833,264,119,648,2012_Q4
2012-11-12 09:00:00,397,358.6973708316383,280.56180647020722,436.83293519306937,540,273,257,2012_Q4
2012-11-12 10:00:00,266,327.90988437311614,249.77432001168506,406.04544873454722,397,405,142,2012_Q4
2012-11-12 11:00:00,367,309.94142048545547,231.80585612402439,388.07698484688655,266,504,150,2012_Q4
2012-11-12 12:00:00,419,480.29442038193281,402.15885602050173,558.42998474336389,367,585,244,2012_Q4
2012-11-12 13:00:00,420,575.85458165087846,497.71901728944738,653.99014601230954,419,686,222,2012_Q4
2012-11-12 14:00:00,444,482.47392579095617,404.33836142952509,560.60949015238725,420,654,196,2012_Q4
2012-11-12 15:00:00,382,574.2036390696245,496.06807470819342,652.33920343105558,444,724,231,2012_Q4
2012-11-12 16:00:00,434,445.72372617153405,367.58816181010297,523.85929053296513,382,653,360,2012_Q4
2012-11-12 17:00:00,596,499.14261413476635,421.00704977333527,577.27817849619737,434,493,638,2012_Q4
2012-11-12 18:00:00,551,541.18222250653332,463.04665814510224,619.3177868679644,596,405,542,2012_Q4
2012-11-12 19:00:00,353,400.66973777176185,322.53417341033077,478.80530213319292,551,277,372,2012_Q4
2012-11-12 20:00:00,304,279.5947724983663,201.45920813693522,357.73033685979738,353,200,241,2012_Q4
2012-11-12 21:00:00,155,218.70119667830306,140.56563231687198,296.83676103973414,304,171,152,2012_Q4
2012-11-12 22:00:00,112,104.9490118919332,26.813447530502117,183.08457625336428,155,134,115,2012_Q4
2012-11-12 23:00:00,63,64.784234128560456,0,142.91979848999154,112,109,53,2012_Q4
2012-11-13 00:00:00,23,25.08367245131944,0,103.21923681275052,63,49,19,2012_Q4
2012-11-13 01:00:00,5,12.945470841653426,0,91.081035203084511,23,30,8,2012_Q4
2012-11-13 02:00:00,11,4.7859756261911643,0,82.921539987622239,5,20,2,2012_Q4
2012-11-13 03:00:00,5,4.2268423459460864,0,82.362406707377161,11,4,4,2012_Q4
2012-11-13 04:00:00,9,4.6764601139931861,0,82.812024475424266,5,4,7,2012_Q4
2012-11-13 05:00:00,18,32.70806950600597,0,110.84363386743705,9,24,41,2012_Q4
2012-11-13 06:00:00,50,102.93387460202163,24.798310240590553,181.06943896345271,18,71,149,2012_Q4
2012-11-13 07:00:00,107,127.55672169427906,49.421157332847983,205.69228605571016,50,264,387,2012_Q4
2012-11-13 08:00:00,211,315.94591576855305,237.81035140712197,394.08148012998413,107,540,588,2012_Q4
2012-11-13 09:00:00,110,219.47144784182527,141.33588348039419,297.60701220325632,211,397,363,2012_Q4
2012-11-13 10:00:00,94,104.03676789383401,25.901203532402931,182.17233225526508,110,266,230,2012_Q4
2012-11-13 11:00:00,155,99.163020798700373,21.027456437269294,177.29858516013144,94,367,216,2012_Q4
2012-11-13 12:00:00,196,211.02438257010499,132.88881820867391,289.15994693153607,155,419,248,2012_Q4
2012-11-13 13:00:00,218,227.86819678858569,149.73263242715461,306.00376115001677,196,420,278,2012_Q4
2012-11-13 14:00:00,203,215.97805015994319,137.84248579851212,294.1136145213743,218,444,240,2012_Q4
2012-11-13 15:00:00,217,224.71619410985571,146.58062974842463,302.85175847128676,203,382,272,2012_Q4
2012-11-13 16:00:00,310,340.68554360279256,262.54997924136148,418.82110796422364,217,434,402,2012_Q4
2012-11-13 17:00:00,608,652.25466623404509,574.11910187261401,730.39023059547617,310,596,627,2012_Q4
2012-11-13 18:00:00,559,493.07076278608201,414.93519842465093,571.20632714751309,608,551,497,2012_Q4
2012-11-13 19:00:00,356,347.5472490751975,269.41168471376642,425.68281343662858,559,353,371,2012_Q4
2012-11-13 20:00:00,223,234.8368779448393,156.70131358340822,312.97244230627041,356,304,228,2012_Q4
2012-11-13 21:00:00,187,150.4864739395575,72.350909578126419,228.62203830098858,223,155,151,2012_Q4
2012-11-13 22:00:00,135,127.18224974419077,49.046685382759691,205.31781410562184,187,112,153,2012_Q4
2012-11-13 23:00:00,84,85.467569456256001,7.3320050948249218,163.60313381768708,135,63,205,2012_Q4
2012-11-14 00:00:00,24,64.233570196081075,0,142.36913455751215,84,23,283,2012_Q4
2012-11-14 01:00:00,12,20.401163121567169,0,98.536727482998245,24,5,92,2012_Q4
2012-11-14 02:00:00,1,15.584868186683533,0,93.720432548114616,12,11,74,2012_Q4
2012-11-14 03:00:00,5,5.2746617328927448,0,83.410226094323818,1,5,11,2012_Q4
2012-11-14 04:00:00,6,4.9272060130181297,0,83.062770374449215,5,9,9,2012_Q4
2012-11-14 05:00:00,39,28.156792848871813,0,106.2923572103029,6,18,27,2012_Q4
2012-11-14 06:00:00,146,137.51012932932719,59.374564967896106,215.64569369075826,39,50,118,2012_Q4
2012-11-14 07:00:00,415,387.15802091618656,309.02245655475548,465.29358527761764,146,107,319,2012_Q4
2012-11-14 08:00:00,691,591.62108004093125,513.48551567950017,669.75664440236233,415,211,601,2012_Q4
2012-11-14 09:00:00,332,293.65129950791533,215.51573514648425,371.7868638693464,691,110,368,2012_Q4
2012-11-14 10:00:00,171,156.04664218043641,77.911077819005328,234.18220654186749,332,94,178,2012_Q4
2012-11-14 11:00:00,151,168.84319708895558,90.707632727524498,246.97876145038666,171,155,147,2012_Q4
2012-11-14 12:00:00,240,200.61980366244282,122.48423930101174,278.75536802387387,151,196,212,2012_Q4
2012-11-14 13:00:00,214,235.31002129906079,157.17445693762971,313.44558566049187,240,218,181,2012_Q4
2012-11-14 14:00:00,181,193.87336392248619,115.73779956105511,272.00892828391727,214,203,161,2012_Q4
2012-11-14 15:00:00,260,193.20747634737228,115.0719119859412,271.34304070880336,181,217,198,2012_Q4
2012-11-14 16:00:00,321,315.25054932836878,237.1149849669377,393.38611368979986,260,310,273,2012_Q4
2012-11-14 17:00:00,583,558.31626457827167,480.18070021684059,636.45182893970275,321,608,517,2012_Q4
2012-11-14 18:00:00,567,493.75494778953606,415.61938342810498,571.8905121509672,583,559,465,2012_Q4
2012-11-14 19:00:00,396,347.66036946927613,269.52480510784505,425.79593383070721,567,356,319,2012_Q4
2012-11-14 20:00:00,267,252.83339841676849,174.69783405533741,330.96896277819957,396,223,256,2012_Q4
2012-11-14 21:00:00,213,186.65688760250737,108.52132324107629,264.79245196393845,267,187,126,2012_Q4
2012-11-14 22:00:00,173,142.27313857234788,64.137574210916796,220.40870293377895,213,135,60,2012_Q4
2012-11-14 23:00:00,87,98.610144688838815,20.474580327407736,176.74570905026991,173,84,40,2012_Q4
2012-11-15 00:00:00,34,38.787786128071801,0,116.92335048950288,87,24,15,2012_Q4
2012-11-15 01:00:00,16,14.560299307815184,0,92.695863669246265,34,12,12,2012_Q4
2012-11-15 02:00:00,7,6.4949482578804352,0,84.630512619311517,16,1,6,2012_Q4
2012-11-15 03:00:00,2,4.2970424907084244,0,82.4326068521395,7,5,7,2012_Q4
2012-11-15 04:00:00,5,5.4482849512090654,0,83.58384931264014,2,6,10,2012_Q4
2012-11-15 05:00:00,37,34.182922319759072,0,112.31848668119015,5,39,35,2012_Q4
2012-11-15 06:00:00,147,135.82280496500093,57.687240603569848,213.95836932643201,37,146,124,2012_Q4
2012-11-15 07:00:00,410,405.21905928542878,327.0834949239977,483.35462364685986,147,415,423,2012_Q4
2012-11-15 08:00:00,646,657.34847308877215,579.21290872734107,735.48403745020323,410,691,668,2012_Q4
2012-11-15 09:00:00,323,296.79677169274299,218.66120733131191,374.93233605417407,646,332,275,2012_Q4
2012-11-15 10:00:00,153,159.55566661415349,81.420102252722415,237.69123097558457,323,171,161,2012_Q4
2012-11-15 11:00:00,166,166.0285797079905,87.893015346559423,244.16414406942158,153,151,171,2012_Q4
2012-11-15 12:00:00,213,224.01406498140472,145.87850061997364,302.14962934283579,166,240,235,2012_Q4
2012-11-15 13:00:00,217,222.6913251907244,144.55576082929332,300.82688955215548,213,214,228,2012_Q4
2012-11-15 14:00:00,201,186.92834548256073,108.79278112112965,265.06390984399184,217,181,182,2012_Q4
2012-11-15 15:00:00,217,211.13556172917995,132.99999736774888,289.27112609061101,201,260,233,2012_Q4
2012-11-15 16:00:00,342,285.56541457278746,207.42985021135638,363.70097893421854,217,321,339,2012_Q4
2012-11-15 17:00:00,563,549.39681189831288,471.2612475368818,627.53237625974396,342,583,592,2012_Q4
2012-11-15 18:00:00,573,488.50082539624992,410.36526103481884,566.63638975768094,563,567,507,2012_Q4
2012-11-15 19:00:00,386,375.22531387306634,297.08974951163526,453.36087823449742,573,396,373,2012_Q4
2012-11-15 20:00:00,285,263.75568531176839,185.62012095033731,341.89124967319947,386,267,245,2012_Q4
2012-11-15 21:00:00,224,197.73691267034934,119.60134830891826,275.87247703178042,285,213,233,2012_Q4
2012-11-15 22:00:00,153,160.69829705835625,82.562732696925167,238.83386141978733,224,173,161,2012_Q4
2012-11-15 23:00:00,125,93.401866176974281,15.266301815543201,171.53743053840537,153,87,87,2012_Q4
2012-11-16 00:00:00,65,60.648215420912621,0,138.78377978234369,125,34,55,2012_Q4
2012-11-16 01:00:00,21,28.910238666810635,0,107.04580302824172,65,16,20,2012_Q4
2012-11-16 02:00:00,9,11.200464531862128,0,89.336028893293204,21,7,12,2012_Q4
2012-11-16 03:00:00,6,5.2152935266659233,0,83.350857888096996,9,2,9,2012_Q4
2012-11-16 04:00:00,5,6.8456534892233716,0,84.981217850654446,6,5,14,2012_Q4
2012-11-16 05:00:00,36,28.474048881418426,0,106.60961324284951,5,37,27,2012_Q4
2012-11-16 06:00:00,130,134.97872502730215,56.843160665871068,213.11428938873323,36,147,131,2012_Q4
2012-11-16 07:00:00,367,365.65220633909814,287.51664197766706,443.78777070052922,130,410,341,2012_Q4
2012-11-16 08:00:00,711,625.30891742956373,547.17335306813266,703.44448179099481,367,646,693,2012_Q4
2012-11-16 09:00:00,351,332.18712597240818,254.0515616109771,410.32269033383926,711,323,327,2012_Q4
2012-11-16 10:00:00,198,202.4750547943363,124.33949043290522,280.61061915576738,351,153,197,2012_Q4
2012-11-16 11:00:00,218,230.46967030404335,152.33410594261227,308.60523466547443,198,166,251,2012_Q4
2012-11-16 12:00:00,290,272.08588342825999,193.95031906682891,350.22144778969107,218,213,262,2012_Q4
2012-11-16 13:00:00,278,291.19942618860279,213.06386182717171,369.33499055003387,290,217,299,2012_Q4
2012-11-16 14:00:00,251,267.28812369063945,189.15255932920837,345.42368805207053,278,201,274,2012_Q4
2012-11-16 15:00:00,267,283.3774032623262,205.24183890089512,361.51296762375728,251,217,356,2012_Q4
2012-11-16 16:00:00,383,366.15696759806178,288.0214032366307,444.29253195949286,267,342,434,2012_Q4
2012-11-16 17:00:00,580,629.22225149166024,551.08668713022917,707.35781585309132,383,563,654,2012_Q4
2012-11-16 18:00:00,505,480.41527126411279,402.27970690268171,558.55083562554387,580,573,496,2012_Q4
2012-11-16 19:00:00,332,339.66313490193477,261.52757054050369,417.79869926336585,505,386,361,2012_Q4
2012-11-16 20:00:00,227,218.29818748572123,140.16262312429015,296.43375184715228,332,285,255,2012_Q4
2012-11-16 21:00:00,178,172.75719968196003,94.621635320528952,250.89276404339111,227,224,199,2012_Q4
2012-11-16 22:00:00,162,144.23861933712527,66.103054975694192,222.37418369855635,178,153,163,2012_Q4
2012-11-16 23:00:00,128,123.57801042075947,45.44244605932839,201.71357478219056,162,125,162,2012_Q4
2012-11-17 00:00:00,106,96.247244786865153,18.111680425434074,174.38280914829625,128,65,122,2012_Q4
2012-11-17 01:00:00,87,73.19277559968252,0,151.32833996111361,106,21,76,2012_Q4
2012-11-17 02:00:00,49,55.465150567781492,0,133.60071492921259,87,9,44,2012_Q4
2012-11-17 03:00:00,21,20.24194789046323,0,98.377512251894302,49,6,20,2012_Q4
2012-11-17 04:00:00,7,7.6079983323063054,0,85.743562693737388,21,5,6,2012_Q4
2012-11-17 05:00:00,11,9.953943268907123,0,88.089507630338204,7,36,10,2012_Q4
2012-11-17 06:00:00,21,21.721983741501013,0,99.8575481029321,11,130,16,2012_Q4
2012-11-17 07:00:00,78,62.831822157509578,0,140.96738651894066,21,367,71,2012_Q4
2012-11-17 08:00:00,168,161.13540005783256,82.999835696401476,239.27096441926363,78,711,146,2012_Q4
2012-11-17 09:00:00,248,267.75124868892539,189.61568432749431,345.88681305035647,168,351,259,2012_Q4
2012-11-17 10:00:00,320,337.46004244674049,259.32447808530941,415.59560680817157,248,198,350,2012_Q4
2012-11-17 11:00:00,423,400.58256645594184,322.44700209451076,478.71813081737292,320,218,466,2012_Q4
2012-11-17 12:00:00,476,543.7915067006295,465.65594233919842,621.92707106206058,423,290,606,2012_Q4
2012-11-17 13:00:00,525,528.91233013351405,450.77676577208297,607.04789449494513,476,278,651,2012_Q4
2012-11-17 14:00:00,555,524.98070660635415,446.84514224492307,603.11627096778523,525,251,627,2012_Q4
2012-11-17 15:00:00,549,531.39378837977017,453.25822401833909,609.52935274120125,555,267,567,2012_Q4
2012-11-17 16:00:00,469,499.42019389647834,421.28462953504726,577.55575825790947,549,383,605,2012_Q4
2012-11-17 17:00:00,403,440.18557756478214,362.05001320335106,518.32114192621316,469,580,501,2012_Q4
2012-11-17 18:00:00,271,331.20953030766975,253.07396594623867,409.34509466910083,403,505,359,2012_Q4
2012-11-17 19:00:00,253,219.04969962770417,140.91413526627309,297.18526398913525,271,332,283,2012_Q4
2012-11-17 20:00:00,172,190.62895836052141,112.49339399909033,268.76452272195252,253,227,192,2012_Q4
2012-11-17 21:00:00,139,158.314782124397,80.179217762965919,236.45034648582808,172,178,220,2012_Q4
2012-11-17 22:00:00,145,136.65341949995664,58.517855138525562,214.78898386138772,139,162,193,2012_Q4
2012-11-17 23:00:00,133,115.04072016497877,36.905155803547686,193.17628452640986,145,128,146,2012_Q4
2012-11-18 00:00:00,129,98.033577316128799,19.89801295469772,176.16914167755988,133,106,124,2012_Q4
2012-11-18 01:00:00,95,95.762107780398736,17.626543418967657,173.89767214182982,129,87,108,2012_Q4
2012-11-18 02:00:00,73,69.701051637784758,0,147.83661599921584,95,49,70,2012_Q4
2012-11-18 03:00:00,46,42.913270135002229,0,121.0488344964333,73,21,48,2012_Q4
2012-11-18 04:00:00,12,13.402789406893653,0,91.538353768324725,46,7,11,2012_Q4
2012-11-18 05:00:00,12,11.152729093065517,0,89.288293454496596,12,11,12,2012_Q4
2012-11-18 06:00:00,15,24.132748238238616,0,102.2683125996697,12,21,19,2012_Q4
2012-11-18 07:00:00,42,44.352836506384996,0,122.48840086781607,15,78,68,2012_Q4
2012-11-18 08:00:00,119,121.53907824800736,43.403513886576278,199.67464260943842,42,168,119,2012_Q4
2012-11-18 09:00:00,204,231.61374991015612,153.47818554872504,309.7493142715872,119,248,273,2012_Q4
2012-11-18 10:00:00,329,285.29781270801567,207.16224834658459,363.43337706944675,204,320,405,2012_Q4
2012-11-18 11:00:00,359,419.01557603386527,340.88001167243419,497.15114039529635,329,423,504,2012_Q4
2012-11-18 12:00:00,442,461.50103999497782,383.36547563354674,539.63660435640895,359,476,585,2012_Q4
2012-11-18 13:00:00,447,520.66929812759815,442.53373376616707,598.80486248902923,442,525,686,2012_Q4
2012-11-18 14:00:00,428,489.95347099766019,411.81790663622911,568.08903535909121,447,555,654,2012_Q4
2012-11-18 15:00:00,407,484.48077450920118,406.3452101477701,562.61633887063226,428,549,724,2012_Q4
2012-11-18 16:00:00,372,425.30744558690361,347.17188122547253,503.44300994833469,407,469,653,2012_Q4
2012-11-18 17:00:00,280,358.331459181105,280.19589481967392,436.46702354253608,372,403,493,2012_Q4
2012-11-18 18:00:00,276,250.59886282756645,172.46329846613537,328.73442718899753,280,271,405,2012_Q4
2012-11-18 19:00:00,210,220.25346984140157,142.11790547997049,298.38903420283265,276,253,277,2012_Q4
2012-11-18 20:00:00,129,161.94540228673443,83.809837925303356,240.08096664816551,210,172,200,2012_Q4
2012-11-18 21:00:00,110,113.47321873481961,35.337654373388531,191.6087830962507,129,139,171,2012_Q4
2012-11-18 22:00:00,74,85.445591957935548,7.3100275965044688,163.58115631936664,110,145,134,2012_Q4
2012-11-18 23:00:00,59,60.490923386360286,0,138.62648774779137,74,133,109,2012_Q4
2012-11-19 00:00:00,27,32.534256514053922,0,110.669820875485,59,129,49,2012_Q4
2012-11-19 01:00:00,19,16.793170384456815,0,94.928734745887894,27,95,30,2012_Q4
2012-11-19 02:00:00,5,12.624540614344983,0,90.760104975776059,19,73,20,2012_Q4
2012-11-19 03:00:00,2,4.6286904790370489,0,82.764254840468126,5,46,4,2012_Q4
2012-11-19 04:00:00,12,4.2808535660943505,0,82.41641792752543,2,12,4,2012_Q4
2012-11-19 05:00:00,39,31.100748125546207,0,109.23631248697728,12,12,24,2012_Q4
2012-11-19 06:00:00,131,128.42204472678961,50.286480365358528,206.55760908822069,39,15,71,2012_Q4
2012-11-19 07:00:00,386,350.83718769223645,272.70162333080538,428.97275205366753,131,42,264,2012_Q4
2012-11-19 08:00:00,663,547.0366530430797,468.90108868164862,625.17221740451077,386,119,540,2012_Q4
2012-11-19 09:00:00,278,335.9083836449999,257.77281928356882,414.04394800643098,663,204,397,2012_Q4
2012-11-19 10:00:00,139,165.17493716269803,87.03937280126695,243.31050152412911,278,329,266,2012_Q4
2012-11-19 11:00:00,197,169.54861476675919,91.413050405328107,247.68417912819027,139,359,367,2012_Q4
2012-11-19 12:00:00,242,244.42831288781016,166.29274852637909,322.56387724924127,197,442,419,2012_Q4
2012-11-19 13:00:00,251,250.24600363862027,172.11043927718919,328.38156800005135,242,447,420,2012_Q4
2012-11-19 14:00:00,217,255.30196238786951,177.16639802643843,333.43752674930056,251,428,444,2012_Q4
2012-11-19 15:00:00,257,238.02489888900627,159.88933452757519,316.16046325043737,217,407,382,2012_Q4
2012-11-19 16:00:00,380,377.19448177471315,299.05891741328207,455.33004613614423,257,372,434,2012_Q4
2012-11-19 17:00:00,619,595.05859844902841,516.92303408759733,673.19416281045949,380,280,596,2012_Q4
2012-11-19 18:00:00,580,512.7838231574251,434.64825879599402,590.91938751885618,619,276,551,2012_Q4
2012-11-19 19:00:00,406,366.72576740229562,288.59020304086454,444.8613317637267,580,210,353,2012_Q4
2012-11-19 20:00:00,259,267.42892013756295,189.29335577613188,345.56448449899403,406,129,304,2012_Q4
2012-11-19 21:00:00,203,168.92147352257726,90.785909161146179,247.05703788400834,259,110,155,2012_Q4
2012-11-19 22:00:00,113,138.0322071696861,59.896642808255024,216.16777153111718,203,74,112,2012_Q4
2012-11-19 23:00:00,74,63.8364524116176,0,141.97201677304867,113,59,63,2012_Q4
2012-11-20 00:00:00,29,34.269951846372479,0,112.40551620780356,74,27,23,2012_Q4
2012-11-20 01:00:00,13,12.266784821395515,0,90.402349182826597,29,19,5,2012_Q4
2012-11-20 02:00:00,5,8.2671583388073913,0,86.402722700238471,13,5,11,2012_Q4
2012-11-20 03:00:00,2,3.8671268959621266,0,82.002691257393209,5,2,5,2012_Q4
2012-11-20 04:00:00,6,5.4975470538395514,0,83.633111415270633,2,12,9,2012_Q4
2012-11-20 05:00:00,34,27.984622270047126,0,106.12018663147821,6,39,18,2012_Q4
2012-11-20 06:00:00,148,113.4432937779968,35.307729416565721,191.57885813942789,34,131,50,2012_Q4
2012-11-20 07:00:00,418,425.94396666050852,347.80840229907744,504.0795310219396,148,386,107,2012_Q4
2012-11-20 08:00:00,665,623.4553657772924,545.31980141586132,701.59093013872348,418,663,211,2012_Q4
2012-11-20 09:00:00,326,282.17247634661931,204.03691198518823,360.30804070805038,665,278,110,2012_Q4
2012-11-20 10:00:00,176,168.38249088559772,90.246926524166639,246.5180552470288,326,139,94,2012_Q4
2012-11-20 11:00:00,205,196.60462138030414,118.46905701887306,274.74018574173522,176,197,155,2012_Q4
2012-11-20 12:00:00,313,232.47601764063901,154.34045327920794,310.61158200207012,205,242,196,2012_Q4
2012-11-20 13:00:00,267,265.91176207308047,187.77619771164939,344.04732643451155,313,251,218,2012_Q4
2012-11-20 14:00:00,224,227.98805677245241,149.85249241102133,306.12362113388349,267,217,203,2012_Q4
2012-11-20 15:00:00,287,228.64787057651469,150.51230621508361,306.7834349379458,224,257,217,2012_Q4
2012-11-20 16:00:00,395,333.07758885781982,254.94202449638874,411.2131532192509,287,380,310,2012_Q4
2012-11-20 17:00:00,590,653.87459841727389,575.73903405584281,732.01016277870497,395,619,608,2012_Q4
2012-11-20 18:00:00,550,502.52079706100386,424.38523269957278,580.65636142243488,590,580,559,2012_Q4
2012-11-20 19:00:00,384,381.7064261229653,303.57086176153422,459.84199048439638,550,406,356,2012_Q4
2012-11-20 20:00:00,235,274.62919945838354,196.49363509695246,352.76476381981462,384,259,223,2012_Q4
2012-11-20 21:00:00,157,180.61805108559662,102.48248672416554,258.7536154470277,235,203,187,2012_Q4
2012-11-20 22:00:00,122,116.1602724302053,38.024708068774217,194.29583679163636,157,113,135,2012_Q4
2012-11-20 23:00:00,83,76.793921326315342,0,154.92948568774642,122,74,84,2012_Q4
2012-11-21 00:00:00,26,35.338831633524364,0,113.47439599495544,83,29,24,2012_Q4
2012-11-21 01:00:00,14,11.864822552679883,0,90.000386914110962,26,13,12,2012_Q4
2012-11-21 02:00:00,8,5.6187039944344779,0,83.754268355865563,14,5,1,2012_Q4
2012-11-21 03:00:00,2,4.0747209776059989,0,82.210285339037085,8,2,5,2012_Q4
2012-11-21 04:00:00,10,4.7278694459046111,0,82.863433807335696,2,6,6,2012_Q4
2012-11-21 05:00:00,29,33.992869689157935,0,112.12843405058902,10,34,39,2012_Q4
2012-11-21 06:00:00,101,117.73525917386466,39.599694812433583,195.87082353529576,29,148,146,2012_Q4
2012-11-21 07:00:00,273,375.49624647765751,297.36068211622643,453.63181083908859,101,418,415,2012_Q4
2012-11-21 08:00:00,551,620.52714851760879,542.39158415617771,698.66271287903987,273,665,691,2012_Q4
2012-11-21 09:00:00,365,306.7762114555228,228.64064709409172,384.91177581695388,551,326,332,2012_Q4
2012-11-21 10:00:00,172,174.89098262917673,96.755418267745654,253.02654699060781,365,176,171,2012_Q4
2012-11-21 11:00:00,241,202.68347654120794,124.54791217977686,280.81904090263902,172,205,151,2012_Q4
2012-11-21 12:00:00,344,285.29321861187356,207.15765425044248,363.42878297330464,241,313,240,2012_Q4
2012-11-21 13:00:00,365,326.5222266259986,248.38666226456752,404.65779098742968,344,267,214,2012_Q4
2012-11-21 14:00:00,413,285.33744939375225,207.20188503232117,363.47301375518333,365,224,181,2012_Q4
2012-11-21 15:00:00,449,369.60080099969815,291.46523663826707,447.73636536112923,413,287,260,2012_Q4
2012-11-21 16:00:00,469,491.89821158301788,413.7626472215868,570.03377594444896,449,395,321,2012_Q4
2012-11-21 17:00:00,374,573.00722544397115,494.87166108254007,651.14278980540223,469,590,583,2012_Q4
2012-11-21 18:00:00,311,408.35434091686386,330.21877655543278,486.48990527829494,374,550,567,2012_Q4
2012-11-21 19:00:00,243,277.31214638152835,199.17658202009727,355.44771074295943,311,384,396,2012_Q4
2012-11-21 20:00:00,136,188.94668730480009,110.81112294336901,267.08225166623117,243,235,267,2012_Q4
2012-11-21 21:00:00,105,117.6844528625608,39.548888501129724,195.8200172239919,136,157,213,2012_Q4
2012-11-21 22:00:00,88,87.946414678959087,9.8108503175280077,166.08197904039017,105,122,173,2012_Q4
2012-11-21 23:00:00,57,59.338666267421281,0,137.47423062885235,88,83,87,2012_Q4
2012-11-22 00:00:00,46,36.258331776176504,0,114.39389613760758,57,26,34,2012_Q4
2012-11-22 01:00:00,42,26.251367016016697,0,104.38693137744778,46,14,16,2012_Q4
2012-11-22 02:00:00,18,17.471557740017499,0,95.607122101448581,42,8,7,2012_Q4
2012-11-22 03:00:00,6,6.7345424563054221,0,84.870106817736499,18,2,2,2012_Q4
2012-11-22 04:00:00,3,4.7754221314441319,0,82.91098649287521,6,10,5,2012_Q4
2012-11-22 05:00:00,8,18.509717554287839,0,96.645281915718925,3,29,37,2012_Q4
2012-11-22 06:00:00,17,36.091975731758119,0,114.22754009318919,8,101,147,2012_Q4
2012-11-22 07:00:00,56,57.4131860755747,0,135.54875043700576,17,273,410,2012_Q4
2012-11-22 08:00:00,97,116.13225237092293,37.996688009491848,194.26781673235399,56,551,646,2012_Q4
2012-11-22 09:00:00,119,189.25330720199219,111.11774284056111,267.38887156342327,97,365,323,2012_Q4
2012-11-22 10:00:00,219,178.01153926964707,99.875974908215994,256.14710363107815,119,172,153,2012_Q4
2012-11-22 11:00:00,232,253.22503701541379,175.08947265398271,331.3606013768449,219,241,166,2012_Q4
2012-11-22 12:00:00,262,305.39634147508247,227.26077711365139,383.53190583651354,232,344,213,2012_Q4
2012-11-22 13:00:00,269,330.9020267827616,252.76646242133052,409.03759114419267,262,365,217,2012_Q4
2012-11-22 14:00:00,220,318.94492853172937,240.80936417029829,397.08049289316045,269,413,201,2012_Q4
2012-11-22 15:00:00,228,258.18274136931547,180.04717700788439,336.31830573074654,220,449,217,2012_Q4
2012-11-22 16:00:00,182,256.97838997479357,178.84282561336249,335.11395433622465,228,469,342,2012_Q4
2012-11-22 17:00:00,109,261.22800034103483,183.09243597960375,339.36356470246591,182,374,563,2012_Q4
2012-11-22 18:00:00,70,125.01974921767919,46.884184856248112,203.15531357911027,109,311,573,2012_Q4
2012-11-22 19:00:00,44,76.37411850459857,0,154.50968286602966,70,243,386,2012_Q4
2012-11-22 20:00:00,52,53.211767118016212,0,131.34733147944729,44,136,285,2012_Q4
2012-11-22 21:00:00,46,56.934504410917647,0,135.07006877234872,52,105,224,2012_Q4
2012-11-22 22:00:00,44,53.001972683263702,0,131.1375370446948,46,88,153,2012_Q4
2012-11-22 23:00:00,36,46.375383124082084,0,124.51094748551316,44,57,125,2012_Q4
2012-11-23 00:00:00,32,29.245176132986096,0,107.38074049441718,36,46,65,2012_Q4
2012-11-23 01:00:00,13,18.319228224574442,0,96.454792586005524,32,42,21,2012_Q4
2012-11-23 02:00:00,5,8.5931147839133537,0,86.728679145344429,13,18,9,2012_Q4
2012-11-23 03:00:00,1,4.643893191209477,0,82.779457552640551,5,6,6,2012_Q4
2012-11-23 04:00:00,4,3.5914434728656732,0,81.727007834296757,1,3,5,2012_Q4
2012-11-23 05:00:00,10,24.597638935343152,0,102.73320329677424,4,8,36,2012_Q4
2012-11-23 06:00:00,20,52.782285793245471,0,130.91785015467656,10,17,130,2012_Q4
2012-11-23 07:00:00,77,85.383209766370172,7.2476454049390924,163.51877412780124,20,56,367,2012_Q4
2012-11-23 08:00:00,94,163.26258966038236,85.127025298951281,241.39815402181344,77,97,711,2012_Q4
2012-11-23 09:00:00,112,146.73762757653685,68.602063215105773,224.87319193796793,94,119,351,2012_Q4
2012-11-23 10:00:00,201,133.57701175460241,55.44144739317133,211.71257611603349,112,219,198,2012_Q4
2012-11-23 11:00:00,251,236.52371661180797,158.38815225037689,314.65928097323905,201,232,218,2012_Q4
2012-11-23 12:00:00,379,304.74139753329291,226.60583317186183,382.87696189472399,251,262,290,2012_Q4
2012-11-23 13:00:00,424,366.01946876306937,287.88390440163829,444.15503312450045,379,269,278,2012_Q4
2012-11-23 14:00:00,435,357.78126157874732,279.64569721731624,435.9168259401784,424,220,251,2012_Q4
2012-11-23 15:00:00,447,373.90413727537748,295.7685729139464,452.03970163680856,435,228,267,2012_Q4
2012-11-23 16:00:00,357,445.32696671859486,367.19140235716378,523.46253108002588,447,182,383,2012_Q4
2012-11-23 17:00:00,300,486.7510991469955,408.61553478556442,564.88666350842664,357,109,580,2012_Q4
2012-11-23 18:00:00,208,334.51000963359957,256.37444527216849,412.64557399503065,300,70,505,2012_Q4
2012-11-23 19:00:00,154,185.81607701492143,107.68051265349035,263.95164137635254,208,44,332,2012_Q4
2012-11-23 20:00:00,142,139.21509442161187,61.079530060180787,217.35065878304295,154,52,227,2012_Q4
2012-11-23 21:00:00,98,124.10343600189094,45.967871640459862,202.23900036332202,142,46,178,2012_Q4
2012-11-23 22:00:00,79,85.296319718379038,7.1607553569479592,163.43188407981012,98,44,162,2012_Q4
2012-11-23 23:00:00,67,58.342918897537245,0,136.47848325896831,79,36,128,2012_Q4
2012-11-24 00:00:00,42,56.091851321626372,0,134.22741568305744,67,32,106,2012_Q4
2012-11-24 01:00:00,20,39.161095685542143,0,117.29666004697322,42,13,87,2012_Q4
2012-11-24 02:00:00,32,20.855296917731298,0,98.990861279162374,20,5,49,2012_Q4
2012-11-24 03:00:00,11,12.942434277958446,0,91.07799863938952,32,1,21,2012_Q4
2012-11-24 04:00:00,3,5.5592731566867526,0,83.694837518117836,11,4,7,2012_Q4
2012-11-24 05:00:00,3,9.0703287849260654,0,87.205893146357141,3,10,11,2012_Q4
2012-11-24 06:00:00,10,17.135532090678122,0,95.271096452109205,3,20,21,2012_Q4
2012-11-24 07:00:00,25,31.510208903568529,0,109.6457732649996,10,77,78,2012_Q4
2012-11-24 08:00:00,62,86.310633252004862,8.1750688905737832,164.44619761343594,25,94,168,2012_Q4
2012-11-24 09:00:00,122,115.03595191253007,36.900387551098987,193.17151627396115,62,112,248,2012_Q4
2012-11-24 10:00:00,142,202.85231852094273,124.71675415951165,280.98788288237381,122,201,320,2012_Q4
2012-11-24 11:00:00,186,200.25237389544037,122.11680953400929,278.38793825687145,142,251,423,2012_Q4
2012-11-24 12:00:00,199,256.95523049294832,178.81966613151724,335.0907948543794,186,379,476,2012_Q4
2012-11-24 13:00:00,225,232.54219188882203,154.40662752739095,310.67775625025308,199,424,525,2012_Q4
2012-11-24 14:00:00,207,257.51012733872199,179.37456297729091,335.64569170015307,225,435,555,2012_Q4
2012-11-24 15:00:00,198,252.37626988252919,174.24070552109811,330.51183424396027,207,447,549,2012_Q4
2012-11-24 16:00:00,170,226.17816832822291,148.04260396679183,304.31373268965399,198,357,469,2012_Q4
2012-11-24 17:00:00,126,200.30644210381149,122.17087774238041,278.44200646524257,170,300,403,2012_Q4
2012-11-24 18:00:00,145,129.04495252751676,50.909388166085677,207.18051688894784,126,208,271,2012_Q4
2012-11-24 19:00:00,83,140.47173086243106,62.33616650099998,218.60729522386214,145,154,253,2012_Q4
2012-11-24 20:00:00,58,71.101886049099349,0,149.23745041053041,83,142,172,2012_Q4
2012-11-24 21:00:00,75,61.079866867405556,0,139.21543122883662,58,98,139,2012_Q4
2012-11-24 22:00:00,76,65.95552086022154,0,144.09108522165263,75,79,145,2012_Q4
2012-11-24 23:00:00,57,64.323832836323817,0,142.4593971977549,76,67,133,2012_Q4
2012-11-25 00:00:00,34,51.545092597720881,0,129.68065695915197,57,42,129,2012_Q4
2012-11-25 01:00:00,36,35.073948086461414,0,113.20951244789249,34,20,95,2012_Q4
2012-11-25 02:00:00,28,36.629692510624345,0,114.76525687205543,36,32,73,2012_Q4
2012-11-25 03:00:00,8,20.41999540242141,0,98.555559763852486,28,11,46,2012_Q4
2012-11-25 04:00:00,2,5.684667237282377,0,83.820231598713463,8,3,12,2012_Q4
2012-11-25 05:00:00,3,7.7590782041927309,0,85.894642565623812,2,3,12,2012_Q4
2012-11-25 06:00:00,11,13.066770634781005,0,91.202334996212088,3,10,15,2012_Q4
2012-11-25 07:00:00,21,26.24832363583457,0,104.38388799726565,11,25,42,2012_Q4
2012-11-25 08:00:00,34,70.462895156281846,0,148.59845951771291,21,62,119,2012_Q4
2012-11-25 09:00:00,96,78.705748446990398,0.57018408555931899,156.84131280842149,34,122,204,2012_Q4
2012-11-25 10:00:00,139,146.57879711871226,68.44323275728118,224.71436148014334,96,142,329,2012_Q4
2012-11-25 11:00:00,204,221.91778765473015,143.78222329329907,300.05335201616123,139,186,359,2012_Q4
2012-11-25 12:00:00,202,243.92091506641987,165.78535070498879,322.05647942785095,204,199,442,2012_Q4
2012-11-25 13:00:00,195,214.77994282614492,136.64437846471384,292.915507187576,202,225,447,2012_Q4
2012-11-25 14:00:00,203,210.96946869229123,132.83390433086015,289.10503305372231,195,207,428,2012_Q4
2012-11-25 15:00:00,245,222.207915149336,144.07235078790492,300.34347951076711,203,198,407,2012_Q4
2012-11-25 16:00:00,228,234.67908711350373,156.54352275207265,312.81465147493481,245,170,372,2012_Q4
2012-11-25 17:00:00,181,200.43203875592135,122.29647439449028,278.56760311735241,228,126,280,2012_Q4
2012-11-25 18:00:00,141,157.48224054721911,79.346676185788027,235.61780490865019,181,145,276,2012_Q4
2012-11-25 19:00:00,127,120.02318483619727,41.887620474766194,198.15874919762837,141,83,210,2012_Q4
2012-11-25 20:00:00,119,95.343338344097248,17.207773982666168,173.47890270552833,127,58,129,2012_Q4
2012-11-25 21:00:00,64,94.937012798028093,16.801448436597013,173.07257715945917,119,75,110,2012_Q4
2012-11-25 22:00:00,62,55.367368233875602,0,133.50293259530667,64,76,74,2012_Q4
2012-11-25 23:00:00,41,46.416888935088615,0,124.5524532965197,62,57,59,2012_Q4
2012-11-26 00:00:00,23,20.579498994045206,0,98.715063355476289,41,34,27,2012_Q4
2012-11-26 01:00:00,10,14.187341876075038,0,92.322906237506118,23,36,19,2012_Q4
2012-11-26 02:00:00,5,5.7828667492560966,0,83.91843111068718,10,28,5,2012_Q4
2012-11-26 03:00:00,5,3.396351574056693,0,81.531915935487774,5,8,2,2012_Q4
2012-11-26 04:00:00,10,5.9522090654638076,0,84.087773426894884,5,2,12,2012_Q4
2012-11-26 05:00:00,41,26.248582801389674,0,104.38414716282075,10,3,39,2012_Q4
2012-11-26 06:00:00,124,126.86409465721657,48.72853029578549,204.99965901864766,41,11,131,2012_Q4
2012-11-26 07:00:00,365,337.28287760777886,259.14731324634778,415.41844196920994,124,21,386,2012_Q4
2012-11-26 08:00:00,638,615.9632834278766,537.82771906644552,694.09884778930768,365,34,663,2012_Q4
2012-11-26 09:00:00,286,275.4007016250128,197.26513726358172,353.53626598644388,638,96,278,2012_Q4
2012-11-26 10:00:00,147,131.51584433774352,53.380279976312437,209.6514086991746,286,139,139,2012_Q4
2012-11-26 11:00:00,130,179.63102436798317,101.49546000655209,257.76658872941425,147,204,197,2012_Q4
2012-11-26 12:00:00,210,181.21488858654882,103.07932422511774,259.35045294797987,130,202,242,2012_Q4
2012-11-26 13:00:00,217,232.01208130093809,153.87651693950701,310.1476456623692,210,195,251,2012_Q4
2012-11-26 14:00:00,228,204.11009061774521,125.97452625631414,282.24565497917627,217,203,217,2012_Q4
2012-11-26 15:00:00,230,228.66198355331954,150.52641919188846,306.79754791475062,228,245,257,2012_Q4
2012-11-26 16:00:00,346,329.8845317966705,251.74896743523942,408.02009615810158,230,228,380,2012_Q4
2012-11-26 17:00:00,553,639.57810887526614,561.44254451383506,717.71367323669722,346,181,619,2012_Q4
2012-11-26 18:00:00,521,539.82162670917558,461.6860623477445,617.95719107060665,553,141,580,2012_Q4
2012-11-26 19:00:00,371,398.82732284659903,320.69175848516795,476.96288720803011,521,127,406,2012_Q4
2012-11-26 20:00:00,277,246.30604605987844,168.17048169844736,324.44161042130952,371,119,259,2012_Q4
2012-11-26 21:00:00,181,193.92828744752447,115.79272308609339,272.06385180895552,277,64,203,2012_Q4
2012-11-26 22:00:00,104,127.19770578649877,49.062141425067693,205.33327014792985,181,62,113,2012_Q4
2012-11-26 23:00:00,65,60.286093004783758,0,138.42165736621484,104,41,74,2012_Q4
2012-11-27 00:00:00,26,28.749009134004584,0,106.88457349543566,65,23,29,2012_Q4
2012-11-27 01:00:00,6,12.241200177098047,0,90.37676453852913,26,10,13,2012_Q4
2012-11-27 02:00:00,5,4.3056183742356895,0,82.441182735666771,6,5,5,2012_Q4
2012-11-27 03:00:00,4,3.4752335161895429,0,81.610797877620627,5,5,2,2012_Q4
2012-11-27 04:00:00,5,5.3096914828518402,0,83.445255844282926,4,10,6,2012_Q4
2012-11-27 05:00:00,31,29.962064228231924,0,108.097628589663,5,41,34,2012_Q4
2012-11-27 06:00:00,100,122.81342533637655,44.677860974945474,200.94898969780763,31,124,148,2012_Q4
2012-11-27 07:00:00,293,343.46563024632474,265.33006588489366,421.60119460775582,100,365,418,2012_Q4
2012-11-27 08:00:00,500,522.36444559166785,444.22888123023677,600.50000995309892,293,638,665,2012_Q4
2012-11-27 09:00:00,268,273.54524261467469,195.40967825324361,351.68080697610577,500,286,326,2012_Q4
2012-11-27 10:00:00,57,133.3676671597612,55.232102798330118,211.50323152119228,268,147,176,2012_Q4
2012-11-27 11:00:00,65,69.148332407147038,0,147.28389676857813,57,130,205,2012_Q4
2012-11-27 12:00:00,76,75.841091994579799,0,153.97665635601089,65,210,313,2012_Q4
2012-11-27 13:00:00,77,77.136063536105212,0,155.27162789753629,76,217,267,2012_Q4
2012-11-27 14:00:00,94,76.227425966634812,0,154.36299032806591,77,228,224,2012_Q4
2012-11-27 15:00:00,155,100.44410664230209,22.308542280871009,178.57967100373315,94,230,287,2012_Q4
2012-11-27 16:00:00,257,248.18391346147811,170.04834910004703,326.31947782290922,155,346,395,2012_Q4
2012-11-27 17:00:00,527,478.26003052870988,400.1244661672788,556.39559489014096,257,553,590,2012_Q4
2012-11-27 18:00:00,482,455.86507859617456,377.72951423474348,534.00064295760558,527,521,550,2012_Q4
2012-11-27 19:00:00,350,318.9954612007644,240.85989683933332,397.13102556219548,482,371,384,2012_Q4
2012-11-27 20:00:00,232,231.52822356963841,153.39265920820733,309.66378793106946,350,277,235,2012_Q4
2012-11-27 21:00:00,185,167.7970496916659,89.661485330234825,245.93261405309698,232,181,157,2012_Q4
2012-11-27 22:00:00,97,126.84611994900375,48.710555587572671,204.98168431043484,185,104,122,2012_Q4
2012-11-27 23:00:00,67,58.045099344069463,0,136.18066370550054,97,65,83,2012_Q4
2012-11-28 00:00:00,23,27.253097892448622,0,105.3886622538797,67,26,26,2012_Q4
2012-11-28 01:00:00,12,11.990534837034705,0,90.126099198465781,23,6,14,2012_Q4
2012-11-28 02:00:00,1,6.0803370869346294,0,84.215901448365713,12,5,8,2012_Q4
2012-11-28 03:00:00,3,3.0475396927489085,0,81.183104054179992,1,4,2,2012_Q4
2012-11-28 04:00:00,4,4.9283028429645839,0,83.063867204395663,3,5,10,2012_Q4
2012-11-28 05:00:00,39,27.47474426627037,0,105.61030862770144,4,31,29,2012_Q4
2012-11-28 06:00:00,136,132.89089138956535,54.755327028134275,211.02645575099643,39,100,101,2012_Q4
2012-11-28 07:00:00,409,350.05555856935746,271.91999420792638,428.19112293078854,136,293,273,2012_Q4
2012-11-28 08:00:00,692,518.16028062760222,440.02471626617114,596.2958449890333,409,500,551,2012_Q4
2012-11-28 09:00:00,322,312.19350515475566,234.05794079332458,390.32906951618673,692,268,365,2012_Q4
2012-11-28 10:00:00,161,155.28055559647109,77.14499123504001,233.41611995790217,322,57,172,2012_Q4
2012-11-28 11:00:00,146,181.2785462004058,103.14298183897472,259.41411056183688,161,65,241,2012_Q4
2012-11-28 12:00:00,208,210.54764799105803,132.41208362962695,288.68321235248914,146,76,344,2012_Q4
2012-11-28 13:00:00,214,220.51389228618044,142.37832792474936,298.64945664761149,208,77,365,2012_Q4
2012-11-28 14:00:00,176,222.11543622594638,143.9798718645153,300.25100058737746,214,94,413,2012_Q4
2012-11-28 15:00:00,179,199.23651699632134,121.10095263489026,277.37208135775245,176,155,449,2012_Q4
2012-11-28 16:00:00,325,312.06095675462785,233.92539239319677,390.19652111605893,179,257,469,2012_Q4
2012-11-28 17:00:00,563,506.09598345595242,427.96041909452134,584.23154781738344,325,527,374,2012_Q4
2012-11-28 18:00:00,542,471.8143930269415,393.67882866551042,549.94995738837258,563,482,311,2012_Q4
2012-11-28 19:00:00,387,353.60029536059898,275.4647309991679,431.73585972203006,542,350,243,2012_Q4
2012-11-28 20:00:00,263,241.79279974987494,163.65723538844387,319.928364111306,387,232,136,2012_Q4
2012-11-28 21:00:00,223,184.59071742337028,106.4551530619392,262.72628178480136,263,185,105,2012_Q4
2012-11-28 22:00:00,154,136.46843222280216,58.332867861371085,214.60399658423324,223,97,88,2012_Q4
2012-11-28 23:00:00,78,80.273171454727475,2.1376070932963955,158.40873581615855,154,67,57,2012_Q4
2012-11-29 00:00:00,29,41.64465097197062,0,119.7802153334017,78,23,46,2012_Q4
2012-11-29 01:00:00,16,19.484437233384632,0,97.620001594815704,29,12,42,2012_Q4
2012-11-29 02:00:00,7,10.134414870459624,0,88.269979231890701,16,1,18,2012_Q4
2012-11-29 04:00:00,7,3.5765766792660894,0,81.712141040697162,7,4,3,2012_Q4
2012-11-29 05:00:00,42,15.734131555721108,0,93.869695917152185,7,39,8,2012_Q4
2012-11-29 06:00:00,121,82.545310799697063,4.4097464382659837,160.68087516112814,42,136,17,2012_Q4
2012-11-29 07:00:00,362,316.56994668089322,238.43438231946215,394.7055110423243,121,409,56,2012_Q4
2012-11-29 08:00:00,679,635.35468658061541,557.21912221918433,713.49025094204649,362,692,97,2012_Q4
2012-11-29 09:00:00,299,274.68948886127112,196.55392449984004,352.82505322270219,679,322,119,2012_Q4
2012-11-29 10:00:00,178,169.54742565174936,91.411861290318285,247.68299001318044,299,161,219,2012_Q4
2012-11-29 11:00:00,163,187.97957472032616,109.84401035889508,266.11513908175721,178,146,232,2012_Q4
2012-11-29 12:00:00,236,226.07723928107978,147.9416749196487,304.21280364251083,163,208,262,2012_Q4
2012-11-29 13:00:00,224,233.77656308240449,155.64099872097341,311.91212744383557,236,214,269,2012_Q4
2012-11-29 14:00:00,187,191.78191571176106,113.64635135032998,269.91748007319211,224,176,220,2012_Q4
2012-11-29 15:00:00,220,202.66181947843071,124.52625511699964,280.79738383986182,187,179,228,2012_Q4
2012-11-29 16:00:00,370,304.50692674457645,226.37136238314537,382.64249110600753,220,325,182,2012_Q4
2012-11-29 17:00:00,561,612.95586603789604,534.82030167646496,691.09143039932712,370,563,109,2012_Q4
2012-11-29 18:00:00,537,510.77275821753619,432.63719385610511,588.90832257896727,561,542,70,2012_Q4
2012-11-29 19:00:00,344,359.00974547874699,280.87418111731591,437.14530984017807,537,387,44,2012_Q4
2012-11-29 20:00:00,252,249.76186950394916,171.62630514251808,327.89743386538021,344,263,52,2012_Q4
2012-11-29 21:00:00,208,183.82220731898153,105.68664295755045,261.95777168041263,252,223,46,2012_Q4
2012-11-29 22:00:00,151,138.53120002211315,60.395635660682075,216.66676438354423,208,154,44,2012_Q4
2012-11-29 23:00:00,130,90.502991112335451,12.367426750904372,168.63855547376653,151,78,36,2012_Q4
2012-11-30 00:00:00,52,60.986483004539501,0,139.12204736597059,130,29,32,2012_Q4
2012-11-30 01:00:00,19,23.842670832069288,0,101.97823519350037,52,16,13,2012_Q4
2012-11-30 02:00:00,12,8.320154920553712,0,86.455719281984784,19,7,5,2012_Q4
2012-11-30 03:00:00,4,6.4023162382185124,0,84.537880599649597,12,12,1,2012_Q4
2012-11-30 04:00:00,3,4.1634894783975414,0,82.299053839828616,4,7,4,2012_Q4
2012-11-30 05:00:00,40,17.131647735811494,0,95.267212097242577,3,42,10,2012_Q4
2012-11-30 06:00:00,106,97.771859425043004,19.636295063611925,175.90742378647408,40,121,20,2012_Q4
2012-11-30 07:00:00,352,273.91047166097917,195.77490729954809,352.04603602241025,106,362,77,2012_Q4
2012-11-30 08:00:00,729,599.49809428811227,521.36252992668119,677.63365864954335,352,679,94,2012_Q4
2012-11-30 09:00:00,330,295.55307330541558,217.4175089439845,373.68863766684666,729,299,112,2012_Q4
2012-11-30 10:00:00,169,192.29293431613857,114.15736995470749,270.42849867756968,330,178,201,2012_Q4
2012-11-30 11:00:00,201,208.08242417592248,129.9468598144914,286.21798853735356,169,163,251,2012_Q4
2012-11-30 12:00:00,268,265.64462397008487,187.50905960865379,343.78018833151594,201,236,379,2012_Q4
2012-11-30 13:00:00,262,284.6996921747558,206.56412781332472,362.83525653618688,268,224,424,2012_Q4
2012-11-30 14:00:00,251,258.2434423077367,180.10787794630562,336.37900666916778,262,187,435,2012_Q4
2012-11-30 15:00:00,296,255.4487808829787,177.31321652154762,333.58434524440975,251,220,447,2012_Q4
2012-11-30 16:00:00,405,327.13280555751203,248.99724119608095,405.26836991894311,296,370,357,2012_Q4
2012-11-30 17:00:00,582,521.48938932459771,443.35382496316663,599.62495368602879,405,561,300,2012_Q4
2012-11-30 18:00:00,509,504.11312645569984,425.97756209426876,582.24869081713086,582,537,208,2012_Q4
2012-11-30 19:00:00,377,341.70112609825532,263.56556173682424,419.83669045968639,509,344,154,2012_Q4
2012-11-30 20:00:00,245,243.21715994154403,165.08159558011295,321.3527243029751,377,252,142,2012_Q4
2012-11-30 21:00:00,183,188.24382715076746,110.10826278933638,266.37939151219854,245,208,98,2012_Q4
2012-11-30 22:00:00,163,133.02150754472456,54.885943183293477,211.15707190615564,183,151,79,2012_Q4
2012-11-30 23:00:00,110,117.99434270310785,39.858778341676768,196.12990706453894,163,130,67,2012_Q4
2012-12-01 00:00:00,108,72.877698441340826,0,151.01326280277192,110,52,42,2012_Q4
2012-12-01 01:00:00,69,67.655768762825147,0,145.79133312425623,108,19,20,2012_Q4
2012-12-01 02:00:00,50,41.031568338806586,0,119.16713270023766,69,12,32,2012_Q4
2012-12-01 03:00:00,15,18.257617791251697,0,96.393182152682783,50,4,11,2012_Q4
2012-12-01 04:00:00,5,5.4429593175979489,0,83.578523679029033,15,3,3,2012_Q4
2012-12-01 05:00:00,13,7.5405923772532892,0,85.676156738684369,5,40,3,2012_Q4
2012-12-01 06:00:00,27,19.071904203983443,0,97.20746856541453,13,106,10,2012_Q4
2012-12-01 07:00:00,63,56.601199116871719,0,134.73676347830281,27,352,25,2012_Q4
2012-12-01 08:00:00,144,118.06344404645179,39.927879685020713,196.19900840788287,63,729,62,2012_Q4
2012-12-01 09:00:00,193,218.2217973280701,140.08623296663902,296.3573616895012,144,330,122,2012_Q4
2012-12-01 10:00:00,256,221.5257769356902,143.39021257425912,299.66134129712128,193,169,142,2012_Q4
2012-12-01 11:00:00,392,273.81475376801427,195.67918940658319,351.95031812944535,256,201,186,2012_Q4
2012-12-01 12:00:00,446,429.26576491143425,351.13020055000317,507.40132927286533,392,268,199,2012_Q4
2012-12-01 13:00:00,509,448.88785179607049,370.75228743463941,527.02341615750152,446,262,225,2012_Q4
2012-12-01 14:00:00,479,446.48249707995882,368.34693271852774,524.61806144138995,509,251,207,2012_Q4
2012-12-01 15:00:00,484,438.21896167901753,360.08339731758645,516.3545260404486,479,296,198,2012_Q4
2012-12-01 16:00:00,443,433.10243769593984,354.96687333450876,511.23800205737092,484,405,170,2012_Q4
2012-12-01 17:00:00,320,382.88220672480071,304.74664236336963,461.01777108623179,443,582,126,2012_Q4
2012-12-01 18:00:00,297,268.51660945451948,190.3810450930884,346.65217381595056,320,509,145,2012_Q4
2012-12-01 19:00:00,249,240.02683784354963,161.89127348211855,318.16240220498071,297,377,83,2012_Q4
2012-12-01 20:00:00,198,176.72666171147068,98.591097350039604,254.86222607290176,249,245,58,2012_Q4
2012-12-01 21:00:00,158,158.18903837477473,80.053474013343646,236.3246027362058,198,183,75,2012_Q4
2012-12-01 22:00:00,147,124.03819475350953,45.90263039207845,202.17375911494059,158,163,76,2012_Q4
2012-12-01 23:00:00,126,104.28598365534975,26.150419293918674,182.42154801678083,147,110,57,2012_Q4
2012-12-02 00:00:00,117,88.980509014813308,10.844944653382228,167.1160733762444,126,108,34,2012_Q4
2012-12-02 01:00:00,94,87.249174275233599,9.1136099138025202,165.38473863666468,117,69,36,2012_Q4
2012-12-02 02:00:00,74,62.206728675142976,0,140.34229303657406,94,50,28,2012_Q4
2012-12-02 03:00:00,25,34.971729553467604,0,113.10729391489869,74,15,8,2012_Q4
2012-12-02 04:00:00,7,7.4741142181035309,0,85.609678579534616,25,5,2,2012_Q4
2012-12-02 05:00:00,8,6.9734637108414583,0,85.109028072272537,7,13,3,2012_Q4
2012-12-02 06:00:00,16,16.288970423633362,0,94.424534785064438,8,27,11,2012_Q4
2012-12-02 07:00:00,31,36.421572756583281,0,114.55713711801437,16,63,21,2012_Q4
2012-12-02 08:00:00,93,76.630868026860071,0,154.76643238829115,31,144,34,2012_Q4
2012-12-02 09:00:00,172,164.22161165761625,86.086047296185171,242.35717601904733,93,193,96,2012_Q4
2012-12-02 10:00:00,293,236.32587164946528,158.19030728803421,314.46143601089636,172,256,139,2012_Q4
2012-12-02 11:00:00,355,363.44377363712533,285.30820927569425,441.57933799855641,293,392,204,2012_Q4
2012-12-02 12:00:00,520,383.36627978829716,305.23071542686608,461.50184414972824,355,446,202,2012_Q4
2012-12-02 13:00:00,431,503.53398704158411,425.39842268015303,581.66955140301525,520,509,195,2012_Q4
2012-12-02 14:00:00,473,449.40336687276067,371.26780251132959,527.53893123419175,431,479,203,2012_Q4
2012-12-02 15:00:00,417,492.24451335507302,414.10894899364195,570.38007771650405,473,484,245,2012_Q4
2012-12-02 16:00:00,443,431.01440882131124,352.87884445988016,509.14997318274231,417,443,228,2012_Q4
2012-12-02 17:00:00,303,377.77911491961356,299.64355055818248,455.91467928104464,443,320,181,2012_Q4
2012-12-02 18:00:00,203,232.55142185836692,154.41585749693584,310.68698621979797,303,297,141,2012_Q4
2012-12-02 19:00:00,174,171.63765595690671,93.502091595475633,249.77322031833779,203,249,127,2012_Q4
2012-12-02 20:00:00,154,150.78597921462389,72.650414853192814,228.92154357605497,174,198,119,2012_Q4
2012-12-02 21:00:00,99,110.95155316691576,32.815988805484679,189.08711752834682,154,158,64,2012_Q4
2012-12-02 22:00:00,96,83.869692714649517,5.7341283532184377,162.0052570760806,99,147,62,2012_Q4
2012-12-02 23:00:00,51,62.166298132985396,0,140.30186249441647,96,126,41,2012_Q4
2012-12-03 00:00:00,21,25.080232780028126,0,103.21579714145921,51,117,23,2012_Q4
2012-12-03 01:00:00,13,11.205290840255978,0,89.340855201687063,21,94,10,2012_Q4
2012-12-03 02:00:00,10,7.1520618187251133,0,85.287626180156195,13,74,5,2012_Q4
2012-12-03 03:00:00,8,5.389187815590704,0,83.524752177021782,10,25,5,2012_Q4
2012-12-03 04:00:00,5,6.2750462768386788,0,84.410610638269759,8,7,10,2012_Q4
2012-12-03 05:00:00,38,29.689451235539121,0,107.8250155969702,5,8,41,2012_Q4
2012-12-03 06:00:00,138,140.81284595227925,62.677281590848168,218.94841031371033,38,16,124,2012_Q4
2012-12-03 07:00:00,396,399.56260065211188,321.4270362906808,477.69816501354296,138,31,365,2012_Q4
2012-12-03 08:00:00,731,688.11980489994551,609.98424053851443,766.25536926137659,396,93,638,2012_Q4
2012-12-03 09:00:00,308,281.13011469608125,202.99455033465017,359.26567905751233,731,172,286,2012_Q4
2012-12-03 10:00:00,136,192.22299114099945,114.08742677956837,270.35855550243053,308,293,147,2012_Q4
2012-12-03 11:00:00,233,159.31443775050082,81.178873389069736,237.45000211193189,136,355,130,2012_Q4
2012-12-03 12:00:00,268,303.59265323387177,225.45708887244069,381.72821759530285,233,520,210,2012_Q4
2012-12-03 13:00:00,321,271.48149264969521,193.34592828826413,349.61705701112629,268,431,217,2012_Q4
2012-12-03 14:00:00,260,321.81631044346227,243.68074608203119,399.95187480489335,321,473,228,2012_Q4
2012-12-03 15:00:00,268,277.05344409736057,198.91787973592949,355.18900845879165,260,417,230,2012_Q4
2012-12-03 16:00:00,442,404.19385539600336,326.05829103457228,482.32941975743444,268,443,346,2012_Q4
2012-12-03 17:00:00,708,617.86003847497682,539.72447411354574,695.9956028364079,442,303,553,2012_Q4
2012-12-03 18:00:00,692,603.69328979255238,525.5577254311213,681.82885415398346,708,203,521,2012_Q4
2012-12-03 19:00:00,471,451.5579216460996,373.42235728466852,529.69348600753074,692,174,371,2012_Q4
2012-12-03 20:00:00,300,297.69148348012106,219.55591911868999,375.82704784155214,471,154,277,2012_Q4
2012-12-03 21:00:00,221,207.30624155387315,129.17067719244207,285.44180591530426,300,99,181,2012_Q4
2012-12-03 22:00:00,144,146.04568571847813,67.910121357047046,224.1812500799092,221,96,104,2012_Q4
2012-12-03 23:00:00,102,85.02425748375164,6.8886931223205607,163.15982184518271,144,51,65,2012_Q4
2012-12-04 00:00:00,55,47.398074346070111,0,125.53363870750118,102,21,26,2012_Q4
2012-12-04 01:00:00,25,21.012498596181267,0,99.148062957612353,55,13,6,2012_Q4
2012-12-04 02:00:00,8,11.263061475221091,0,89.398625836652172,25,10,5,2012_Q4
2012-12-04 03:00:00,4,4.5858480303061793,0,82.72141239173726,8,8,4,2012_Q4
2012-12-04 04:00:00,7,4.2254599201243117,0,82.361024281555387,4,5,5,2012_Q4
2012-12-04 05:00:00,46,31.533715727212613,0,109.66928008864369,7,38,31,2012_Q4
2012-12-04 06:00:00,153,141.95482450842567,63.819260146994594,220.09038886985675,46,138,100,2012_Q4
2012-12-04 07:00:00,502,409.42627355337379,331.29070919194271,487.56183791480487,153,396,293,2012_Q4
2012-12-04 08:00:00,721,631.73590649073435,553.60034212930327,709.87147085216543,502,731,500,2012_Q4
2012-12-04 09:00:00,336,293.44316906237793,215.30760470094685,371.57873342380901,721,308,268,2012_Q4
2012-12-04 10:00:00,156,196.62850599938983,118.49294163795875,274.76407036082094,336,136,57,2012_Q4
2012-12-04 11:00:00,207,184.48000891585363,106.34444455442255,262.61557327728474,156,233,65,2012_Q4
2012-12-04 12:00:00,312,240.29285328159776,162.15728892016668,318.42841764302887,207,268,76,2012_Q4
2012-12-04 13:00:00,272,297.36799855645506,219.23243419502398,375.50356291788614,312,321,77,2012_Q4
2012-12-04 14:00:00,270,240.43866875462905,162.30310439319797,318.5742331160601,272,260,94,2012_Q4
2012-12-04 15:00:00,300,255.09211879749441,176.95655443606333,333.22768315892552,270,268,155,2012_Q4
2012-12-04 16:00:00,435,383.27307578379481,305.13751142236373,461.40864014522589,300,442,257,2012_Q4
2012-12-04 17:00:00,743,634.75802211464236,556.62245775321128,712.89358647607344,435,708,527,2012_Q4
2012-12-04 18:00:00,731,635.82428419812072,557.68871983668964,713.9598485595518,743,692,482,2012_Q4
2012-12-04 19:00:00,460,458.84811630765296,380.71255194622188,536.98368066908404,731,471,350,2012_Q4
2012-12-04 20:00:00,306,306.00089234994965,227.86532798851857,384.13645671138073,460,300,232,2012_Q4
2012-12-04 21:00:00,280,218.39851558605955,140.26295122462847,296.53407994749062,306,221,185,2012_Q4
2012-12-04 22:00:00,181,184.58916901259016,106.45360465115908,262.72473337402124,280,144,97,2012_Q4
2012-12-04 23:00:00,96,101.65974337767921,23.524179016248127,179.79530773911029,181,102,67,2012_Q4
2012-12-05 00:00:00,37,43.692181195848804,0,121.82774555727988,96,55,23,2012_Q4
2012-12-05 01:00:00,11,16.930377523329149,0,95.065941884760235,37,25,12,2012_Q4
2012-12-05 02:00:00,9,5.5105854580957656,0,83.64614981952684,11,8,1,2012_Q4
2012-12-05 03:00:00,7,4.3549600116008902,0,82.490524373031974,9,4,3,2012_Q4
2012-12-05 04:00:00,10,4.8249194757048803,0,82.960483837135953,7,7,4,2012_Q4
2012-12-05 05:00:00,49,34.814269962537743,0,112.94983432396882,10,46,39,2012_Q4
2012-12-05 06:00:00,124,151.46145798853402,73.325893627102943,229.5970223499651,49,153,136,2012_Q4
2012-12-05 07:00:00,398,315.47852685824205,237.34296249681097,393.61409121967313,124,502,409,2012_Q4
2012-12-05 08:00:00,759,643.06383708328997,564.92827272185889,721.19940144472105,398,721,692,2012_Q4
2012-12-05 09:00:00,388,328.97795206452491,250.84238770309383,407.11351642595599,759,336,322,2012_Q4
2012-12-05 10:00:00,141,208.00968684712905,129.87412248569797,286.14525120856013,388,156,161,2012_Q4
2012-12-05 11:00:00,172,181.54774431292756,103.41217995149648,259.68330867435861,141,207,146,2012_Q4
2012-12-05 12:00:00,232,235.21432456710147,157.07876020567039,313.34988892853255,172,312,208,2012_Q4
2012-12-05 13:00:00,214,262.29247857684783,184.15691421541675,340.42804293827891,232,272,214,2012_Q4
2012-12-05 14:00:00,218,226.20695186488015,148.07138750344907,304.3425162263112,214,270,176,2012_Q4
2012-12-05 15:00:00,285,234.5511196118014,156.41555525037032,312.68668397323245,218,300,179,2012_Q4
2012-12-05 16:00:00,377,374.17028533498399,296.03472097355291,452.30584969641507,285,435,325,2012_Q4
2012-12-05 17:00:00,605,614.36178668993034,536.22622232849926,692.49735105136142,377,743,563,2012_Q4
2012-12-05 18:00:00,609,606.68611502258284,528.55055066115176,684.82167938401392,605,731,542,2012_Q4
2012-12-05 19:00:00,414,396.75747283201713,318.62190847058605,474.89303719344821,609,460,387,2012_Q4
2012-12-05 20:00:00,293,263.82336936171191,185.68780500028083,341.95893372314299,414,306,263,2012_Q4
2012-12-05 21:00:00,198,199.38579249682405,121.25022813539297,277.5213568582551,293,280,223,2012_Q4
2012-12-05 22:00:00,105,144.00186331341447,65.866298951983396,222.13742767484555,198,181,154,2012_Q4
2012-12-05 23:00:00,74,60.211759530985177,0,138.34732389241626,105,96,78,2012_Q4
2012-12-06 00:00:00,44,33.701700640561796,0,111.83726500199288,74,37,29,2012_Q4
2012-12-06 01:00:00,16,20.14541999927885,0,98.280984360709937,44,11,16,2012_Q4
2012-12-06 02:00:00,9,7.3270859553289096,0,85.462650316759991,16,9,7,2012_Q4
2012-12-06 03:00:00,2,5.210428970755312,0,83.345993332186396,9,7,9,2012_Q4
2012-12-06 04:00:00,9,4.9093271698080576,0,83.044891531239131,2,10,7,2012_Q4
2012-12-06 05:00:00,32,36.806152423991236,0,114.94171678542232,9,49,42,2012_Q4
2012-12-06 06:00:00,124,117.78864557919158,39.653081217760501,195.92420994062266,32,124,121,2012_Q4
2012-12-06 07:00:00,389,362.39402686334574,284.25846250191466,440.52959122477682,124,398,362,2012_Q4
2012-12-06 08:00:00,659,692.33389441720612,614.19833005577505,770.4694587786372,389,759,679,2012_Q4
2012-12-06 09:00:00,276,312.49807838528767,234.36251402385659,390.63364274671875,659,388,299,2012_Q4
2012-12-06 10:00:00,145,133.06850346554745,54.932939104116372,211.20406782697853,276,141,178,2012_Q4
2012-12-06 11:00:00,178,170.59798857069188,92.462424209260803,248.73355293212296,145,172,163,2012_Q4
2012-12-06 12:00:00,235,215.93255076185551,137.79698640042443,294.06811512328659,178,232,236,2012_Q4
2012-12-06 13:00:00,245,233.59752954546187,155.46196518403079,311.73309390689292,235,214,224,2012_Q4
2012-12-06 14:00:00,212,211.86047671183914,133.72491235040806,289.99604107327025,245,218,187,2012_Q4
2012-12-06 15:00:00,270,222.97724309713345,144.84167873570237,301.11280745856453,212,285,220,2012_Q4
2012-12-06 16:00:00,331,332.95274564232284,254.81718128089176,411.08831000375392,270,377,370,2012_Q4
2012-12-06 17:00:00,617,528.19025982464109,450.05469546321001,606.32582418607217,331,605,561,2012_Q4
2012-12-06 18:00:00,565,526.88181409201741,448.74624973058633,605.01737845344849,617,609,537,2012_Q4
2012-12-06 19:00:00,373,368.49868631306447,290.36312195163339,446.63425067449555,565,414,344,2012_Q4
2012-12-06 20:00:00,227,245.69225492854511,167.55669056711403,323.82781928997622,373,293,252,2012_Q4
2012-12-06 21:00:00,191,166.2182903687962,88.082726007365125,244.35385473022728,227,198,208,2012_Q4
2012-12-06 22:00:00,133,136.48885937002572,58.353295008594642,214.6244237314568,191,105,151,2012_Q4
2012-12-06 23:00:00,93,85.944764049788105,7.809199688357026,164.08032841121917,133,74,130,2012_Q4
2012-12-07 00:00:00,48,51.011823181799265,0,129.14738754323034,93,44,52,2012_Q4
2012-12-07 01:00:00,28,22.959362606054444,0,101.09492696748552,48,16,19,2012_Q4
2012-12-07 02:00:00,11,12.137538853195524,0,90.273103214626602,28,9,12,2012_Q4
2012-12-07 03:00:00,5,4.9543082034917392,0,83.089872564922814,11,2,4,2012_Q4
2012-12-07 04:00:00,10,3.9216315966754518,0,82.057195958106533,5,9,3,2012_Q4
2012-12-07 05:00:00,26,33.735441362382446,0,111.87100572381352,10,32,40,2012_Q4
2012-12-07 06:00:00,84,111.33176996223392,33.196205600802841,189.467334323665,26,124,106,2012_Q4
2012-12-07 07:00:00,215,316.76702305082432,238.63145868939324,394.9025874122554,84,389,352,2012_Q4
2012-12-07 08:00:00,441,427.10205646287977,348.96649210144869,505.23762082431085,215,659,729,2012_Q4
2012-12-07 09:00:00,301,319.18662200753653,241.05105764610545,397.32218636896761,441,276,330,2012_Q4
2012-12-07 10:00:00,166,164.32992213756484,86.194357776133756,242.46548649899592,301,145,169,2012_Q4
2012-12-07 11:00:00,203,184.10321744062037,105.96765307918929,262.23878180205145,166,178,201,2012_Q4
2012-12-07 12:00:00,240,245.89406384329564,167.75849948186456,324.02962820472669,203,235,268,2012_Q4
2012-12-07 13:00:00,220,229.74470741379949,151.60914305236841,307.88027177523054,240,245,262,2012_Q4
2012-12-07 14:00:00,215,224.98931148191241,146.85374712048133,303.12487584334349,220,212,251,2012_Q4
2012-12-07 15:00:00,303,240.74924277218801,162.61367841075693,318.88480713361912,215,270,296,2012_Q4
2012-12-07 16:00:00,375,353.50524946057993,275.36968509914885,431.64081382201101,303,331,405,2012_Q4
2012-12-07 17:00:00,568,514.07433121837585,435.93876685694477,592.20989557980693,375,617,582,2012_Q4
2012-12-07 18:00:00,498,488.01937607736022,409.88381171592914,566.1549404387913,568,565,509,2012_Q4
2012-12-07 19:00:00,352,331.82276364790647,253.68719928647539,409.95832800933755,498,373,377,2012_Q4
2012-12-07 20:00:00,241,231.62228209644803,153.48671773501695,309.75784645787911,352,227,245,2012_Q4
2012-12-07 21:00:00,171,157.55077122665239,79.415206865221307,235.68633558808347,241,191,183,2012_Q4
2012-12-07 22:00:00,165,139.3189958691093,61.183431507678222,217.45456023054038,171,133,163,2012_Q4
2012-12-07 23:00:00,122,128.7939808511924,50.658416489761322,206.92954521262348,165,93,110,2012_Q4
2012-12-08 00:00:00,103,101.591850466861,23.456286105429925,179.72741482829207,122,48,108,2012_Q4
2012-12-08 01:00:00,100,77.327197210569778,0,155.46276157200086,103,28,69,2012_Q4
2012-12-08 02:00:00,70,66.722935939549345,0,144.85850030098044,100,11,50,2012_Q4
2012-12-08 03:00:00,29,28.563188619394474,0,106.69875298082556,70,5,15,2012_Q4
2012-12-08 04:00:00,12,9.915842375007724,0,88.051406736438807,29,10,5,2012_Q4
2012-12-08 05:00:00,6,13.244986402033932,0,91.38055076346501,12,26,13,2012_Q4
2012-12-08 06:00:00,20,20.433018962391735,0,98.568583323822821,6,84,27,2012_Q4
2012-12-08 07:00:00,39,54.199961636441039,0,132.33552599787211,20,215,63,2012_Q4
2012-12-08 08:00:00,111,113.47793296546782,35.342368604036736,191.61349732689888,39,441,144,2012_Q4
2012-12-08 09:00:00,170,203.08848830182703,124.95292394039595,281.22405266325813,111,301,193,2012_Q4
2012-12-08 10:00:00,287,265.35667994820454,187.22111558677346,343.49224430963562,170,166,256,2012_Q4
2012-12-08 11:00:00,404,353.78128690988837,275.64572254845729,431.91685127131944,287,203,392,2012_Q4
2012-12-08 12:00:00,486,392.14751720175019,314.01195284031911,470.28308156318127,404,240,446,2012_Q4
2012-12-08 13:00:00,547,442.43954980583368,364.3039854444026,520.5751141672647,486,220,509,2012_Q4
2012-12-08 14:00:00,542,473.12898467093225,394.99342030950118,551.26454903236333,547,215,479,2012_Q4
2012-12-08 15:00:00,541,436.07991621802717,357.94435185659609,514.21548057945824,542,303,484,2012_Q4
2012-12-08 16:00:00,507,419.7605836871266,341.62501932569552,497.89614804855768,541,375,443,2012_Q4
2012-12-08 17:00:00,345,414.49813605353825,336.36257169210717,492.63370041496933,507,568,320,2012_Q4
2012-12-08 18:00:00,304,294.35297425937438,216.2174098979433,372.48853862080546,345,498,297,2012_Q4
2012-12-08 19:00:00,246,247.16554204920777,169.02997768777669,325.30110641063885,304,352,249,2012_Q4
2012-12-08 20:00:00,182,186.9042638698044,108.76869950837332,265.03982823123545,246,241,198,2012_Q4
2012-12-08 21:00:00,209,149.80429358760995,71.668729226178868,227.93985794904103,182,171,158,2012_Q4
2012-12-08 22:00:00,160,175.76783677618292,97.632272414751839,253.903401137614,209,165,147,2012_Q4
2012-12-08 23:00:00,162,132.02062149217429,53.885057130743206,210.15618585360536,160,122,126,2012_Q4
2012-12-09 00:00:00,118,126.01713788405493,47.881573522623853,204.15270224548601,162,103,117,2012_Q4
2012-12-09 01:00:00,102,91.581186787251639,13.445622425820559,169.7167511486827,118,100,94,2012_Q4
2012-12-09 02:00:00,78,77.235673349079875,0,155.37123771051097,102,70,74,2012_Q4
2012-12-09 03:00:00,48,39.260251814541583,0,117.39581617597267,78,29,25,2012_Q4
2012-12-09 04:00:00,12,16.567402672642114,0,94.702967034073197,48,12,7,2012_Q4
2012-12-09 05:00:00,8,8.4021383970364898,0,86.537702758467574,12,6,8,2012_Q4
2012-12-09 06:00:00,6,18.040480814415258,0,96.17604517584634,8,20,16,2012_Q4
2012-12-09 07:00:00,23,20.737402236414926,0,98.872966597846002,6,39,31,2012_Q4
2012-12-09 08:00:00,69,60.84672731157373,0,138.9822916730048,23,111,93,2012_Q4
2012-12-09 09:00:00,103,116.9322055481165,38.79664118668542,195.06776990954756,69,170,172,2012_Q4
2012-12-09 10:00:00,219,184.2752776503653,106.13971328893422,262.41084201179638,103,287,293,2012_Q4
2012-12-09 11:00:00,250,298.62897654747258,220.4934121860415,376.76454090890365,219,404,355,2012_Q4
2012-12-09 12:00:00,315,317.37624804009249,239.24068367866141,395.51181240152357,250,486,520,2012_Q4
2012-12-09 13:00:00,285,361.38628369915784,283.25071933772676,439.52184806058892,315,547,431,2012_Q4
2012-12-09 14:00:00,232,304.08086769354054,225.94530333210946,382.21643205497162,285,542,473,2012_Q4
2012-12-09 15:00:00,225,283.03157901046393,204.89601464903285,361.16714337189501,232,541,417,2012_Q4
2012-12-09 16:00:00,253,199.39539697217563,121.25983261074455,277.53096133360668,225,507,443,2012_Q4
2012-12-09 17:00:00,229,200.65563648191579,122.52007212048471,278.79120084334687,253,345,303,2012_Q4
2012-12-09 18:00:00,198,179.08300709216533,100.94744273073425,257.21857145359638,229,304,203,2012_Q4
2012-12-09 19:00:00,122,153.87698761473382,75.741423253302742,232.0125519761649,198,246,174,2012_Q4
2012-12-09 20:00:00,108,104.31306558926258,26.177501227831499,182.44862995069366,122,182,154,2012_Q4
2012-12-09 21:00:00,96,86.552185686120154,8.4166213246890749,164.68775004755122,108,209,99,2012_Q4
2012-12-09 22:00:00,78,78.851758492255257,0.71619413082417793,156.98732285368635,96,160,96,2012_Q4
2012-12-09 23:00:00,51,61.129858933246105,0,139.26542329467719,78,162,51,2012_Q4
2012-12-10 00:00:00,20,23.053065040239808,0,101.18862940167088,51,118,21,2012_Q4
2012-12-10 01:00:00,4,10.885264073762901,0,89.020828435193977,20,102,13,2012_Q4
2012-12-10 02:00:00,5,5.0040171126224013,0,83.139581474053486,4,78,10,2012_Q4
2012-12-10 03:00:00,4,5.2270824976899206,0,83.362646859121,5,48,8,2012_Q4
2012-12-10 04:00:00,12,4.7328386196105834,0,82.868402981041669,4,12,5,2012_Q4
2012-12-10 05:00:00,27,29.62236515150342,0,107.7579295129345,12,8,38,2012_Q4
2012-12-10 06:00:00,123,102.13377209748519,23.998207736054113,180.26933645891626,27,6,138,2012_Q4
2012-12-10 07:00:00,294,327.59637550157476,249.46081114014368,405.73193986300583,123,23,396,2012_Q4
2012-12-10 08:00:00,584,694.11478129080274,615.97921692937166,772.25034565223382,294,69,731,2012_Q4
2012-12-10 09:00:00,284,295.03544875621662,216.89988439478554,373.1710131176477,584,103,308,2012_Q4
2012-12-10 10:00:00,133,140.8920441572551,62.756479795824021,219.02760851868618,284,219,136,2012_Q4
2012-12-10 11:00:00,134,150.86489299011413,72.729328628683049,229.00045735154521,133,250,233,2012_Q4
2012-12-10 12:00:00,173,129.76489256100126,51.629328199570182,207.90045692243234,134,315,268,2012_Q4
2012-12-10 13:00:00,220,161.47090375327417,83.335339391843092,239.60646811470525,173,285,321,2012_Q4
2012-12-10 14:00:00,210,177.77523002112673,99.639665659695652,255.91079438255781,220,232,260,2012_Q4
2012-12-10 15:00:00,236,217.59266130471079,139.45709694327971,295.72822566614184,210,225,268,2012_Q4
2012-12-10 16:00:00,345,328.32290553825305,250.18734117682197,406.45846989968413,236,253,442,2012_Q4
2012-12-10 17:00:00,616,661.15539852796394,583.01983416653286,739.29096288939502,345,229,708,2012_Q4
2012-12-10 18:00:00,564,614.13193834605943,535.99637398462835,692.26750270749051,616,198,692,2012_Q4
2012-12-10 19:00:00,427,427.74224477536416,349.60668041393308,505.87780913679524,564,122,471,2012_Q4
2012-12-10 20:00:00,300,268.70400331314676,190.56843895171568,346.83956767457784,427,108,300,2012_Q4
2012-12-10 21:00:00,245,217.02923769926315,138.89367333783207,295.16480206069423,300,96,221,2012_Q4
2012-12-10 22:00:00,126,158.73187189855099,80.596307537119912,236.86743625998207,245,78,144,2012_Q4
2012-12-10 23:00:00,84,75.881139216070352,0,154.01670357750143,126,51,102,2012_Q4
2012-12-11 00:00:00,31,44.465738912171972,0,122.60130327360305,84,20,55,2012_Q4
2012-12-11 01:00:00,8,12.190000408150858,0,90.325564769581945,31,4,25,2012_Q4
2012-12-11 02:00:00,1,5.1970478130857334,0,83.332612174516811,8,5,8,2012_Q4
2012-12-11 03:00:00,3,3.6403315482760954,0,81.775895909707174,1,4,4,2012_Q4
2012-12-11 04:00:00,8,4.7159701169963766,0,82.851534478427453,3,12,7,2012_Q4
2012-12-11 05:00:00,41,36.522202845414725,0,114.6577672068458,8,27,46,2012_Q4
2012-12-11 06:00:00,118,120.01066387952991,41.875099518098835,198.14622824096099,41,123,153,2012_Q4
2012-12-11 07:00:00,380,339.70938441819203,261.57382005676095,417.84494877962311,118,294,502,2012_Q4
2012-12-11 08:00:00,724,710.33123349486721,632.19566913343613,788.46679785629829,380,584,721,2012_Q4
2012-12-11 09:00:00,334,307.02568548112657,228.89012111969549,385.16124984255765,724,284,336,2012_Q4
2012-12-11 10:00:00,154,163.62937642854843,85.493812067117346,241.76494078997951,334,133,156,2012_Q4
2012-12-11 11:00:00,173,175.31718569350826,97.181621332077185,253.45275005493934,154,134,207,2012_Q4
2012-12-11 12:00:00,226,229.52713633117733,151.39157196974625,307.66270069260838,173,173,312,2012_Q4
2012-12-11 13:00:00,254,224.19287089146425,146.05730653003317,302.32843525289536,226,220,272,2012_Q4
2012-12-11 14:00:00,204,227.55729273215718,149.4217283707261,305.69285709358826,254,210,270,2012_Q4
2012-12-11 15:00:00,270,217.65505147968767,139.51948711825659,295.79061584111878,204,236,300,2012_Q4
2012-12-11 16:00:00,358,348.80261801861423,270.66705365718315,426.9381823800453,270,345,435,2012_Q4
2012-12-11 17:00:00,601,642.23776133790852,564.10219697647744,720.3733256993396,358,616,743,2012_Q4
2012-12-11 18:00:00,546,600.69218628687725,522.55662192544617,678.82775064830832,601,564,731,2012_Q4
2012-12-11 19:00:00,433,400.07227819444722,321.93671383301614,478.2078425558783,546,427,460,2012_Q4
2012-12-11 20:00:00,257,292.97484641797672,214.83928205654564,371.1104107794078,433,300,306,2012_Q4
2012-12-11 21:00:00,207,198.24644562301134,120.11088126158026,276.38200998444245,257,245,280,2012_Q4
2012-12-11 22:00:00,106,142.16118157015003,64.025617208718955,220.29674593158111,207,126,181,2012_Q4
2012-12-11 23:00:00,64,61.577797125489688,0,139.71336148692077,106,84,96,2012_Q4
2012-12-12 00:00:00,34,30.944756068418549,0,109.08032042984962,64,31,37,2012_Q4
2012-12-12 01:00:00,21,13.603430283306249,0,91.738994644737332,34,8,11,2012_Q4
2012-12-12 02:00:00,9,7.8104909830852574,0,85.946055344516338,21,1,9,2012_Q4
2012-12-12 03:00:00,10,4.8867562711170223,0,83.022320632548102,9,3,7,2012_Q4
2012-12-12 04:00:00,4,7.0282744401904642,0,85.163838801621537,10,8,10,2012_Q4
2012-12-12 05:00:00,37,36.438965578475774,0,114.57452993990685,4,41,49,2012_Q4
2012-12-12 06:00:00,128,139.74193290818366,61.606368546752577,217.87749726961474,37,118,124,2012_Q4
2012-12-12 07:00:00,369,344.06417245110418,265.92860808967311,422.19973681253526,128,380,398,2012_Q4
2012-12-12 08:00:00,688,694.4289027832159,616.29333842178482,772.56446714464698,369,724,759,2012_Q4
2012-12-12 09:00:00,285,311.80278501663253,233.66722065520145,389.93834937806361,688,334,388,2012_Q4
2012-12-12 10:00:00,136,132.15022029827779,54.014655936846708,210.28578465970887,285,154,141,2012_Q4
2012-12-12 11:00:00,172,161.29510481096492,83.159540449533836,239.43066917239599,136,173,172,2012_Q4
2012-12-12 12:00:00,232,222.20278970325293,144.06722534182185,300.33835406468404,172,226,232,2012_Q4
2012-12-12 13:00:00,238,229.83743977376332,151.70187541233224,307.9730041351944,232,254,214,2012_Q4
2012-12-12 14:00:00,225,214.26090398591958,136.1253396244885,292.39646834735066,238,204,218,2012_Q4
2012-12-12 15:00:00,228,229.51510127422407,151.37953691279299,307.65066563565517,225,270,285,2012_Q4
2012-12-12 16:00:00,329,305.97400752986641,227.83844316843533,384.10957189129749,228,358,377,2012_Q4
2012-12-12 17:00:00,561,620.72552751415151,542.58996315272043,698.86109187558259,329,601,605,2012_Q4
2012-12-12 18:00:00,540,546.65437326889298,468.5188089074619,624.78993763032406,561,546,609,2012_Q4
2012-12-12 19:00:00,402,375.09595510886982,296.96039074743874,453.2315194703009,540,433,414,2012_Q4
2012-12-12 20:00:00,268,253.41042339030409,175.27485902887301,331.5459877517352,402,257,293,2012_Q4
2012-12-12 21:00:00,202,190.7434863940654,112.60792203263432,268.87905075549645,268,207,198,2012_Q4
2012-12-12 22:00:00,122,130.84937896540509,52.713814603974015,208.98494332683617,202,106,105,2012_Q4
2012-12-12 23:00:00,79,73.078122768437566,0,151.21368712986865,122,64,74,2012_Q4
2012-12-13 00:00:00,32,42.555608243203991,0,120.69117260463507,79,34,44,2012_Q4
2012-12-13 01:00:00,23,15.458326108509965,0,93.593890469941044,32,21,16,2012_Q4
2012-12-13 02:00:00,8,9.9734982954770501,0,88.109062656908122,23,9,9,2012_Q4
2012-12-13 03:00:00,2,4.8811385750863083,0,83.01670293651739,8,10,2,2012_Q4
2012-12-13 04:00:00,8,4.5482482488007063,0,82.683812610231783,2,4,9,2012_Q4
2012-12-13 05:00:00,33,29.975284238455345,0,108.11084859988642,8,37,32,2012_Q4
2012-12-13 06:00:00,114,115.77231399481759,37.636749633386515,193.90787835624866,33,128,124,2012_Q4
2012-12-13 07:00:00,385,342.49352326343399,264.35795890200291,420.62908762486506,114,369,389,2012_Q4
2012-12-13 08:00:00,679,675.19988924650636,597.06432488507528,753.33545360793744,385,688,659,2012_Q4
2012-12-13 09:00:00,325,289.19468475856979,211.05912039713871,367.33024912000087,679,285,276,2012_Q4
2012-12-13 10:00:00,167,154.91512476666364,76.779560405232559,233.05068912809472,325,136,145,2012_Q4
2012-12-13 11:00:00,189,177.6276277937489,99.492063432317821,255.76319215517998,167,172,178,2012_Q4
2012-12-13 12:00:00,282,235.8482079052682,157.71264354383712,313.98377226669925,189,232,235,2012_Q4
2012-12-13 13:00:00,271,249.89338297325466,171.75781861182358,328.02894733468577,282,238,245,2012_Q4
2012-12-13 14:00:00,242,225.51185712219169,147.37629276076061,303.64742148362279,271,225,212,2012_Q4
2012-12-13 15:00:00,280,240.393454496803,162.25789013537192,318.52901885823405,242,228,270,2012_Q4
2012-12-13 16:00:00,406,318.22269205477835,240.08712769334727,396.35825641620943,280,329,331,2012_Q4
2012-12-13 17:00:00,550,672.03026327406747,593.89469891263639,750.16582763549854,406,561,617,2012_Q4
2012-12-13 18:00:00,466,513.30303751935674,435.16747315792566,591.43860188078781,550,540,565,2012_Q4
2012-12-13 19:00:00,348,351.93528775953143,273.79972339810035,430.07085212096251,466,402,373,2012_Q4
2012-12-13 20:00:00,241,231.78012573384513,153.64456137241405,309.9156900952762,348,268,227,2012_Q4
2012-12-13 21:00:00,213,189.57475267459481,111.43918831316373,267.71031703602591,241,202,191,2012_Q4
2012-12-13 22:00:00,148,150.6047037230633,72.469139361632216,228.74026808449437,213,122,133,2012_Q4
2012-12-13 23:00:00,120,92.115724491471795,13.980160130040716,170.25128885290286,148,79,93,2012_Q4
2012-12-14 00:00:00,47,61.676372287535884,0,139.81193664896696,120,32,48,2012_Q4
2012-12-14 01:00:00,26,24.341091378777271,0,102.47665574020834,47,23,28,2012_Q4
2012-12-14 02:00:00,9,12.002601538174174,0,90.138165899605255,26,8,11,2012_Q4
2012-12-14 03:00:00,12,5.0247712277580092,0,83.160335589189089,9,2,5,2012_Q4
2012-12-14 04:00:00,10,7.8415598852207591,0,85.97712424665184,12,8,10,2012_Q4
2012-12-14 05:00:00,34,31.022444898409471,0,109.15800925984055,10,33,26,2012_Q4
2012-12-14 06:00:00,113,118.35328939176486,40.217725030333781,196.48885375319594,34,114,84,2012_Q4
2012-12-14 07:00:00,308,377.61490082807597,299.4793364666449,455.75046518950705,113,385,215,2012_Q4
2012-12-14 08:00:00,636,517.71144964703853,439.57588528560746,595.84701400846961,308,679,441,2012_Q4
2012-12-14 09:00:00,343,320.7860715718063,242.65050721037522,398.92163593323738,636,325,301,2012_Q4
2012-12-14 10:00:00,190,188.24101805405465,110.10545369262357,266.3765824154857,343,167,166,2012_Q4
2012-12-14 11:00:00,211,197.37078235943468,119.23521799800361,275.50634672086574,190,189,203,2012_Q4
2012-12-14 12:00:00,273,245.03774478532176,166.90218042389068,323.17330914675284,211,282,240,2012_Q4
2012-12-14 13:00:00,313,281.13843510395094,203.00287074251986,359.27399946538202,273,271,220,2012_Q4
2012-12-14 14:00:00,299,269.17272723444347,191.03716287301239,347.30829159587455,313,242,215,2012_Q4
2012-12-14 15:00:00,309,307.91246391881441,229.77689955738333,386.04802828024549,299,280,303,2012_Q4
2012-12-14 16:00:00,417,379.93987576289067,301.80431140145959,458.07544012432174,309,406,375,2012_Q4
2012-12-14 17:00:00,622,522.38882406222547,444.25325970079439,600.52438842365655,417,550,568,2012_Q4
2012-12-14 18:00:00,455,455.92135415318427,377.78578979175319,534.05691851461529,622,466,498,2012_Q4
2012-12-14 19:00:00,319,326.00285188164179,247.86728752021071,404.13841624307287,455,348,352,2012_Q4
2012-12-14 20:00:00,221,211.50663687818439,133.37107251675332,289.64220123961547,319,241,241,2012_Q4
2012-12-14 21:00:00,172,171.97091350610239,93.835349144671312,250.10647786753347,221,213,171,2012_Q4
2012-12-14 22:00:00,138,141.33235359063562,63.196789229204541,219.4679179520667,172,148,165,2012_Q4
2012-12-14 23:00:00,134,110.81677877876999,32.681214417338907,188.95234314020107,138,120,122,2012_Q4
2012-12-15 00:00:00,94,92.486730592799319,14.351166231368239,170.6222949542304,134,47,103,2012_Q4
2012-12-15 01:00:00,95,72.345487850454802,0,150.48105221188587,94,26,100,2012_Q4
2012-12-15 02:00:00,69,60.453642502442221,0,138.5892068638733,95,9,70,2012_Q4
2012-12-15 03:00:00,23,30.084635083499187,0,108.22019944493027,69,12,29,2012_Q4
2012-12-15 04:00:00,6,9.9599799960486965,0,88.095544357479781,23,10,12,2012_Q4
2012-12-15 05:00:00,3,8.564818994866858,0,86.700383356297934,6,34,6,2012_Q4
2012-12-15 06:00:00,11,18.750676861052998,0,96.886241222484074,3,113,20,2012_Q4
2012-12-15 07:00:00,48,29.578938630795705,0,107.71450299222678,11,308,39,2012_Q4
2012-12-15 08:00:00,119,119.44157846851378,41.306014107082703,197.57714282994488,48,636,111,2012_Q4
2012-12-15 09:00:00,220,208.06348812585503,129.92792376442395,286.19905248728611,119,343,170,2012_Q4
2012-12-15 10:00:00,273,280.20070898406732,202.06514462263624,358.3362733454984,220,190,287,2012_Q4
2012-12-15 11:00:00,393,323.70750854354446,245.57194418211338,401.84307290497554,273,211,404,2012_Q4
2012-12-15 12:00:00,453,482.04925054149084,403.91368618005976,560.18481490292197,393,273,486,2012_Q4
2012-12-15 13:00:00,456,485.40016942281522,407.26460506138415,563.5357337842463,453,313,547,2012_Q4
2012-12-15 14:00:00,426,474.94770943652651,396.81214507509543,553.08327379795765,456,299,542,2012_Q4
2012-12-15 15:00:00,447,464.77120561820686,386.63564125677578,542.90676997963794,426,309,541,2012_Q4
2012-12-15 16:00:00,413,446.68736410931365,368.55179974788257,524.82292847074473,447,417,507,2012_Q4
2012-12-15 17:00:00,309,390.82868106264073,312.69311670120965,468.96424542407181,413,622,345,2012_Q4
2012-12-15 18:00:00,272,284.27541586976918,206.1398515083381,362.41098023120026,309,455,304,2012_Q4
2012-12-15 19:00:00,257,202.78387524740825,124.64831088597717,280.9194396088393,272,319,246,2012_Q4
2012-12-15 20:00:00,201,193.28500328662255,115.14943892519148,271.42056764805363,257,221,182,2012_Q4
2012-12-15 21:00:00,184,167.24953134647004,89.113966985038957,245.38509570790112,201,172,209,2012_Q4
2012-12-15 22:00:00,156,160.61075345277004,82.475189091338962,238.74631781420112,184,138,160,2012_Q4
2012-12-15 23:00:00,119,126.36553405229978,48.2299696908687,204.50109841373086,156,134,162,2012_Q4
2012-12-16 00:00:00,110,98.187241169795058,20.051676808363979,176.32280553122615,119,94,118,2012_Q4
2012-12-16 01:00:00,96,80.638410625452309,2.5028462640212297,158.77397498688339,110,95,102,2012_Q4
2012-12-16 02:00:00,87,70.863066491258309,0,148.99863085268939,96,69,78,2012_Q4
2012-12-16 03:00:00,38,49.61371224233153,0,127.74927660376261,87,23,48,2012_Q4
2012-12-16 04:00:00,11,11.753442657105127,0,89.889007018536205,38,6,12,2012_Q4
2012-12-16 05:00:00,9,7.9184096256191623,0,86.053973987050242,11,3,8,2012_Q4
2012-12-16 06:00:00,6,11.532562335271477,0,89.668126696702558,9,11,6,2012_Q4
2012-12-16 07:00:00,27,20.484557155211689,0,98.620121516642769,6,48,23,2012_Q4
2012-12-16 08:00:00,88,76.627360169211812,0,154.76292453064289,27,119,69,2012_Q4
2012-12-16 09:00:00,132,170.36393811621443,92.228373754783348,248.49950247764551,88,220,103,2012_Q4
2012-12-16 10:00:00,257,204.33017329222668,126.1946089307956,282.46573765365775,132,273,219,2012_Q4
2012-12-16 11:00:00,295,323.35353851227745,245.21797415084637,401.48910287370853,257,393,250,2012_Q4
2012-12-16 12:00:00,417,360.0713325232532,281.93576816182212,438.20689688468428,295,453,315,2012_Q4
2012-12-16 13:00:00,356,398.44108663074951,320.30552226931843,476.57665099218059,417,456,285,2012_Q4
2012-12-16 14:00:00,310,361.14167552746051,283.00611116602943,439.27723988889159,356,426,232,2012_Q4
2012-12-16 15:00:00,338,326.01884101290057,247.88327665146949,404.15440537433165,310,447,225,2012_Q4
2012-12-16 16:00:00,400,313.92257984927181,235.78701548784073,392.05814421070289,338,413,253,2012_Q4
2012-12-16 17:00:00,243,326.70073790292565,248.56517354149457,404.83630226435673,400,309,229,2012_Q4
2012-12-16 18:00:00,107,190.34179594349047,112.20623158205939,268.47736030492155,243,272,198,2012_Q4
2012-12-16 19:00:00,109,94.636464139345748,16.500899777914668,172.77202850077683,107,257,122,2012_Q4
2012-12-16 20:00:00,122,93.946128249484602,15.810563888053522,172.0816926109157,109,201,108,2012_Q4
2012-12-16 21:00:00,106,100.37178917329867,22.236224811867586,178.50735353472976,122,184,96,2012_Q4
2012-12-16 22:00:00,89,86.369699812146592,8.2341354507155131,164.50526417357767,106,156,78,2012_Q4
2012-12-16 23:00:00,33,63.091177051443012,0,141.22674141287411,89,119,51,2012_Q4
2012-12-17 00:00:00,28,17.148137569352411,0,95.283701930783494,33,110,20,2012_Q4
2012-12-17 01:00:00,15,13.002126470844622,0,91.137690832275695,28,96,4,2012_Q4
2012-12-17 02:00:00,5,7.5772779710775469,0,85.712842332508629,15,87,5,2012_Q4
2012-12-17 03:00:00,3,4.7460203687097975,0,82.881584730140872,5,38,4,2012_Q4
2012-12-17 04:00:00,5,6.1917703402786906,0,84.327334701709773,3,11,12,2012_Q4
2012-12-17 05:00:00,24,23.173326566575234,0,101.30889092800632,5,9,27,2012_Q4
2012-12-17 06:00:00,108,103.34211012005845,25.206545758627371,181.47767448148954,24,6,123,2012_Q4
2012-12-17 07:00:00,319,328.01229645850998,249.8767320970789,406.14786081994106,108,27,294,2012_Q4
2012-12-17 08:00:00,592,559.81358966764492,481.67802530621384,637.949154029076,319,88,584,2012_Q4
2012-12-17 09:00:00,282,281.39699326654159,203.26142890511051,359.53255762797266,592,132,284,2012_Q4
2012-12-17 10:00:00,135,156.88438604189696,78.74882168046588,235.01995040332804,282,257,133,2012_Q4
2012-12-17 11:00:00,170,146.31202975931862,68.17646539788754,224.4475941207497,135,295,134,2012_Q4
2012-12-17 12:00:00,232,207.76300138936026,129.62743702792918,285.89856575079136,170,417,173,2012_Q4
2012-12-17 13:00:00,210,247.81397223522285,169.67840787379177,325.94953659665396,232,356,220,2012_Q4
2012-12-17 14:00:00,181,181.75937414809471,103.62380978666363,259.89493850952579,210,310,210,2012_Q4
2012-12-17 15:00:00,211,182.31536595522917,104.17980159379809,260.45093031666022,181,338,236,2012_Q4
2012-12-17 16:00:00,302,300.60209683419316,222.46653247276208,378.73766119562424,211,400,345,2012_Q4
2012-12-17 17:00:00,495,536.86143826340754,458.72587390197646,614.99700262483861,302,243,616,2012_Q4
2012-12-17 18:00:00,507,478.07452636044849,399.93896199901741,556.21009072187962,495,107,564,2012_Q4
2012-12-17 19:00:00,340,375.42992997229322,297.29436561086214,453.5654943337243,507,109,427,2012_Q4
2012-12-17 20:00:00,200,220.52082867564954,142.38526431421846,298.65639303708065,340,122,300,2012_Q4
2012-12-17 21:00:00,120,162.60539405953671,84.469829698105627,240.74095842096779,200,106,245,2012_Q4
2012-12-17 22:00:00,54,95.427148754398303,17.291584392967223,173.56271311582938,120,89,126,2012_Q4
2012-12-17 23:00:00,47,42.606113255173781,0,120.74167761660486,54,33,84,2012_Q4
2012-12-18 00:00:00,18,22.120989646667262,0,100.25655400809833,47,28,31,2012_Q4
2012-12-18 01:00:00,15,9.9637215335118281,0,88.099285894942909,18,15,8,2012_Q4
2012-12-18 02:00:00,7,5.4877082868533922,0,83.62327264828447,15,5,1,2012_Q4
2012-12-18 03:00:00,5,3.940354992329441,0,82.075919353760526,7,3,3,2012_Q4
2012-12-18 04:00:00,8,4.9561971872693347,0,83.091761548700418,5,5,8,2012_Q4
2012-12-18 05:00:00,36,35.078376550630757,0,113.21394091206184,8,24,41,2012_Q4
2012-12-18 06:00:00,118,143.77790199073789,65.642337629306809,221.91346635216897,36,108,118,2012_Q4
2012-12-18 07:00:00,355,350.89748753961476,272.76192317818368,429.03305190104584,118,319,380,2012_Q4
2012-12-18 08:00:00,662,740.15124400735988,662.0156796459288,818.28680836879096,355,592,724,2012_Q4
2012-12-18 09:00:00,326,309.00415171106164,230.86858734963056,387.13971607249272,662,282,334,2012_Q4
2012-12-18 10:00:00,184,164.86263601389473,86.72707165246365,242.99820037532581,326,135,154,2012_Q4
2012-12-18 11:00:00,269,197.90371742218224,119.76815306075116,276.03928178361332,184,170,173,2012_Q4
2012-12-18 12:00:00,313,299.63452495461308,221.49896059318201,377.77008931604416,269,232,226,2012_Q4
2012-12-18 13:00:00,286,220.0432474195639,141.90768305813282,298.17881178099498,313,210,254,2012_Q4
2012-12-18 14:00:00,247,226.70262074876959,148.56705638733851,304.8381851102007,286,181,204,2012_Q4
2012-12-18 15:00:00,246,252.40591201495232,174.27034765352124,330.5414763763834,247,211,270,2012_Q4
2012-12-18 16:00:00,363,343.42370018053413,265.28813581910305,421.55926454196521,246,302,358,2012_Q4
2012-12-18 17:00:00,572,625.15750619627374,547.02194183484266,703.29307055770482,363,495,601,2012_Q4
2012-12-18 18:00:00,525,530.46206503437952,452.32650067294844,608.5976293958106,572,507,546,2012_Q4
2012-12-18 19:00:00,353,380.82206419118063,302.68649982974955,458.95762855261171,525,340,433,2012_Q4
2012-12-18 20:00:00,268,230.45423740033138,152.3186730389003,308.58980176176249,353,200,257,2012_Q4
2012-12-18 21:00:00,168,191.02807063908134,112.89250627765026,269.16363500051239,268,120,207,2012_Q4
2012-12-18 22:00:00,132,120.45402712144418,42.318462760013105,198.58959148287528,168,54,106,2012_Q4
2012-12-18 23:00:00,81,72.564504303673743,0,150.70006866510482,132,47,64,2012_Q4
2012-12-19 00:00:00,41,37.454794772514845,0,115.59035913394592,81,18,34,2012_Q4
2012-12-19 01:00:00,15,19.654777875725372,0,97.790342237156452,41,15,21,2012_Q4
2012-12-19 02:00:00,3,7.5768244637549609,0,85.712388825186039,15,7,9,2012_Q4
2012-12-19 03:00:00,5,5.0390715555904597,0,83.174635917021533,3,5,10,2012_Q4
2012-12-19 04:00:00,7,4.05644212198606,0,82.192006483417146,5,8,4,2012_Q4
2012-12-19 05:00:00,31,33.422812720103877,0,111.55837708153496,7,36,37,2012_Q4
2012-12-19 06:00:00,112,119.57015066549846,41.434586304067381,197.70571502692954,31,118,128,2012_Q4
2012-12-19 07:00:00,363,349.34158461118642,271.20602024975534,427.4771489726175,112,355,369,2012_Q4
2012-12-19 08:00:00,678,669.84876146728038,591.7131971058493,747.98432582871146,363,662,688,2012_Q4
2012-12-19 09:00:00,317,291.91515091100598,213.7795865495749,370.05071527243706,678,326,285,2012_Q4
2012-12-19 10:00:00,164,163.72709023425929,85.591525872828214,241.86265459569037,317,184,136,2012_Q4
2012-12-19 11:00:00,200,195.56416976772826,117.42860540629718,273.69973412915931,164,269,172,2012_Q4
2012-12-19 12:00:00,236,258.14453343648051,180.00896907504944,336.28009779791159,200,313,232,2012_Q4
2012-12-19 13:00:00,213,245.85513145656236,167.71956709513128,323.99069581799347,236,286,238,2012_Q4
2012-12-19 14:00:00,218,213.53829186114922,135.40272749971814,291.6738562225803,213,247,225,2012_Q4
2012-12-19 15:00:00,237,224.90944239139654,146.77387802996546,303.04500675282759,218,246,228,2012_Q4
2012-12-19 16:00:00,334,322.65764715270552,244.52208279127444,400.7932115141366,237,363,329,2012_Q4
2012-12-19 17:00:00,562,557.05242596496362,478.91686160353254,635.1879903263947,334,572,561,2012_Q4
2012-12-19 18:00:00,569,521.63423911710697,443.49867475567589,599.76980347853805,562,525,540,2012_Q4
2012-12-19 19:00:00,336,381.55070551677073,303.41514115533965,459.68626987820181,569,353,402,2012_Q4
2012-12-19 20:00:00,241,212.14644076491405,134.01087640348297,290.2820051263451,336,268,268,2012_Q4
2012-12-19 21:00:00,168,182.73096150332569,104.59539714189461,260.8665258647568,241,168,202,2012_Q4
2012-12-19 22:00:00,129,125.34950354979925,47.213939188368172,203.48506791123032,168,132,122,2012_Q4
2012-12-19 23:00:00,88,77.117795702112062,0,155.25336006354314,129,81,79,2012_Q4
2012-12-20 00:00:00,42,42.773405384765923,0,120.908969746197,88,41,32,2012_Q4
2012-12-20 01:00:00,20,20.000691085931766,0,98.136255447362842,42,15,23,2012_Q4
2012-12-20 02:00:00,8,8.5343376180204089,0,86.669901979451481,20,3,8,2012_Q4
2012-12-20 03:00:00,4,4.3425636832645784,0,82.478128044695652,8,5,2,2012_Q4
2012-12-20 04:00:00,6,4.7286437965496964,0,82.864208157980769,4,7,8,2012_Q4
2012-12-20 05:00:00,35,29.822201694272813,0,107.9577660557039,6,31,33,2012_Q4
2012-12-20 06:00:00,118,128.75140295569088,50.615838594259799,206.88696731712196,35,112,114,2012_Q4
2012-12-20 07:00:00,350,347.99922048016265,269.86365611873157,426.13478484159373,118,363,385,2012_Q4
2012-12-20 08:00:00,599,636.11374850277571,557.97818414134463,714.24931286420679,350,678,679,2012_Q4
2012-12-20 09:00:00,317,306.28846327972798,228.1528989182969,384.42402764115906,599,317,325,2012_Q4
2012-12-20 10:00:00,161,162.72600051564677,84.590436154215695,240.86156487707785,317,164,167,2012_Q4
2012-12-20 11:00:00,190,192.1134057214411,113.97784136001002,270.24897008287218,161,200,189,2012_Q4
2012-12-20 12:00:00,212,232.53082227910707,154.39525791767599,310.66638664053812,190,236,282,2012_Q4
2012-12-20 13:00:00,217,223.79383157349841,145.65826721206733,301.92939593492952,212,213,271,2012_Q4
2012-12-20 14:00:00,214,203.37710669937141,125.24154233794033,281.51267106080252,217,218,242,2012_Q4
2012-12-20 15:00:00,249,221.23048959910398,143.0949252376729,299.36605396053506,214,237,280,2012_Q4
2012-12-20 16:00:00,302,321.44312469478177,243.30756033335069,399.57868905621285,249,334,406,2012_Q4
2012-12-20 17:00:00,475,486.11694946849701,407.98138510706593,564.25251382992815,302,562,550,2012_Q4
2012-12-20 18:00:00,381,433.90841658916418,355.7728522277331,512.04398095059526,475,569,466,2012_Q4
2012-12-20 19:00:00,118,275.47088373837471,197.33531937694363,353.60644809980579,381,336,348,2012_Q4
2012-12-20 20:00:00,50,97.150659359387902,19.015094997956822,175.28622372081898,118,241,241,2012_Q4
2012-12-20 21:00:00,26,55.936318693724566,0,134.07188305515564,50,168,213,2012_Q4
2012-12-20 22:00:00,21,34.822202229626647,0,112.95776659105772,26,129,148,2012_Q4
2012-12-20 23:00:00,13,29.094886940837444,0,107.23045130226852,21,88,120,2012_Q4
2012-12-21 00:00:00,17,15.470992116258619,0,93.606556477689693,13,42,47,2012_Q4
2012-12-21 01:00:00,9,12.698884174563844,0,90.834448535994923,17,20,26,2012_Q4
2012-12-21 02:00:00,3,5.5692721164497208,0,83.704836477880804,9,8,9,2012_Q4
2012-12-21 03:00:00,3,5.2468667507156548,0,83.382431112146733,3,4,12,2012_Q4
2012-12-21 04:00:00,6,5.1249564569632362,0,83.260520818394312,3,6,10,2012_Q4
2012-12-21 05:00:00,13,28.837068542798679,0,106.97263290422976,6,35,34,2012_Q4
2012-12-21 06:00:00,80,64.289628529024426,0,142.42519289045549,13,118,113,2012_Q4
2012-12-21 07:00:00,208,250.44442693896079,172.30886257752971,328.57999130039184,80,350,308,2012_Q4
2012-12-21 08:00:00,472,414.38915312735213,336.25358876592105,492.52471748878321,208,599,636,2012_Q4
2012-12-21 09:00:00,267,331.04146671599403,252.90590235456295,409.17703107742511,472,317,343,2012_Q4
2012-12-21 10:00:00,154,143.44952789344711,65.313963532016032,221.58509225487819,267,161,190,2012_Q4
2012-12-21 11:00:00,162,191.02934913864087,112.89378477720979,269.16491350007198,154,190,211,2012_Q4
2012-12-21 12:00:00,224,223.36119037500748,145.2256260135764,301.49675473643856,162,212,273,2012_Q4
2012-12-21 13:00:00,240,233.96069109989338,155.8251267384623,312.09625546132446,224,217,313,2012_Q4
2012-12-21 14:00:00,219,230.71006337066325,152.57449900923217,308.84562773209433,240,214,299,2012_Q4
2012-12-21 15:00:00,263,227.17989043334924,149.04432607191816,305.31545479478029,219,249,309,2012_Q4
2012-12-21 16:00:00,281,313.58583346270547,235.45026910127439,391.72139782413655,263,302,417,2012_Q4
2012-12-21 17:00:00,321,464.00845536853689,385.87289100710581,542.14401972996802,281,475,622,2012_Q4
2012-12-21 18:00:00,243,300.06778754592966,221.93222318449858,378.20335190736074,321,381,455,2012_Q4
2012-12-21 19:00:00,153,185.10977733191689,106.97421297048581,263.245341693348,243,118,319,2012_Q4
2012-12-21 20:00:00,112,133.34088674578049,55.205322384349415,211.47645110721157,153,50,221,2012_Q4
2012-12-21 21:00:00,70,93.237291029965164,15.101726668534084,171.37285539139623,112,26,172,2012_Q4
2012-12-21 22:00:00,63,59.3810208130853,0,137.51658517451636,70,21,138,2012_Q4
2012-12-21 23:00:00,40,51.976667093493433,0,130.11223145492451,63,13,134,2012_Q4
2012-12-22 00:00:00,31,38.638440475966796,0,116.77400483739788,40,17,94,2012_Q4
2012-12-22 01:00:00,35,26.94897984925818,0,105.08454421068926,31,9,95,2012_Q4
2012-12-22 02:00:00,23,28.56117771289362,0,106.6967420743247,35,3,69,2012_Q4
2012-12-22 03:00:00,7,12.779305224983457,0,90.91486958641454,23,3,23,2012_Q4
2012-12-22 04:00:00,5,4.505218957175293,0,82.640783318606367,7,6,6,2012_Q4
2012-12-22 05:00:00,5,6.3138233557425965,0,84.449387717173678,5,13,3,2012_Q4
2012-12-22 06:00:00,13,16.481902544326402,0,94.617466905757482,5,80,11,2012_Q4
2012-12-22 07:00:00,20,34.81967232854889,0,112.95523668997997,13,208,48,2012_Q4
2012-12-22 08:00:00,29,71.581366225393523,0,149.71693058682462,20,472,119,2012_Q4
2012-12-22 09:00:00,90,60.488994149739057,0,138.62455851117014,29,267,220,2012_Q4
2012-12-22 10:00:00,118,157.98275624638131,79.847191884950234,236.11832060781239,90,154,273,2012_Q4
2012-12-22 11:00:00,159,176.51441727001696,98.378852908585884,254.64998163144804,118,162,393,2012_Q4
2012-12-22 12:00:00,146,237.74667475397533,159.61111039254425,315.88223911540638,159,224,453,2012_Q4
2012-12-22 13:00:00,158,176.14818828931905,98.012623927887972,254.28375265075013,146,240,456,2012_Q4
2012-12-22 14:00:00,161,193.28079460687664,115.14523024544556,271.41635896830769,158,219,426,2012_Q4
2012-12-22 15:00:00,153,217.17747517806256,139.04191081663149,295.31303953949362,161,263,447,2012_Q4
2012-12-22 16:00:00,147,183.77632840580662,105.64076404437554,261.9118927672377,153,281,413,2012_Q4
2012-12-22 17:00:00,114,186.63027266200865,108.49470830057757,264.76583702343976,147,321,309,2012_Q4
2012-12-22 18:00:00,82,128.93314114109941,50.797576779668333,207.06870550253049,114,243,272,2012_Q4
2012-12-22 19:00:00,60,76.34863129189776,0,154.48419565332884,82,153,257,2012_Q4
2012-12-22 20:00:00,61,57.676474162874321,0,135.81203852430539,60,112,201,2012_Q4
2012-12-22 21:00:00,53,58.559788225802983,0,136.69535258723405,61,70,184,2012_Q4
2012-12-22 22:00:00,39,53.767829451788842,0,131.90339381321991,53,63,156,2012_Q4
2012-12-22 23:00:00,40,41.887295441541895,0,120.02285980297297,39,40,119,2012_Q4
2012-12-23 00:00:00,27,39.921091518399699,0,118.05665587983077,40,31,110,2012_Q4
2012-12-23 01:00:00,20,29.766147211867938,0,107.90171157329902,27,35,96,2012_Q4
2012-12-23 02:00:00,18,26.678549051523412,0,104.8141134129545,20,23,87,2012_Q4
2012-12-23 03:00:00,9,15.500285553280039,0,93.635849914711116,18,7,38,2012_Q4
2012-12-23 04:00:00,4,5.9352892444022682,0,84.070853605833349,9,5,11,2012_Q4
2012-12-23 05:00:00,6,6.1812967385399942,0,84.316861099971078,4,5,9,2012_Q4
2012-12-23 06:00:00,9,9.4644380586687831,0,87.600002420099855,6,13,6,2012_Q4
2012-12-23 07:00:00,19,22.315362048237876,0,100.45092640966895,9,20,27,2012_Q4
2012-12-23 08:00:00,48,57.973763530777831,0,136.10932789220891,19,29,88,2012_Q4
2012-12-23 09:00:00,56,90.15439852720678,12.018834165775701,168.28996288863786,48,90,132,2012_Q4
2012-12-23 10:00:00,93,100.71547703622174,22.579912674790663,178.85104139765281,56,118,257,2012_Q4
2012-12-23 11:00:00,152,136.0221711710407,57.886606809609617,214.15773553247178,93,159,295,2012_Q4
2012-12-23 12:00:00,196,216.79520580173579,138.65964144030471,294.93077016316687,152,146,417,2012_Q4
2012-12-23 13:00:00,186,245.32507824846991,167.18951388703883,323.46064260990102,196,158,356,2012_Q4
2012-12-23 14:00:00,175,208.60952444879737,130.47396008736629,286.74508881022848,186,161,310,2012_Q4
2012-12-23 15:00:00,137,210.42219480100181,132.28663043957073,288.55775916243289,175,153,338,2012_Q4
2012-12-23 16:00:00,190,172.2768026776495,94.14123831621842,250.41236703908058,137,147,400,2012_Q4
2012-12-23 17:00:00,114,172.50143232713324,94.365867965702165,250.63699668856432,190,114,243,2012_Q4
2012-12-23 18:00:00,93,103.78355779192449,25.647993430493415,181.91912215335557,114,82,107,2012_Q4
2012-12-23 19:00:00,58,76.556824662098151,0,154.69238902352924,93,60,109,2012_Q4
2012-12-23 20:00:00,52,57.356979810327942,0,135.49254417175902,58,61,122,2012_Q4
2012-12-23 21:00:00,42,52.594782335142547,0,130.73034669657363,52,53,106,2012_Q4
2012-12-23 22:00:00,58,44.551633790881809,0,122.68719815231289,42,39,89,2012_Q4
2012-12-23 23:00:00,25,37.830829832866641,0,115.96639419429772,58,40,33,2012_Q4
2012-12-24 00:00:00,12,15.502597145963666,0,93.638161507394742,25,27,28,2012_Q4
2012-12-24 01:00:00,11,9.2858526472225602,0,87.421417008653634,12,20,15,2012_Q4
2012-12-24 02:00:00,5,5.1970497854028146,0,83.33261414683389,11,18,5,2012_Q4
2012-12-24 03:00:00,3,3.4152277166165912,0,81.550792078047664,5,9,3,2012_Q4
2012-12-24 05:00:00,9,14.964054960059707,0,93.099619321490792,3,6,24,2012_Q4
2012-12-24 06:00:00,17,44.445681339494627,0,122.58124570092571,9,9,108,2012_Q4
2012-12-24 07:00:00,30,69.497465307724141,0,147.63302966915523,17,19,319,2012_Q4
2012-12-24 08:00:00,66,88.803995651112686,10.668431289681607,166.93956001254378,30,48,592,2012_Q4
2012-12-24 09:00:00,85,97.805084225164634,19.669519863733555,175.94064858659573,66,56,282,2012_Q4
2012-12-24 10:00:00,103,80.158729330106453,2.0231649686753741,158.29429369153752,85,93,135,2012_Q4
2012-12-24 11:00:00,124,128.74625044889294,50.610686087461858,206.88181481032402,103,152,170,2012_Q4
2012-12-24 12:00:00,135,167.5499760083498,89.414411646918722,245.68554036978088,124,196,232,2012_Q4
2012-12-24 13:00:00,70,143.63609554452808,65.500531183096996,221.77165990595915,135,186,210,2012_Q4
2012-12-24 14:00:00,46,72.807840649366554,0,150.94340501079762,70,175,181,2012_Q4
2012-12-24 15:00:00,33,56.343933423493532,0,134.4794977849246,46,137,211,2012_Q4
2012-12-24 16:00:00,33,47.027815651866533,0,125.16338001329761,33,190,302,2012_Q4
2012-12-24 17:00:00,26,55.331033958798628,0,133.46659832022971,33,114,495,2012_Q4
2012-12-24 18:00:00,26,42.824758812294782,0,120.96032317372587,26,93,507,2012_Q4
2012-12-24 19:00:00,18,28.055977022563162,0,106.19154138399423,26,58,340,2012_Q4
2012-12-24 20:00:00,23,23.548636375597944,0,101.68420073702902,18,52,200,2012_Q4
2012-12-24 21:00:00,22,23.088461310782108,0,101.22402567221319,23,42,120,2012_Q4
2012-12-24 22:00:00,12,25.790430468587608,0,103.92599483001868,22,58,54,2012_Q4
2012-12-24 23:00:00,11,15.469420657984456,0,93.604985019415537,12,25,47,2012_Q4
2012-12-25 00:00:00,13,9.0143383734132208,0,87.149902734844304,11,12,18,2012_Q4
2012-12-25 01:00:00,13,9.9024822538548616,0,88.038046615285936,13,11,15,2012_Q4
2012-12-25 02:00:00,7,6.8596711691338319,0,84.995235530564912,13,5,7,2012_Q4
2012-12-25 04:00:00,1,3.5025881525972786,0,81.638152514028363,7,7,8,2012_Q4
2012-12-25 05:00:00,3,12.540961602912457,0,90.67652596434354,1,9,36,2012_Q4
2012-12-25 06:00:00,7,21.783913148390514,0,99.91947750982159,3,17,118,2012_Q4
2012-12-25 07:00:00,6,24.607200340922386,0,102.74276470235347,7,30,355,2012_Q4
2012-12-25 08:00:00,11,27.098630421464456,0,105.23419478289554,6,66,662,2012_Q4
2012-12-25 09:00:00,28,25.507631846252526,0,103.6431962076836,11,85,326,2012_Q4
2012-12-25 10:00:00,32,52.93133502837631,0,131.06689938980739,28,103,184,2012_Q4
2012-12-25 11:00:00,86,51.532455639405576,0,129.66802000083666,32,124,269,2012_Q4
2012-12-25 12:00:00,114,120.18328865198841,42.047724290557326,198.31885301341947,86,135,313,2012_Q4
2012-12-25 13:00:00,121,154.649415634409,76.513851272977917,232.78497999584008,114,70,286,2012_Q4
2012-12-25 14:00:00,126,154.09588825457422,75.960323893143141,232.2314526160053,121,46,247,2012_Q4
2012-12-25 15:00:00,107,160.14086566956982,82.005301308138741,238.2764300310009,126,33,246,2012_Q4
2012-12-25 16:00:00,86,144.74393915445165,66.608374793020573,222.87950351588273,107,33,363,2012_Q4
2012-12-25 17:00:00,50,115.4747221221553,37.33915776072422,193.61028648358638,86,26,572,2012_Q4
2012-12-25 18:00:00,43,70.561311730862357,0,148.69687609229345,50,26,525,2012_Q4
2012-12-25 19:00:00,36,42.991808691142417,0,121.12737305257349,43,18,353,2012_Q4
2012-12-25 20:00:00,40,36.404187443291441,0,114.53975180472253,36,23,268,2012_Q4
2012-12-25 21:00:00,34,38.047276529910896,0,116.18284089134198,40,22,168,2012_Q4
2012-12-25 22:00:00,19,32.323085655163723,0,110.4586500165948,34,12,132,2012_Q4
2012-12-25 23:00:00,30,21.314692999603889,0,99.450257361034971,19,11,81,2012_Q4
2012-12-26 00:00:00,9,17.53832079291562,0,95.673885154346692,30,13,41,2012_Q4
2012-12-26 01:00:00,7,7.436660093341227,0,85.572224454772311,9,13,15,2012_Q4
2012-12-26 02:00:00,1,3.3544887339322322,0,81.490053095363308,7,7,3,2012_Q4
2012-12-26 03:00:00,2,2.945097277357597,0,81.080661638788683,1,1,5,2012_Q4
2012-12-26 04:00:00,2,3.4482332349440252,0,81.583797596375106,2,1,7,2012_Q4
2012-12-26 05:00:00,11,19.416911981072246,0,97.552476342503326,2,3,31,2012_Q4
2012-12-26 06:00:00,36,45.08103747759403,0,123.21660183902512,11,7,112,2012_Q4
2012-12-26 07:00:00,26,104.13361830956656,25.998053948135478,182.26918267099762,36,6,363,2012_Q4
2012-12-26 08:00:00,31,72.306522752749046,0,150.44208711418014,26,11,678,2012_Q4
2012-12-26 09:00:00,23,39.077550345534327,0,117.2131147069654,31,28,317,2012_Q4
2012-12-26 10:00:00,8,34.242878107188439,0,112.37844246861951,23,32,164,2012_Q4
2012-12-26 11:00:00,10,26.649362224698759,0,104.78492658612984,8,86,200,2012_Q4
2012-12-26 12:00:00,10,26.198897133716489,0,104.33446149514756,10,114,236,2012_Q4
2012-12-26 13:00:00,15,30.190819534974732,0,108.32638389640582,10,121,213,2012_Q4
2012-12-26 14:00:00,20,37.469137347705683,0,115.60470170913676,15,126,218,2012_Q4
2012-12-26 15:00:00,13,46.585778135477376,0,124.72134249690845,20,107,237,2012_Q4
2012-12-26 16:00:00,13,34.867316368650322,0,113.0028807300814,13,86,334,2012_Q4
2012-12-26 17:00:00,53,41.025824865796402,0,119.16138922722749,13,50,562,2012_Q4
2012-12-26 18:00:00,43,91.548231643377406,13.412667281946327,169.68379600480847,53,43,569,2012_Q4
2012-12-26 19:00:00,35,48.005383109033311,0,126.1409474704644,43,36,336,2012_Q4
2012-12-26 20:00:00,32,33.778939733149777,0,111.91450409458085,35,40,241,2012_Q4
2012-12-26 21:00:00,20,31.400897008888695,0,109.53646137031977,32,34,168,2012_Q4
2012-12-26 22:00:00,11,29.986367607304889,0,108.12193196873596,20,19,129,2012_Q4
2012-12-26 23:00:00,10,13.229535450150861,0,91.365099811581942,11,30,88,2012_Q4
2012-12-27 00:00:00,3,11.721486556208738,0,89.85705091763981,10,9,42,2012_Q4
2012-12-27 01:00:00,5,6.5746283072661971,0,84.710192668697275,3,7,20,2012_Q4
2012-12-27 02:00:00,2,3.4086669637704849,0,81.544231325201565,5,1,8,2012_Q4
2012-12-27 03:00:00,1,3.0287370194809076,0,81.164301380911994,2,2,4,2012_Q4
2012-12-27 04:00:00,3,3.3749691505041675,0,81.51053351193525,1,2,6,2012_Q4
2012-12-27 05:00:00,11,22.831966073658251,0,100.96753043508933,3,11,35,2012_Q4
2012-12-27 06:00:00,45,49.65497860956021,0,127.79054297099128,11,36,118,2012_Q4
2012-12-27 07:00:00,90,119.44314122065545,41.307576859224369,197.57870558208651,45,26,350,2012_Q4
2012-12-27 08:00:00,208,261.95441470865575,183.81885034722467,340.08997907008683,90,31,599,2012_Q4
2012-12-27 09:00:00,133,186.37291620222189,108.23735184079081,264.50848056365294,208,23,317,2012_Q4
2012-12-27 10:00:00,75,88.475669613783154,10.340105252352075,166.61123397521425,133,8,161,2012_Q4
2012-12-27 11:00:00,103,95.64357590145579,17.508011540024711,173.77914026288687,75,10,190,2012_Q4
2012-12-27 12:00:00,109,135.59664874474004,57.461084383308958,213.73221310617112,103,10,212,2012_Q4
2012-12-27 13:00:00,118,136.71961665372436,58.584052292293279,214.85518101515544,109,15,217,2012_Q4
2012-12-27 14:00:00,119,122.85782455135727,44.722260189926189,200.99338891278836,118,20,214,2012_Q4
2012-12-27 15:00:00,120,159.21250561539284,81.076941253961763,237.34806997682392,119,13,249,2012_Q4
2012-12-27 16:00:00,174,194.79472302642745,116.65915866499637,272.93028738785853,120,13,302,2012_Q4
2012-12-27 17:00:00,257,297.35550863584371,219.21994427441263,375.49107299727478,174,53,475,2012_Q4
2012-12-27 18:00:00,197,237.70513727883454,159.56957291740346,315.84070164026559,257,43,381,2012_Q4
2012-12-27 19:00:00,117,138.51863642654612,60.383072065115044,216.6542007879772,197,35,118,2012_Q4
2012-12-27 20:00:00,91,80.676703704729064,2.541139343297985,158.81226806616013,117,32,50,2012_Q4
2012-12-27 21:00:00,63,63.433916601964363,0,141.56948096339545,91,20,26,2012_Q4
2012-12-27 22:00:00,44,36.983748891748647,0,115.11931325317973,63,11,21,2012_Q4
2012-12-27 23:00:00,26,27.353177234600786,0,105.48874159603187,44,10,13,2012_Q4
2012-12-28 00:00:00,25,14.282292836164356,0,92.417857197595438,26,3,17,2012_Q4
2012-12-28 01:00:00,9,10.455560932885039,0,88.591125294316114,25,5,9,2012_Q4
2012-12-28 02:00:00,5,4.7595169684517629,0,82.895081329882842,9,2,3,2012_Q4
2012-12-28 03:00:00,2,3.4386565772211091,0,81.574220938652189,5,1,3,2012_Q4
2012-12-28 04:00:00,4,4.0607227492108304,0,82.196287110641904,2,3,6,2012_Q4
2012-12-28 05:00:00,15,17.443072158083098,0,95.578636519514177,4,11,13,2012_Q4
2012-12-28 06:00:00,51,77.020094869647835,0,155.15565923107891,15,45,80,2012_Q4
2012-12-28 07:00:00,112,149.30315610647125,71.16759174504017,227.43872046790233,51,90,208,2012_Q4
2012-12-28 08:00:00,239,262.7085389791435,184.57297461771242,340.84410334057458,112,208,472,2012_Q4
2012-12-28 09:00:00,191,215.20632743973695,137.07076307830587,293.341891801168,239,133,267,2012_Q4
2012-12-28 10:00:00,162,119.51486114809418,41.379296786663105,197.65042550952526,191,75,154,2012_Q4
2012-12-28 11:00:00,178,158.93176173772136,80.79619737629028,237.06732609915244,162,103,162,2012_Q4
2012-12-28 12:00:00,222,203.48761194469387,125.35204758326279,281.62317630612495,178,109,224,2012_Q4
2012-12-28 13:00:00,222,200.6809965950456,122.54543223361452,278.81656095647668,222,118,240,2012_Q4
2012-12-28 14:00:00,261,191.26515260598603,113.12958824455495,269.40071696741711,222,119,219,2012_Q4
2012-12-28 15:00:00,225,219.87269136074661,141.73712699931554,298.00825572217769,261,120,263,2012_Q4
2012-12-28 16:00:00,250,241.45623433726277,163.32066997583169,319.59179869869388,225,174,281,2012_Q4
2012-12-28 17:00:00,271,319.44406449150813,241.30850013007705,397.57962885293921,250,257,321,2012_Q4
2012-12-28 18:00:00,213,225.47199227359562,147.33642791216454,303.6075566350267,271,197,243,2012_Q4
2012-12-28 19:00:00,128,146.69979609820967,68.564231736778595,224.83536045964075,213,117,153,2012_Q4
2012-12-28 20:00:00,97,95.133194959950103,16.997630598519024,173.2687593213812,128,91,112,2012_Q4
2012-12-28 21:00:00,92,74.23656442624484,0,152.37212878767593,97,63,70,2012_Q4
2012-12-28 22:00:00,62,68.805464661463716,0,146.94102902289478,92,44,63,2012_Q4
2012-12-28 23:00:00,59,47.722932284330142,0,125.85849664576122,62,26,40,2012_Q4
2012-12-29 00:00:00,26,39.203129241325875,0,117.33869360275696,59,25,31,2012_Q4
2012-12-29 01:00:00,37,25.574131323381255,0,103.70969568481233,26,9,35,2012_Q4
2012-12-29 02:00:00,19,23.822757273085312,0,101.95832163451639,37,5,23,2012_Q4
2012-12-29 03:00:00,6,8.2457393689156664,0,86.381303730346744,19,2,7,2012_Q4
2012-12-29 04:00:00,3,4.187727608676254,0,82.323291970107334,6,4,5,2012_Q4
2012-12-29 05:00:00,3,6.4938967474831584,0,84.629461108914242,3,15,5,2012_Q4
2012-12-29 06:00:00,7,13.400053848250485,0,91.535618209681559,3,51,13,2012_Q4
2012-12-29 07:00:00,18,21.762183833258483,0,99.897748194689569,7,112,20,2012_Q4
2012-12-29 08:00:00,44,52.13519993766117,0,130.27076429909226,18,239,29,2012_Q4
2012-12-29 09:00:00,49,98.590849738091634,20.455285376660555,176.72641409952271,44,191,90,2012_Q4
2012-12-29 10:00:00,41,102.52846337831541,24.392899016884328,180.66402773974647,49,162,118,2012_Q4
2012-12-29 11:00:00,45,63.852048145719969,0,141.98761250715106,41,178,159,2012_Q4
2012-12-29 12:00:00,48,66.706457188356197,0,144.84202154978726,45,222,146,2012_Q4
2012-12-29 13:00:00,84,66.282207630374444,0,144.41777199180552,48,222,158,2012_Q4
2012-12-29 14:00:00,98,100.6011438667806,22.465579505349524,178.73670822821168,84,261,161,2012_Q4
2012-12-29 15:00:00,129,134.86514507093176,56.729580709500681,213.00070943236284,98,225,153,2012_Q4
2012-12-29 16:00:00,147,150.52964958017651,72.394085218745431,228.66521394160759,129,250,147,2012_Q4
2012-12-29 17:00:00,118,159.09396004436411,80.95839568293303,237.22952440579519,147,271,114,2012_Q4
2012-12-29 18:00:00,110,110.27144651893209,32.135882157501015,188.40701088036317,118,213,82,2012_Q4
2012-12-29 19:00:00,97,73.274586721677565,0,151.41015108310864,110,128,60,2012_Q4
2012-12-29 20:00:00,66,69.312336402104634,0,147.4479007635357,97,97,61,2012_Q4
2012-12-29 21:00:00,60,51.166244728514691,0,129.30180908994578,66,92,53,2012_Q4
2012-12-29 22:00:00,54,42.782152021127303,0,120.91771638255838,60,62,39,2012_Q4
2012-12-29 23:00:00,32,44.831909978843832,0,122.96747434027492,54,59,40,2012_Q4
2012-12-30 00:00:00,41,23.141936408516766,0,101.27750076994785,32,26,27,2012_Q4
2012-12-30 01:00:00,28,25.813319022692841,0,103.94888338412392,41,37,20,2012_Q4
2012-12-30 02:00:00,19,20.390529673536257,0,98.526094034967343,28,19,18,2012_Q4
2012-12-30 03:00:00,15,7.9379774647566848,0,86.073541826187764,19,6,9,2012_Q4
2012-12-30 04:00:00,7,5.3380724367401831,0,83.473636798171256,15,3,4,2012_Q4
2012-12-30 05:00:00,2,6.0836721791235169,0,84.21923654055459,7,3,6,2012_Q4
2012-12-30 06:00:00,8,7.5552346635749617,0,85.690799025006044,2,7,9,2012_Q4
2012-12-30 07:00:00,13,21.248442419147736,0,99.384006780578815,8,18,19,2012_Q4
2012-12-30 08:00:00,33,35.727253878108172,0,113.86281823953925,13,44,48,2012_Q4
2012-12-30 09:00:00,74,52.478306464312944,0,130.61387082574402,33,49,56,2012_Q4
2012-12-30 10:00:00,122,116.93720234626379,38.801637984832709,195.07276670769488,74,41,93,2012_Q4
2012-12-30 11:00:00,136,158.33375854823979,80.198194186808706,236.46932290967086,122,45,152,2012_Q4
2012-12-30 12:00:00,144,175.27040127142141,97.134836909990327,253.40596563285249,136,48,196,2012_Q4
2012-12-30 13:00:00,169,168.95467883119184,90.819114469760763,247.09024319262292,144,84,186,2012_Q4
2012-12-30 14:00:00,160,172.39095687794733,94.255392516516252,250.52652123937841,169,98,175,2012_Q4
2012-12-30 15:00:00,138,168.51550594124095,90.379941579809866,246.65107030267203,160,129,137,2012_Q4
2012-12-30 16:00:00,133,162.83238798128039,84.696823619849312,240.96795234271147,138,147,190,2012_Q4
2012-12-30 17:00:00,123,123.13805352969439,45.00248916826331,201.27361789112547,133,118,114,2012_Q4
2012-12-30 18:00:00,125,102.77319025077556,24.637625889344477,180.90875461220662,123,110,93,2012_Q4
2012-12-30 19:00:00,102,87.016557592515696,8.8809932310846165,165.15212195394679,125,97,58,2012_Q4
2012-12-30 20:00:00,72,77.112680357266697,0,155.24824471869778,102,66,52,2012_Q4
2012-12-30 21:00:00,47,60.244095407819025,0,138.37965976925011,72,60,42,2012_Q4
2012-12-30 22:00:00,36,42.430942223834414,0,120.5665065852655,47,54,58,2012_Q4
2012-12-30 23:00:00,49,27.424665676054993,0,105.56023003748606,36,32,25,2012_Q4
2012-12-31 00:00:00,34,26.672612772158573,0,104.80817713358965,49,41,12,2012_Q4
2012-12-31 01:00:00,19,15.871994345698798,0,94.007558707129874,34,28,11,2012_Q4
2012-12-31 02:00:00,11,8.7826967711519242,0,86.918261132582998,19,19,5,2012_Q4
2012-12-31 03:00:00,1,5.3630290242008236,0,83.498593385631906,11,15,3,2012_Q4
2012-12-31 04:00:00,3,3.0976446572951488,0,81.233209018726228,1,7,1,2012_Q4
2012-12-31 05:00:00,9,10.871573041434983,0,89.007137402866064,3,2,9,2012_Q4
2012-12-31 06:00:00,40,29.258139864320064,0,107.39370422575115,9,8,17,2012_Q4
2012-12-31 07:00:00,85,90.38189377605471,12.246329414623631,168.51745813748579,40,13,30,2012_Q4
2012-12-31 08:00:00,196,241.76137238755496,163.62580802612388,319.89693674898604,85,33,66,2012_Q4
2012-12-31 09:00:00,157,140.50594080376391,62.370376442332827,218.64150516519499,196,74,85,2012_Q4
2012-12-31 10:00:00,120,90.71364808679219,12.578083725361111,168.84921244822328,157,122,103,2012_Q4
2012-12-31 11:00:00,157,119.86857203119347,41.733007669762387,198.00413639262456,120,136,124,2012_Q4
2012-12-31 12:00:00,224,166.13769059610331,88.002126234672232,244.27325495753439,157,144,135,2012_Q4
2012-12-31 13:00:00,203,173.32701778978483,95.191453428353753,251.46258215121591,224,169,70,2012_Q4
2012-12-31 14:00:00,247,153.43392837689746,75.298364015466376,231.56949273832853,203,160,46,2012_Q4
2012-12-31 15:00:00,315,197.25771179995002,119.12214743851894,275.3932761613811,247,138,33,2012_Q4
2012-12-31 16:00:00,214,296.6194427311583,218.48387836972722,374.75500709258938,315,133,33,2012_Q4
2012-12-31 17:00:00,164,252.5006417519748,174.36507739054372,330.63620611340588,214,123,26,2012_Q4
2012-12-31 18:00:00,122,144.74297934890276,66.607414987471685,222.87854371033384,164,125,26,2012_Q4
2012-12-31 19:00:00,119,100.00362519781108,21.868060836379996,178.13918955924214,122,102,18,2012_Q4
2012-12-31 20:00:00,89,92.492093705425461,14.356529343994382,170.62765806685655,119,72,23,2012_Q4
2012-12-31 21:00:00,90,65.071914537948714,0,143.20747889937979,89,47,22,2012_Q4
2012-12-31 22:00:00,61,59.587706872110786,0,137.72327123354188,90,36,12,2012_Q4
2012-12-31 23:00:00,49,34.092899795341395,0,112.22846415677247,61,49,11,2012_Q4
